JOURNAL,YEAR,VOLUME,ISSUE,editor_id,FIRST_NAME,MIDDLE_NAME,LAST_NAME,NAME,TITLE.x,CATEGORY,INST,UNIT,CITY,STATE,COUNTRY,geo.code,NOTES
JECOL,2013,101,1,1279,Gerhard,,Zotz,Gerhard Zotz,SE,SE,University of Oldenburg,NA,NA,Germany,Switzerland,CHE,
JECOL,2014,102,1,703,David,J,Gibson,David J Gibson,EIC,EIC,Southern Illinois University,"Center for Ecology, Department of Plant Biology",Carbondale,IL 62901-6509,USA,USA,
JECOL,2010,98,1,2408,Martin,,Heil,Martin Heil,SE,SE,CINVESTAV,NA,NA,Irapuato/Mexico,Germany,DEU,
JECOL,1985,73,1,3892,James ,B.,Grace,J Grace,SE,SE,NA,NA,Baton Rouge,Louisiana,US,USA,"2nd Address: University of Arkansas,Fayetteville,USA"
JECOL,2014,102,1,407,Caroline,,Brophy,Caroline Brophy,SE,SE,National University of Ireland,NA,NA,Maynooth,Ireland,IRL,
JECOL,2011,99,1,2408,Martin,,Heil,Martin Heil,SE,SE,CINVESTAV,NA,Irapuato,Mexico,Germany,DEU,
JECOL,2013,101,1,2408,Martin,,Heil,Martin Heil,SE,SE,CINVESTAV,NA,Irapuato,Mexico,Germany,DEU,
JECOL,2012,100,1,2408,Martin,,Heil,Martin Heil,SE,SE,CINVESTAV,NA,Iraputo,Mexico,Germany,DEU,
JECOL,2002,90,1,639,David,,Burslem,David Burslem,SE,SE,NA,NA,Aberdeen,NA,UK,GBR,
JECOL,2003,91,1,639,David,,Burslem,David Burslem,SE,SE,NA,NA,Aberdeen,NA,UK,GBR,
JECOL,2004,92,1,639,David,,Burslem,David Burslem,SE,SE,NA,NA,Aberdeen,NA,UK,GBR,
JECOL,1992,80,1,644,David,R,Causton,David R Causton,SE,SE,NA,NA,Aberystwyth,NA,UK,GBR,
JECOL,1993,81,1,644,David,R,Causton,David R Causton,SE,SE,NA,NA,Aberystwyth,NA,UK,GBR,
JECOL,2000,88,1,2753,Peter,,Alpert,Peter Alpert,SE,SE,NA,NA,Amherst,NA,USA,USA,
JECOL,2001,89,1,2753,Peter,,Alpert,Peter Alpert,SE,SE,NA,NA,Amherst,NA,USA,USA,
JECOL,2002,90,1,2753,Peter,,Alpert,Peter Alpert,SE,SE,NA,NA,Amherst,NA,USA,USA,
JECOL,2003,91,1,2753,Peter,,Alpert,Peter Alpert,SE,SE,NA,NA,Amherst,NA,USA,USA,
JECOL,2004,92,1,2753,Peter,,Alpert,Peter Alpert,SE,SE,NA,NA,Amherst,NA,USA,USA,
JECOL,1992,80,1,2338,M,J,Crawley,M J Crawley,SE,SE,NA,NA,Ascot,NA,UK,GBR,
JECOL,1993,81,1,2338,M,J,Crawley,M J Crawley,SE,SE,NA,NA,Ascot,NA,UK,GBR,
JECOL,1994,82,1,2338,M,J,Crawley,M J Crawley,SE,SE,NA,NA,Ascot,NA,UK,GBR,
JECOL,2000,88,1,553,Chris,J,Peterson,Chris J Peterson,SE,SE,NA,NA,Athens,NA,USA,USA,
JECOL,2001,89,1,553,Chris,J,Peterson,Chris J Peterson,SE,SE,NA,NA,Athens,NA,USA,USA,
JECOL,2002,90,1,553,Chris,J,Peterson,Chris J Peterson,SE,SE,NA,NA,Athens,NA,USA,USA,
JECOL,2003,91,1,553,Chris,J,Peterson,Chris J Peterson,SE,SE,NA,NA,Athens,NA,USA,USA,
JECOL,1998,86,1,3506,S,Joseph,Wright,S Joseph Wright,SE,SE,NA,NA,Balboa,NA,Panama,PAN,
JECOL,1999,87,1,3506,S,Joseph,Wright,S Joseph Wright,SE,SE,NA,NA,Balboa,NA,Panama,PAN,
JECOL,2000,88,1,3506,S,Joseph,Wright,S Joseph Wright,SE,SE,NA,NA,Balboa,NA,Panama,PAN,
JECOL,2001,89,1,3506,S,Joseph,Wright,S Joseph Wright,SE,SE,NA,NA,Balboa,NA,Panama,PAN,
JECOL,2002,90,1,3506,S,Joseph,Wright,S Joseph Wright,SE,SE,NA,NA,Balboa,NA,Panama,PAN,
JECOL,2003,91,1,3506,S,Joseph,Wright,S Joseph Wright,SE,SE,NA,NA,Balboa,NA,Panama,PAN,
JECOL,2004,92,1,3506,S,Joseph,Wright,S Joseph Wright,SE,SE,NA,NA,Balboa,NA,Panama,PAN,
JECOL,1998,86,1,1416,Ian,,Sanders,Ian Sanders,SE,SE,NA,NA,Basel,NA,Switzerland,CHE,
JECOL,1999,87,1,1416,Ian,,Sanders,Ian Sanders,SE,SE,NA,NA,Basel,NA,Switzerland,CHE,
JECOL,2000,88,1,1416,Ian,,Sanders,Ian Sanders,SE,SE,NA,NA,Basel,NA,Switzerland,CHE,
JECOL,2003,91,1,3108,Robert,L,Jefferies,Robert L Jefferies,SE,SE,NA,NA,Brighton,NA,Canada,CAN,
JECOL,1992,80,1,2419,Michael,J,Hutchings,Michael J Hutchings,SE,SE,NA,NA,Brighton,NA,UK,GBR,
JECOL,1993,81,1,2419,Michael,J,Hutchings,Michael J Hutchings,SE,SE,NA,NA,Brighton,NA,UK,GBR,
JECOL,1994,82,1,2419,Michael,J,Hutchings,Michael J Hutchings,SE,SE,NA,NA,Brighton,NA,UK,GBR,
JECOL,1995,83,1,2419,Michael,J,Hutchings,Michael J Hutchings,SE,SE,NA,NA,Brighton,NA,UK,GBR,
JECOL,1996,84,1,2419,Michael,J,Hutchings,Michael J Hutchings,SE,SE,NA,NA,Brighton,NA,UK,GBR,
JECOL,1997,85,1,2419,Michael,J,Hutchings,Michael J Hutchings,SE,SE,NA,NA,Brighton,NA,UK,GBR,
JECOL,1998,86,1,2419,Michael,J,Hutchings,Michael J Hutchings,SE,SE,NA,NA,Brighton,NA,UK,GBR,
JECOL,1999,87,1,2419,Michael,J,Hutchings,Michael J Hutchings,SE,SE,NA,NA,Brighton,NA,UK,GBR,
JECOL,2002,90,1,3353,Sue,E,Hartley,Sue E Hartley,SE,SE,NA,NA,Brighton,NA,UK,GBR,
JECOL,2003,91,1,3353,Sue,E,Hartley,Sue E Hartley,SE,SE,NA,NA,Brighton,NA,UK,GBR,
JECOL,2003,91,1,880,David,,Streeter,David Streeter,SE,SE,NA,NA,Brighton,NA,UK,GBR,
JECOL,2004,92,1,3353,Sue,E,Hartley,Sue E Hartley,SE,SE,NA,NA,Brighton,NA,UK,GBR,
JECOL,2004,92,1,880,David,,Streeter,David Streeter,SE,SE,NA,NA,Brighton,NA,UK,GBR,
JECOL,1999,87,1,2419,Michael,J,Hutchings,Michael J Hutchings,AE,AE,University of Sussex,NA,Brighton,NA,UK,GBR,
JECOL,2000,88,1,2419,Michael,J,Hutchings,Michael J Hutchings,AE,AE,University of Sussex,NA,Brighton,NA,UK,GBR,
JECOL,2001,89,1,2419,Michael,J,Hutchings,Michael J Hutchings,AE,AE,University of Sussex,NA,Brighton,NA,UK,GBR,
JECOL,2002,90,1,2419,Michael,J,Hutchings,Michael J Hutchings,AE,AE,University of Sussex,NA,Brighton,NA,UK,GBR,
JECOL,2004,92,1,2419,Michael,J,Hutchings,Michael J Hutchings,AE,AE,University of Sussex,NA,Brighton,NA,UK,GBR,
JECOL,2005,93,1,2419,Michael,J,Hutchings,Michael J Hutchings,EIC,EIC,University of Sussex,NA,Brighton,NA,UK,GBR,
JECOL,1992,80,1,2281,Mike,P,Austin,Mike P Austin,SE,SE,NA,NA,Canberra,NA,Australia,AUS,
JECOL,1993,81,1,2281,Mike,P,Austin,Mike P Austin,SE,SE,NA,NA,Canberra,NA,Australia,AUS,
JECOL,1993,81,1,703,David,J,Gibson,David J Gibson,SE,SE,NA,NA,Carbondale,NA,USA,USA,
JECOL,1994,82,1,703,David,J,Gibson,David J Gibson,SE,SE,NA,NA,Carbondale,NA,USA,USA,
JECOL,1995,83,1,703,David,J,Gibson,David J Gibson,SE,SE,NA,NA,Carbondale,NA,USA,USA,
JECOL,1996,84,1,703,David,J,Gibson,David J Gibson,SE,SE,NA,NA,Carbondale,NA,USA,USA,
JECOL,1997,85,1,703,David,J,Gibson,David J Gibson,SE,SE,NA,NA,Carbondale,NA,USA,USA,
JECOL,1998,86,1,703,David,J,Gibson,David J Gibson,SE,SE,NA,NA,Carbondale,NA,USA,USA,
JECOL,1999,87,1,703,David,J,Gibson,David J Gibson,SE,SE,NA,NA,Carbondale,NA,USA,USA,
JECOL,1999,87,1,703,David,J,Gibson,David J Gibson,AE,AE,Southern Illinois University,NA,Carbondale,NA,USA,USA,
JECOL,2000,88,1,703,David,J,Gibson,David J Gibson,AE,AE,Southern Illinois University,NA,Carbondale,NA,USA,USA,
JECOL,2001,89,1,703,David,J,Gibson,David J Gibson,AE,AE,Southern Illinois University,NA,Carbondale,NA,USA,USA,
JECOL,2002,90,1,703,David,J,Gibson,David J Gibson,AE,AE,Southern Illinois University,NA,Carbondale,NA,USA,USA,
JECOL,2003,91,1,703,David,J,Gibson,David J Gibson,AE,AE,Southern Illinois University,NA,Carbondale,NA,USA,USA,
JECOL,2004,92,1,703,David,J,Gibson,David J Gibson,AE,AE,Southern Illinois University,NA,Carbondale,NA,USA,USA,
JECOL,2005,93,1,703,David,J,Gibson,David J Gibson,AE,AE,Southern Illinois University,NA,Carbondale,NA,USA,USA,
JECOL,2006,94,1,703,David,J,Gibson,David J Gibson,AE,AE,Southern Illinois University,NA,Carbondale,NA,USA,USA,
JECOL,2007,95,1,703,David,J,Gibson,David J Gibson,AE,AE,Southern Illinois University,NA,Carbondale,NA,USA,USA,
JECOL,2008,96,1,703,David,J,Gibson,David J Gibson,AE,AE,Southern Illinois University,NA,Carbondale,NA,USA,USA,
JECOL,1992,80,1,2342,M,S,Davies,M S Davies,SE,SE,NA,NA,Cardiff,NA,UK,GBR,
JECOL,1993,81,1,2342,M,S,Davies,M S Davies,SE,SE,NA,NA,Cardiff,NA,UK,GBR,
JECOL,1997,85,1,1945,Jacob,,Weiner,Jacob Weiner,SE,SE,NA,NA,Copenhagen,NA,Denmark,DNK,
JECOL,1998,86,1,1945,Jacob,,Weiner,Jacob Weiner,SE,SE,NA,NA,Copenhagen,NA,Denmark,DNK,
JECOL,1999,87,1,1945,Jacob,,Weiner,Jacob Weiner,SE,SE,NA,NA,Copenhagen,NA,Denmark,DNK,
JECOL,2000,88,1,1945,Jacob,,Weiner,Jacob Weiner,SE,SE,NA,NA,Copenhagen,NA,Denmark,DNK,
JECOL,2001,89,1,1945,Jacob,,Weiner,Jacob Weiner,SE,SE,NA,NA,Copenhagen,NA,Denmark,DNK,
JECOL,2002,90,1,1945,Jacob,,Weiner,Jacob Weiner,SE,SE,NA,NA,Copenhagen,NA,Denmark,DNK,
JECOL,2003,91,1,1945,Jacob,,Weiner,Jacob Weiner,SE,SE,NA,NA,Copenhagen,NA,Denmark,DNK,
JECOL,2004,92,1,1945,Jacob,,Weiner,Jacob Weiner,SE,SE,NA,NA,Copenhagen,NA,Denmark,DNK,
JECOL,1992,80,1,1519,John,,Connolly,John Connolly,SE,SE,NA,NA,Dublin,NA,Ireland,IRL,
JECOL,1993,81,1,1519,John,,Connolly,John Connolly,SE,SE,NA,NA,Dublin,NA,Ireland,IRL,
JECOL,1992,80,1,3911,James,,White,James White,EIC,EIC,University of College,Department of Botany,Dublin,NA,Ireland,IRL,
JECOL,2003,91,1,2526,Michael,CF,Proctor,Michael CF Proctor,SE,SE,NA,NA,Exeter,NA,UK,GBR,
JECOL,2004,92,1,2526,Michael,CF,Proctor,Michael CF Proctor,SE,SE,NA,NA,Exeter,NA,UK,GBR,
JECOL,2000,88,1,3762,William,K,Lauenroth,William K Lauenroth,SE,SE,NA,NA,Fort Collins,NA,USA,USA,
JECOL,2001,89,1,3762,William,K,Lauenroth,William K Lauenroth,SE,SE,NA,NA,Fort Collins,NA,USA,USA,
JECOL,2002,90,1,3762,William,K,Lauenroth,William K Lauenroth,SE,SE,NA,NA,Fort Collins,NA,USA,USA,
JECOL,2003,91,1,3762,William,K,Lauenroth,William K Lauenroth,SE,SE,NA,NA,Fort Collins,NA,USA,USA,
JECOL,2004,92,1,3762,William,K,Lauenroth,William K Lauenroth,SE,SE,NA,NA,Fort Collins,NA,USA,USA,
JECOL,1995,83,1,3374,Susan,,Kalisz,Susan Kalisz,SE,SE,NA,NA,Hickory Coners,NA,USA,USA,
JECOL,1997,85,1,3562,Toshihiko,,Hara,Toshihiko Hara,SE,SE,NA,NA,Hokkaido,NA,Japan,JPN,
JECOL,1998,86,1,3562,Toshihiko,,Hara,Toshihiko Hara,SE,SE,NA,NA,Hokkaido,NA,Japan,JPN,
JECOL,1999,87,1,3562,Toshihiko,,Hara,Toshihiko Hara,SE,SE,NA,NA,Hokkaido,NA,Japan,JPN,
JECOL,2000,88,1,3562,Toshihiko,,Hara,Toshihiko Hara,SE,SE,NA,NA,Hokkaido,NA,Japan,JPN,
JECOL,2001,89,1,3562,Toshihiko,,Hara,Toshihiko Hara,SE,SE,NA,NA,Hokkaido,NA,Japan,JPN,
JECOL,2002,90,1,3562,Toshihiko,,Hara,Toshihiko Hara,SE,SE,NA,NA,Hokkaido,NA,Japan,JPN,
JECOL,2003,91,1,3562,Toshihiko,,Hara,Toshihiko Hara,SE,SE,NA,NA,Hokkaido,NA,Japan,JPN,
JECOL,1995,83,1,2070,Kurt,S,Pregitzer,Kurt S Pregitzer,SE,SE,NA,NA,Houghton,NA,USA,USA,
JECOL,1996,84,1,2070,Kurt,S,Pregitzer,Kurt S Pregitzer,SE,SE,NA,NA,Houghton,NA,USA,USA,
JECOL,1997,85,1,2070,Kurt,S,Pregitzer,Kurt S Pregitzer,SE,SE,NA,NA,Houghton,NA,USA,USA,
JECOL,1998,86,1,2070,Kurt,S,Pregitzer,Kurt S Pregitzer,SE,SE,NA,NA,Houghton,NA,USA,USA,
JECOL,2004,92,1,1070,Frank,S,Gilliam,Frank S Gilliam,SE,SE,NA,NA,Huntington,NA,USA,USA,
JECOL,2007,95,1,2977,Richard,D,Bardgett,Richard D Bardgett,AE,AE,Lancaster University,NA,Lancaster,NA,UK,GBR,
JECOL,2008,96,1,2977,Richard,D,Bardgett,Richard D Bardgett,AE,AE,Lancaster University,NA,Lancaster,NA,UK,GBR,
JECOL,2004,92,1,2977,Richard,D,Bardgett,Richard D Bardgett,SE,SE,NA,NA,Lancaster,NA,UK,GBR,
JECOL,2001,89,1,1416,Ian,,Sanders,Ian Sanders,SE,SE,NA,NA,Lausanne,NA,Switzerland,CHE,
JECOL,2002,90,1,1416,Ian,,Sanders,Ian Sanders,SE,SE,NA,NA,Lausanne,NA,Switzerland,CHE,
JECOL,2003,91,1,1416,Ian,,Sanders,Ian Sanders,SE,SE,NA,NA,Lausanne,NA,Switzerland,CHE,
JECOL,2004,92,1,1416,Ian,,Sanders,Ian Sanders,SE,SE,NA,NA,Lausanne,NA,Switzerland,CHE,
JECOL,1992,80,1,1036,Eddy,,VanDerMeijden,Eddy VanDerMeijden,SE,SE,NA,NA,Leiden,NA,Netherlands,NLD,
JECOL,1993,81,1,1036,Eddy,,VanDerMeijden,Eddy VanDerMeijden,SE,SE,NA,NA,Leiden,NA,Netherlands,NLD,
JECOL,1997,85,1,2849,Peter,,Klinkhamer,Peter Klinkhamer,SE,SE,NA,NA,Leiden,NA,Netherlands,NLD,
JECOL,1998,86,1,2849,Peter,,Klinkhamer,Peter Klinkhamer,SE,SE,NA,NA,Leiden,NA,Netherlands,NLD,
JECOL,1999,87,1,2849,Peter,,Klinkhamer,Peter Klinkhamer,SE,SE,NA,NA,Leiden,NA,Netherlands,NLD,
JECOL,2000,88,1,2849,Peter,,Klinkhamer,Peter Klinkhamer,SE,SE,NA,NA,Leiden,NA,Netherlands,NLD,
JECOL,2001,89,1,2849,Peter,,Klinkhamer,Peter Klinkhamer,SE,SE,NA,NA,Leiden,NA,Netherlands,NLD,
JECOL,2002,90,1,2849,Peter,,Klinkhamer,Peter Klinkhamer,SE,SE,NA,NA,Leiden,NA,Netherlands,NLD,
JECOL,2003,91,1,2849,Peter,,Klinkhamer,Peter Klinkhamer,SE,SE,NA,NA,Leiden,NA,Netherlands,NLD,
JECOL,2004,92,1,2849,Peter,,Klinkhamer,Peter Klinkhamer,SE,SE,NA,NA,Leiden,NA,Netherlands,NLD,
JECOL,2005,93,1,2869,Peter,D,Moore,Peter D Moore,SE,SE,King's College,NA,London,NA,UK,GBR,
JECOL,1992,80,1,2979,Richard,W,Battarbee,Richard W Battarbee,SE,SE,NA,NA,London,NA,UK,GBR,
JECOL,1993,81,1,2979,Richard,W,Battarbee,Richard W Battarbee,SE,SE,NA,NA,London,NA,UK,GBR,
JECOL,1994,82,1,2869,Peter,D,Moore,Peter D Moore,SE,SE,NA,NA,London,NA,UK,GBR,
JECOL,1995,83,1,2869,Peter,D,Moore,Peter D Moore,SE,SE,NA,NA,London,NA,UK,GBR,
JECOL,1996,84,1,2869,Peter,D,Moore,Peter D Moore,SE,SE,NA,NA,London,NA,UK,GBR,
JECOL,1997,85,1,2869,Peter,D,Moore,Peter D Moore,SE,SE,NA,NA,London,NA,UK,GBR,
JECOL,1998,86,1,2869,Peter,D,Moore,Peter D Moore,SE,SE,NA,NA,London,NA,UK,GBR,
JECOL,1999,87,1,2869,Peter,D,Moore,Peter D Moore,SE,SE,NA,NA,London,NA,UK,GBR,
JECOL,2000,88,1,2869,Peter,D,Moore,Peter D Moore,SE,SE,NA,NA,London,NA,UK,GBR,
JECOL,2001,89,1,2869,Peter,D,Moore,Peter D Moore,SE,SE,NA,NA,London,NA,UK,GBR,
JECOL,2002,90,1,2869,Peter,D,Moore,Peter D Moore,SE,SE,NA,NA,London,NA,UK,GBR,
JECOL,2003,91,1,2869,Peter,D,Moore,Peter D Moore,SE,SE,NA,NA,London,NA,UK,GBR,
JECOL,2004,92,1,2869,Peter,D,Moore,Peter D Moore,SE,SE,NA,NA,London,NA,UK,GBR,
JECOL,1995,83,1,1349,Honor,C,Prentice,Honor C Prentice,SE,SE,NA,NA,Lund,NA,Sweden,SWE,
JECOL,1996,84,1,1349,Honor,C,Prentice,Honor C Prentice,SE,SE,NA,NA,Lund,NA,Sweden,SWE,
JECOL,1997,85,1,1349,Honor,C,Prentice,Honor C Prentice,SE,SE,NA,NA,Lund,NA,Sweden,SWE,
JECOL,1998,86,1,1349,Honor,C,Prentice,Honor C Prentice,SE,SE,NA,NA,Lund,NA,Sweden,SWE,
JECOL,1999,87,1,1349,Honor,C,Prentice,Honor C Prentice,SE,SE,NA,NA,Lund,NA,Sweden,SWE,
JECOL,2000,88,1,1349,Honor,C,Prentice,Honor C Prentice,SE,SE,NA,NA,Lund,NA,Sweden,SWE,
JECOL,2001,89,1,1349,Honor,C,Prentice,Honor C Prentice,SE,SE,NA,NA,Lund,NA,Sweden,SWE,
JECOL,2002,90,1,1349,Honor,C,Prentice,Honor C Prentice,SE,SE,NA,NA,Lund,NA,Sweden,SWE,
JECOL,2003,91,1,1349,Honor,C,Prentice,Honor C Prentice,SE,SE,NA,NA,Lund,NA,Sweden,SWE,
JECOL,2004,92,1,1349,Honor,C,Prentice,Honor C Prentice,SE,SE,NA,NA,Lund,NA,Sweden,SWE,
JECOL,1992,80,1,1704,John,A,Lee,John A Lee,SE,SE,NA,NA,Manchester,NA,UK,GBR,
JECOL,1993,81,1,1704,John,A,Lee,John A Lee,SE,SE,NA,NA,Manchester,NA,UK,GBR,
JECOL,1994,82,1,1704,John,A,Lee,John A Lee,SE,SE,NA,NA,Manchester,NA,UK,GBR,
JECOL,1992,80,1,1872,Jonathan,,Silvertown,Jonathan Silvertown,SE,SE,NA,NA,Milton Keynes,NA,UK,GBR,
JECOL,1995,83,1,1872,Jonathan,,Silvertown,Jonathan Silvertown,EIC,EIC,Open University,NA,Milton Keynes,NA,UK,GBR,
JECOL,1996,84,1,1872,Jonathan,,Silvertown,Jonathan Silvertown,EIC,EIC,Open University,NA,Milton Keynes,NA,UK,GBR,
JECOL,1997,85,1,1872,Jonathan,,Silvertown,Jonathan Silvertown,EIC,EIC,Open University,NA,Milton Keynes,NA,UK,GBR,
JECOL,1998,86,1,1872,Jonathan,,Silvertown,Jonathan Silvertown,EIC,EIC,Open University,NA,Milton Keynes,NA,UK,GBR,
JECOL,1993,81,1,1872,Jonathan,,Silvertown,Jonathan Silvertown,EIC,EIC,Open Unversity,NA,Milton Keynes,NA,UK,GBR,
JECOL,1994,82,1,1872,Jonathan,,Silvertown,Jonathan Silvertown,EIC,EIC,Open Unversity,NA,Milton Keynes,NA,UK,GBR,
JECOL,2004,92,1,3009,Ragan,M,Callaway,Ragan M Callaway,SE,SE,NA,NA,Missoula,NA,USA,USA,
JECOL,1997,85,1,3385,Sandra,,Lavorel,Sandra Lavorel,SE,SE,NA,NA,Montpellier,NA,France,FRA,
JECOL,1998,86,1,3385,Sandra,,Lavorel,Sandra Lavorel,SE,SE,NA,NA,Montpellier,NA,France,FRA,
JECOL,1999,87,1,3385,Sandra,,Lavorel,Sandra Lavorel,SE,SE,NA,NA,Montpellier,NA,France,FRA,
JECOL,2000,88,1,3385,Sandra,,Lavorel,Sandra Lavorel,SE,SE,NA,NA,Montpellier,NA,France,FRA,
JECOL,2001,89,1,3385,Sandra,,Lavorel,Sandra Lavorel,SE,SE,NA,NA,Montpellier,NA,France,FRA,
JECOL,2002,90,1,3385,Sandra,,Lavorel,Sandra Lavorel,SE,SE,NA,NA,Montpellier,NA,France,FRA,
JECOL,2003,91,1,3385,Sandra,,Lavorel,Sandra Lavorel,SE,SE,NA,NA,Montpellier,NA,France,FRA,
JECOL,2005,93,1,639,David,,Burslem,David Burslem,SE,SE,Aberdeen University,NA,NA,NA,UK,GBR,
JECOL,2006,94,1,639,David,,Burslem,David Burslem,SE,SE,Aberdeen University,NA,NA,NA,UK,GBR,
JECOL,2007,95,1,639,David,,Burslem,David Burslem,SE,SE,Aberdeen University,NA,NA,NA,UK,GBR,
JECOL,2010,98,1,2586,Marcel,,VanDerHeijden,Marcel VanDerHeijden,SE,SE,ART Research Station,NA,NA,NA,Netherlands,NLD,
JECOL,2011,99,1,2586,Marcel,,VanDerHeijden,Marcel VanDerHeijden,SE,SE,ART Research Station,NA,NA,NA,Netherlands,NLD,
JECOL,2013,101,1,2586,Marcel,,VanDerHeijden,Marcel VanDerHeijden,SE,SE,ART Research Station,NA,NA,NA,Netherlands,NLD,
JECOL,2014,102,1,2586,Marcel,,VanDerHeijden,Marcel VanDerHeijden,SE,SE,ART Research Station,NA,NA,NA,Switzerland,CHE,
JECOL,2006,94,1,2997,Rob,,Brooker,Rob Brooker,SE,SE,Centre for Ecology and Hydrology,NA,NA,NA,UK,GBR,
JECOL,2008,96,1,557,Chris,,Preston,Chris Preston,SE,SE,Centre for Ecology and Hydrology,NA,NA,NA,UK,GBR,
JECOL,2009,97,1,557,Chris,,Preston,Chris Preston,SE,SE,Centre for Ecology and Hydrology,NA,NA,NA,UK,GBR,
JECOL,2009,97,1,3237,Rene,,VanDerWal,Rene VanDerWal,AE,AE,Centre for Ecology and Hydrology,NA,NA,NA,UK,GBR,
JECOL,2010,98,1,557,Chris,,Preston,Chris Preston,SE,SE,Centre for Ecology and Hydrology,NA,NA,NA,UK,GBR,
JECOL,2011,99,1,557,Chris,,Preston,Chris Preston,SE,SE,Centre for Ecology and Hydrology,NA,NA,NA,UK,GBR,
JECOL,2012,100,1,557,Chris,,Preston,Chris Preston,SE,SE,Centre for Ecology and Hydrology,NA,NA,NA,UK,GBR,
JECOL,2013,101,1,557,Chris,,Preston,Chris Preston,SE,SE,Centre for Ecology and Hydrology,NA,NA,NA,UK,GBR,
JECOL,2014,102,1,2406,Matt,,Heard,Matt Heard,SE,SE,Centre for Ecology and Hydrology,NA,NA,NA,UK,GBR,
JECOL,2014,102,1,557,Chris,,Preston,Chris Preston,SE,SE,Centre for Ecology and Hydrology,NA,NA,NA,UK,GBR,
JECOL,2014,102,1,1118,Frida,,Piper,Frida Piper,SE,SE,CIEP,NA,NA,NA,Chile,CHL,
JECOL,2014,102,1,2408,Martin,,Heil,Martin Heil,SE,SE,CINVESTAV,NA,NA,NA,Mexico,MEX,
JECOL,2014,102,1,3922,Melinda,,Smith,Melinda Smith,SE,SE,Colorado State University,NA,NA,NA,USA,USA,
JECOL,2005,93,1,1493,Jeremy,,Burdon,Jeremy Burdon,SE,SE,CSIRO,NA,NA,NA,Australia,AUS,
JECOL,2006,94,1,1493,Jeremy,,Burdon,Jeremy Burdon,SE,SE,CSIRO,NA,NA,NA,Australia,AUS,
JECOL,2007,95,1,1493,Jeremy,,Burdon,Jeremy Burdon,SE,SE,CSIRO,NA,NA,NA,Australia,AUS,
JECOL,2008,96,1,1493,Jeremy,,Burdon,Jeremy Burdon,SE,SE,CSIRO,NA,NA,NA,Australia,AUS,
JECOL,2009,97,1,1493,Jeremy,,Burdon,Jeremy Burdon,SE,SE,CSIRO,NA,NA,NA,Australia,AUS,
JECOL,2011,99,1,2938,Peter,,Thrall,Peter Thrall,SE,SE,CSIRO Plant Industry,NA,NA,NA,Australia,AUS,
JECOL,2012,100,1,2938,Peter,,Thrall,Peter Thrall,SE,SE,CSIRO Plant Industry,NA,NA,NA,Australia,AUS,
JECOL,2013,101,1,2938,Peter,,Thrall,Peter Thrall,SE,SE,CSIRO Plant Industry,NA,NA,NA,Australia,AUS,
JECOL,2005,93,1,2967,Rien,,Aerts,Rien Aerts,SE,SE,Free University Amsterdam,NA,NA,NA,Netherlands,NLD,
JECOL,2005,93,1,2586,Marcel,,VanDerHeijden,Marcel VanDerHeijden,SE,SE,Free University Amsterdam,NA,NA,NA,Netherlands,NLD,
JECOL,2006,94,1,2967,Rien,,Aerts,Rien Aerts,SE,SE,Free University Amsterdam,NA,NA,NA,Netherlands,NLD,
JECOL,2006,94,1,1293,Hans,,Cornelissen,Hans Cornelissen,SE,SE,Free University Amsterdam,NA,NA,NA,Netherlands,NLD,
JECOL,2006,94,1,2586,Marcel,,VanDerHeijden,Marcel VanDerHeijden,SE,SE,Free University Amsterdam,NA,NA,NA,Netherlands,NLD,
JECOL,2007,95,1,2967,Rien,,Aerts,Rien Aerts,SE,SE,Free University Amsterdam,NA,NA,NA,Netherlands,NLD,
JECOL,2007,95,1,1293,Hans,,Cornelissen,Hans Cornelissen,SE,SE,Free University Amsterdam,NA,NA,NA,Netherlands,NLD,
JECOL,2007,95,1,2586,Marcel,,VanDerHeijden,Marcel VanDerHeijden,SE,SE,Free University Amsterdam,NA,NA,NA,Netherlands,NLD,
JECOL,2008,96,1,2967,Rien,,Aerts,Rien Aerts,SE,SE,Free University Amsterdam,NA,NA,NA,Netherlands,NLD,
JECOL,2008,96,1,1293,Hans,,Cornelissen,Hans Cornelissen,SE,SE,Free University Amsterdam,NA,NA,NA,Netherlands,NLD,
JECOL,2008,96,1,2586,Marcel,,VanDerHeijden,Marcel VanDerHeijden,SE,SE,Free University Amsterdam,NA,NA,NA,Netherlands,NLD,
JECOL,2009,97,1,2967,Rien,,Aerts,Rien Aerts,SE,SE,Free University Amsterdam,NA,NA,NA,Netherlands,NLD,
JECOL,2009,97,1,1293,Hans,,Cornelissen,Hans Cornelissen,SE,SE,Free University Amsterdam,NA,NA,NA,Netherlands,NLD,
JECOL,2010,98,1,2967,Rien,,Aerts,Rien Aerts,SE,SE,Free University Amsterdam,NA,NA,NA,Netherlands,NLD,
JECOL,2010,98,1,1293,Hans,,Cornelissen,Hans Cornelissen,SE,SE,Free University Amsterdam,NA,NA,NA,Netherlands,NLD,
JECOL,2011,99,1,2967,Rien,,Aerts,Rien Aerts,SE,SE,Free University Amsterdam,NA,NA,NA,Netherlands,NLD,
JECOL,2011,99,1,1293,Hans,,Cornelissen,Hans Cornelissen,SE,SE,Free University Amsterdam,NA,NA,NA,Netherlands,NLD,
JECOL,2012,100,1,2967,Rien,,Aerts,Rien Aerts,SE,SE,Free University Amsterdam,NA,NA,NA,Netherlands,NLD,
JECOL,2012,100,1,1293,Hans,,Cornelissen,Hans Cornelissen,SE,SE,Free University Amsterdam,NA,NA,NA,Netherlands,NLD,
JECOL,2013,101,1,2967,Rien,,Aerts,Rien Aerts,SE,SE,Free University Amsterdam,NA,NA,NA,Netherlands,NLD,
JECOL,2013,101,1,1293,Hans,,Cornelissen,Hans Cornelissen,SE,SE,Free University Amsterdam,NA,NA,NA,Netherlands,NLD,
JECOL,2014,102,1,2967,Rien,,Aerts,Rien Aerts,SE,SE,Free University Amsterdam,NA,NA,NA,Netherlands,NLD,
JECOL,2014,102,1,1293,Hans,JHC,Cornelissen,Hans JHC Cornelissen,SE,SE,Free University Amsterdam,NA,NA,NA,Netherlands,NLD,
JECOL,2006,94,1,3171,Ran,,Nathan,Ran Nathan,SE,SE,Hebrew University of Jerusalem,NA,NA,NA,Israel,ISR,
JECOL,2007,95,1,3171,Ran,,Nathan,Ran Nathan,SE,SE,Hebrew University of Jerusalem,NA,NA,NA,Israel,ISR,
JECOL,2008,96,1,3171,Ran,,Nathan,Ran Nathan,SE,SE,Hebrew University of Jerusalem,NA,NA,NA,Israel,ISR,
JECOL,2009,97,1,3171,Ran,,Nathan,Ran Nathan,SE,SE,Hebrew University of Jerusalem,NA,NA,NA,Israel,ISR,
JECOL,2008,96,1,416,Charles,D,Canham,Charles D Canham,SE,SE,Institute of Ecosystem,NA,NA,NA,USA,USA,
JECOL,2009,97,1,416,Charles,D,Canham,Charles D Canham,SE,SE,Institute of Ecosystem Studies,NA,NA,NA,USA,USA,
JECOL,2010,98,1,416,Charles,D,Canham,Charles D Canham,SE,SE,Institute of Ecosystem Studies,NA,NA,NA,USA,USA,
JECOL,2011,99,1,416,Charles,D,Canham,Charles D Canham,SE,SE,Institute of Ecosystem Studies,NA,NA,NA,USA,USA,
JECOL,2012,100,1,416,Charles,D,Canham,Charles D Canham,SE,SE,Institute of Ecosystem Studies,NA,NA,NA,USA,USA,
JECOL,2013,101,1,416,Charles,D,Canham,Charles D Canham,SE,SE,Institute of Ecosystem Studies,NA,NA,NA,USA,USA,
JECOL,2014,102,1,416,Charles,D,Canham,Charles D Canham,SE,SE,Institute of Ecosystem Studies,NA,NA,NA,USA,USA,
JECOL,2010,98,1,2157,Lorena,,Gomez-Aparicio,Lorena Gomez-Aparicio,SE,SE,Instituto de Recursos Naturales& Agrobiologia,NA,NA,NA,Spain,ESP,
JECOL,2011,99,1,2157,Lorena,,Gomez-Aparicio,Lorena Gomez-Aparicio,SE,SE,Instituto de Recursos Naturales& Agrobiologia,NA,NA,NA,Spain,ESP,
JECOL,2012,100,1,2157,Lorena,,Gomez-Aparicio,Lorena Gomez-Aparicio,SE,SE,Instituto de Recursos Naturales& Agrobiologia,NA,NA,NA,Spain,ESP,
JECOL,2013,101,1,2157,Lorena,,Gomez-Aparicio,Lorena Gomez-Aparicio,SE,SE,Instituto de Recursos Naturales& Agrobiologia,NA,NA,NA,Spain,ESP,
JECOL,2014,102,1,2157,Lorena,,Gomez-Aparicio,Lorena Gomez-Aparicio,SE,SE,Instituto de Recursos Naturales& Agrobiologia,NA,NA,NA,Spain,ESP,
JECOL,2011,99,1,2150,Luis,Santamaria,Galdon,Luis Santamaria Galdon,SE,SE,Instituto Mediterraneo de Estudios Avanzados (IMEDEA),NA,NA,NA,USA,USA,
JECOL,2012,100,1,2150,Luis,Santamaria,Galdon,Luis Santamaria Galdon,SE,SE,Instituto Mediterraneo de Estudios Avanzados (IMEDEA),NA,NA,NA,USA,USA,
JECOL,2006,94,1,2869,Peter,D,Moore,Peter D Moore,SE,SE,King's College,NA,NA,NA,UK,GBR,
JECOL,2007,95,1,2869,Peter,D,Moore,Peter D Moore,SE,SE,King's College,NA,NA,NA,UK,GBR,
JECOL,2014,102,1,3192,Ryan,,Phillips,Ryan Phillips,SE,SE,Kings Park and Botanic Gardens,NA,NA,NA,Australia,AUS,
JECOL,2009,97,1,2977,Richard,D,Bardgett,Richard D Bardgett,SE,SE,Lancaster University,NA,NA,NA,UK,GBR,
JECOL,2010,98,1,2977,Richard,D,Bardgett,Richard D Bardgett,SE,SE,Lancaster University,NA,NA,NA,UK,GBR,
JECOL,2012,100,1,2977,Richard,D,Bardgett,Richard D Bardgett,SE,SE,Lancaster University,NA,NA,NA,UK,GBR,
JECOL,2013,101,1,2977,Richard,D,Bardgett,Richard D Bardgett,SE,SE,Lancaster University,NA,NA,NA,UK,GBR,
JECOL,2006,94,1,2765,Peter,J,Bellingham,Peter J Bellingham,SE,SE,Landcare Research,NA,NA,NA,New Zealand,NZL,
JECOL,2007,95,1,2765,Peter,J,Bellingham,Peter J Bellingham,SE,SE,Landcare Research,NA,NA,NA,New Zealand,NZL,
JECOL,2008,96,1,2765,Peter,J,Bellingham,Peter J Bellingham,SE,SE,Landcare Research,NA,NA,NA,New Zealand,NZL,
JECOL,2009,97,1,2765,Peter,J,Bellingham,Peter J Bellingham,SE,SE,Landcare Research,NA,NA,NA,New Zealand,NZL,
JECOL,2010,98,1,2765,Peter,J,Bellingham,Peter J Bellingham,SE,SE,Landcare Research,NA,NA,NA,New Zealand,NZL,
JECOL,2011,99,1,2765,Peter,J,Bellingham,Peter J Bellingham,SE,SE,Landcare Research,NA,NA,NA,New Zealand,NZL,
JECOL,2012,100,1,2765,Peter,J,Bellingham,Peter J Bellingham,SE,SE,Landcare Research,NA,NA,NA,New Zealand,NZL,
JECOL,2013,101,1,2765,Peter,J,Bellingham,Peter J Bellingham,SE,SE,Landcare Research,NA,NA,NA,New Zealand,NZL,
JECOL,2013,101,1,2470,Matthew,,McGlone,Matthew McGlone,SE,SE,Landcare Research,NA,NA,NA,New Zealand,NZL,
JECOL,2014,102,1,2765,Peter,J,Bellingham,Peter J Bellingham,SE,SE,Landcare Research,NA,NA,NA,New Zealand,NZL,
JECOL,2014,102,1,2470,Matthew,,McGlone,Matthew McGlone,SE,SE,Landcare Research,NA,NA,NA,New Zealand,NZL,
JECOL,2011,99,1,2977,Richard,D,Bardgett,Richard D Bardgett,SE,SE,Landcaster University,NA,NA,NA,UK,GBR,
JECOL,2005,93,1,2849,Peter,,Klinkhamer,Peter Klinkhamer,SE,SE,Leiden University,NA,NA,NA,Netherlands,NLD,
JECOL,2006,94,1,2849,Peter,,Klinkhamer,Peter Klinkhamer,SE,SE,Leiden University,NA,NA,NA,Netherlands,NLD,
JECOL,2007,95,1,2849,Peter,,Klinkhamer,Peter Klinkhamer,SE,SE,Leiden University,NA,NA,NA,Netherlands,NLD,
JECOL,2008,96,1,2849,Peter,,Klinkhamer,Peter Klinkhamer,SE,SE,Leiden University,NA,NA,NA,Netherlands,NLD,
JECOL,2009,97,1,2849,Peter,,Klinkhamer,Peter Klinkhamer,SE,SE,Leiden University,NA,NA,NA,Netherlands,NLD,
JECOL,2010,98,1,2849,Peter,,Klinkhamer,Peter Klinkhamer,SE,SE,Leiden University,NA,NA,NA,Netherlands,NLD,
JECOL,2011,99,1,2849,Peter,,Klinkhamer,Peter Klinkhamer,SE,SE,Leiden University,NA,NA,NA,Netherlands,NLD,
JECOL,2012,100,1,2849,Peter,,Klinkhamer,Peter Klinkhamer,SE,SE,Leiden University,NA,NA,NA,Netherlands,NLD,
JECOL,2013,101,1,2849,Peter,,Klinkhamer,Peter Klinkhamer,SE,SE,Leiden University,NA,NA,NA,Netherlands,NLD,
JECOL,2005,93,1,2013,Kyle,,Harms,Kyle Harms,SE,SE,Louisiana State Univeristy,NA,NA,NA,USA,USA,
JECOL,2006,94,1,2013,Kyle,,Harms,Kyle Harms,SE,SE,Louisiana State Univeristy,NA,NA,NA,USA,USA,
JECOL,2007,95,1,2013,Kyle,,Harms,Kyle Harms,SE,SE,Louisiana State Univeristy,NA,NA,NA,USA,USA,
JECOL,2008,96,1,2013,Kyle,,Harms,Kyle Harms,SE,SE,Louisiana State Univeristy,NA,NA,NA,USA,USA,
JECOL,2009,97,1,2013,Kyle,,Harms,Kyle Harms,SE,SE,Louisiana State Univeristy,NA,NA,NA,USA,USA,
JECOL,2010,98,1,2013,Kyle,,Harms,Kyle Harms,SE,SE,Louisiana State Univeristy,NA,NA,NA,USA,USA,
JECOL,2011,99,1,2013,Kyle,,Harms,Kyle Harms,SE,SE,Louisiana State Univeristy,NA,NA,NA,USA,USA,
JECOL,2012,100,1,2013,Kyle,,Harms,Kyle Harms,SE,SE,Louisiana State Univeristy,NA,NA,NA,USA,USA,
JECOL,2005,93,1,1349,Honor,C,Prentice,Honor C Prentice,SE,SE,Lund University,NA,NA,NA,Sweden,SWE,
JECOL,2006,94,1,1349,Honor,C,Prentice,Honor C Prentice,SE,SE,Lund University,NA,NA,NA,Sweden,SWE,
JECOL,2007,95,1,1349,Honor,C,Prentice,Honor C Prentice,SE,SE,Lund University,NA,NA,NA,Sweden,SWE,
JECOL,2008,96,1,1349,Honor,C,Prentice,Honor C Prentice,SE,SE,Lund University,NA,NA,NA,Sweden,SWE,
JECOL,2009,97,1,1349,Honor,C,Prentice,Honor C Prentice,SE,SE,Lund University,NA,NA,NA,Sweden,SWE,
JECOL,2010,98,1,1349,Honor,C,Prentice,Honor C Prentice,SE,SE,Lund University,NA,NA,NA,Sweden,SWE,
JECOL,2011,99,1,1349,Honor,C,Prentice,Honor C Prentice,SE,SE,Lund University,NA,NA,NA,Sweden,SWE,
JECOL,2012,100,1,1349,Honor,C,Prentice,Honor C Prentice,SE,SE,Lund University,NA,NA,NA,Sweden,SWE,
JECOL,2013,101,1,1349,Honor,C,Prentice,Honor C Prentice,SE,SE,Lund University,NA,NA,NA,Sweden,SWE,
JECOL,2014,102,1,1349,Honor,C,Prentice,Honor C Prentice,SE,SE,Lund University,NA,NA,NA,Sweden,SWE,
JECOL,2014,102,1,1699,Jennifer,,Lau,Jennifer Lau,SE,SE,Machigan State University,NA,NA,NA,USA,USA,
JECOL,2005,93,1,155,Angela,,Moles,Angela Moles,SE,SE,MacQuaire University,NA,NA,NA,Australia,AUS,
JECOL,2006,94,1,155,Angela,,Moles,Angela Moles,SE,SE,MacQuaire University,NA,NA,NA,Australia,AUS,
JECOL,2011,99,1,2446,Michelle,,Leishman,Michelle Leishman,SE,SE,Macquarie University,NA,NA,NA,Australia,AUS,
JECOL,2012,100,1,2446,Michelle,,Leishman,Michelle Leishman,SE,SE,Macquarie University,NA,NA,NA,Australia,AUS,
JECOL,2013,101,1,2446,Michelle,,Leishman,Michelle Leishman,SE,SE,Macquarie University,NA,NA,NA,Australia,AUS,
JECOL,2014,102,1,2446,Michelle,,Leishman,Michelle Leishman,SE,SE,Macquarie University,NA,NA,NA,Australia,AUS,
JECOL,2014,102,1,1070,Frank,S,Gilliam,Frank S Gilliam,SE,SE,Marshall Unin,NA,NA,NA,USA,USA,
JECOL,2005,93,1,1070,Frank,S,Gilliam,Frank S Gilliam,SE,SE,Marshall University,NA,NA,NA,USA,USA,
JECOL,2006,94,1,1070,Frank,S,Gilliam,Frank S Gilliam,SE,SE,Marshall University,NA,NA,NA,USA,USA,
JECOL,2007,95,1,1070,Frank,S,Gilliam,Frank S Gilliam,SE,SE,Marshall University,NA,NA,NA,USA,USA,
JECOL,2008,96,1,1070,Frank,S,Gilliam,Frank S Gilliam,SE,SE,Marshall University,NA,NA,NA,USA,USA,
JECOL,2009,97,1,1070,Frank,S,Gilliam,Frank S Gilliam,SE,SE,Marshall University,NA,NA,NA,USA,USA,
JECOL,2010,98,1,1070,Frank,S,Gilliam,Frank S Gilliam,SE,SE,Marshall University,NA,NA,NA,USA,USA,
JECOL,2011,99,1,1070,Frank,S,Gilliam,Frank S Gilliam,SE,SE,Marshall University,NA,NA,NA,USA,USA,
JECOL,2012,100,1,1070,Frank,S,Gilliam,Frank S Gilliam,SE,SE,Marshall University,NA,NA,NA,USA,USA,
JECOL,2013,101,1,1070,Frank,S,Gilliam,Frank S Gilliam,SE,SE,Marshall University,NA,NA,NA,USA,USA,
JECOL,2012,100,1,3210,Roberto,,Salguero-Gomez,Roberto Salguero-Gomez,SE,SE,Max Planck Institute for Demographic Research,NA,NA,NA,Australia,AUS,
JECOL,2013,101,1,3210,Roberto,,Salguero-Gomez,Roberto Salguero-Gomez,SE,SE,Max Planck Institute for Demographic Research,NA,NA,NA,Australia,AUS,
JECOL,2005,93,1,2408,Martin,,Heil,Martin Heil,SE,SE,Max Planck University,NA,NA,NA,Germany,DEU,
JECOL,2006,94,1,2408,Martin,,Heil,Martin Heil,SE,SE,Max Planck University,NA,NA,NA,Germany,DEU,
JECOL,2007,95,1,2408,Martin,,Heil,Martin Heil,SE,SE,Max Planck University,NA,NA,NA,Germany,DEU,
JECOL,2008,96,1,2408,Martin,,Heil,Martin Heil,SE,SE,Max Planck University,NA,NA,NA,Germany,DEU,
JECOL,2009,97,1,2408,Martin,,Heil,Martin Heil,SE,SE,Max Planck University,NA,NA,NA,Germany,DEU,
JECOL,2014,102,1,2696,Nathan,,Swenson,Nathan Swenson,SE,SE,Michigan State University,NA,NA,NA,USA,USA,
JECOL,2010,98,1,2938,Peter,,Thrall,Peter Thrall,SE,SE,No one by this name,NA,NA,NA,Australia,AUS,
JECOL,2014,102,1,3297,Scott,,Chamberlain,Scott Chamberlain,SE,SE,No one by this name,NA,NA,NA,Canada,CAN,
JECOL,2009,97,1,1370,Hanna,,Tuomisto,Hanna Tuomisto,SE,SE,No one by this name,NA,NA,NA,Finland,FIN,
JECOL,2010,98,1,1370,Hanna,,Tuomisto,Hanna Tuomisto,SE,SE,No one by this name,NA,NA,NA,Finland,FIN,
JECOL,2011,99,1,1370,Hanna,,Tuomisto,Hanna Tuomisto,SE,SE,no one by this name,NA,NA,NA,Finland,FIN,
JECOL,2012,100,1,1370,Hanna,,Tuomisto,Hanna Tuomisto,SE,SE,No one by this name,NA,NA,NA,Finland,FIN,
JECOL,2013,101,1,1370,Hanna,,Tuomisto,Hanna Tuomisto,SE,SE,No one by this name,NA,NA,NA,Finland,FIN,
JECOL,2012,100,1,2470,Matthew,,McGlone,Matthew McGlone,SE,SE,No one by this name,NA,NA,NA,New Zealand,NZL,
JECOL,2012,100,1,2994,Richard,,Bradshaw,Richard Bradshaw,SE,SE,No one by this name,NA,NA,NA,UK,GBR,
JECOL,2012,100,1,2534,Mark,,Rees,Mark Rees,AE,AE,No one by this name,NA,NA,NA,UK,GBR,
JECOL,2013,101,1,2994,Richard,,Bradshaw,Richard Bradshaw,SE,SE,No one by this name,NA,NA,NA,UK,GBR,
JECOL,2010,98,1,955,Ellen,,Damschen,Ellen Damschen,SE,SE,No one by this name,NA,NA,NA,USA,USA,
JECOL,2013,101,1,1226,Glenn,R,Matlack,Glenn R Matlack,SE,SE,Ohio University,NA,NA,NA,USA,USA,
JECOL,2014,102,1,1226,Glenn,R,Matlack,Glenn R Matlack,SE,SE,Ohio University,NA,NA,NA,USA,USA,
JECOL,2011,99,1,714,Dali,,Guo,Dali Guo,SE,SE,Peking University,NA,NA,NA,China,CHN,
JECOL,2012,100,1,714,Dali,,Guo,Dali Guo,SE,SE,Peking University,NA,NA,NA,China,CHN,
JECOL,2013,101,1,714,Dali,,Guo,Dali Guo,SE,SE,Peking University,NA,NA,NA,China,CHN,
JECOL,2014,102,1,714,Dali,,Guo,Dali Guo,SE,SE,Pekinn,NA,NA,NA,China,CHN,
JECOL,2005,93,1,1296,Hans,,DeKroon,Hans DeKroon,SE,SE,Radboud University,NA,NA,NA,Netherlands,NLD,
JECOL,2005,93,1,1794,Joop,,Ouborg,Joop Ouborg,SE,SE,Radboud University,NA,NA,NA,Netherlands,NLD,
JECOL,2006,94,1,1296,Hans,,DeKroon,Hans DeKroon,SE,SE,Radboud University,NA,NA,NA,Netherlands,NLD,
JECOL,2006,94,1,1794,Joop,,Ouborg,Joop Ouborg,SE,SE,Radboud University,NA,NA,NA,Netherlands,NLD,
JECOL,2007,95,1,1296,Hans,,DeKroon,Hans DeKroon,SE,SE,Radboud University,NA,NA,NA,Netherlands,NLD,
JECOL,2007,95,1,1794,Joop,,Ouborg,Joop Ouborg,SE,SE,Radboud University,NA,NA,NA,Netherlands,NLD,
JECOL,2008,96,1,1296,Hans,,DeKroon,Hans DeKroon,SE,SE,Radboud University,NA,NA,NA,Netherlands,NLD,
JECOL,2008,96,1,1794,Joop,,Ouborg,Joop Ouborg,SE,SE,Radboud University,NA,NA,NA,Netherlands,NLD,
JECOL,2009,97,1,1296,Hans,,DeKroon,Hans DeKroon,SE,SE,Radboud University,NA,NA,NA,Netherlands,NLD,
JECOL,2009,97,1,1794,Joop,,Ouborg,Joop Ouborg,SE,SE,Radboud University,NA,NA,NA,Netherlands,NLD,
JECOL,2010,98,1,1296,Hans,,DeKroon,Hans DeKroon,SE,SE,Radboud University,NA,NA,NA,Netherlands,NLD,
JECOL,2010,98,1,1794,Joop,,Ouborg,Joop Ouborg,SE,SE,Radboud University,NA,NA,NA,Netherlands,NLD,
JECOL,2011,99,1,1296,Hans,,DeKroon,Hans DeKroon,SE,SE,Radboud University,NA,NA,NA,Netherlands,NLD,
JECOL,2012,100,1,1296,Hans,,DeKroon,Hans DeKroon,SE,SE,Radboud University,NA,NA,NA,Netherlands,NLD,
JECOL,2013,101,1,1296,Hans,,DeKroon,Hans DeKroon,SE,SE,Radboud University,NA,NA,NA,Netherlands,NLD,
JECOL,2014,102,1,1296,Hans,,DeKroon,Hans DeKroon,SE,SE,Radboud University,NA,NA,NA,Netherlands,NLD,
JECOL,2012,100,1,984,Eelke,,Jongejans,Eelke Jongejans,SE,SE,Radboud University Nijmegen,NA,NA,NA,Netherlands,NLD,
JECOL,2013,101,1,984,Eelke,,Jongejans,Eelke Jongejans,SE,SE,Radboud University Nijmegen,NA,NA,NA,Netherlands,NLD,
JECOL,2014,102,1,984,Eelke,,Jongejans,Eelke Jongejans,SE,SE,Radboud University Nijmegen,NA,NA,NA,Netherlands,NLD,
JECOL,2012,100,1,3297,Scott,,Chamberlain,Scott Chamberlain,SE,SE,Rice University,NA,NA,NA,Canada,CAN,
JECOL,2013,101,1,3297,Scott,,Chamberlain,Scott Chamberlain,SE,SE,Rice University,NA,NA,NA,Canada,CAN,
JECOL,2012,100,1,2109,Ken,,Whitney,Ken Whitney,SE,SE,Rice University,NA,NA,NA,USA,USA,
JECOL,2013,101,1,2109,Ken,,Whitney,Ken Whitney,SE,SE,Rice University,NA,NA,NA,USA,USA,
JECOL,2014,102,1,2109,Kenneth,D,Whitney,Kenneth D Whitney,SE,SE,Rice University,NA,NA,NA,USA,USA,
JECOL,2005,93,1,1945,Jacob,,Weiner,Jacob Weiner,SE,SE,Royal Veterinary&Agricultural University,NA,NA,NA,Denmark,DNK,
JECOL,2006,94,1,1945,Jacob,,Weiner,Jacob Weiner,SE,SE,Royal Veterinary&Agricultural University,NA,NA,NA,Denmark,DNK,
JECOL,2009,97,1,703,David,J,Gibson,David J Gibson,SE,SE,Southern Illinois University,NA,NA,NA,USA,USA,
JECOL,2010,98,1,703,David,J,Gibson,David J Gibson,SE,SE,Southern Illinois University,NA,NA,NA,USA,USA,
JECOL,2010,98,1,3474,Sedonia,,Sipes,Sedonia Sipes,SE,SE,Southern Illinois University,NA,NA,NA,USA,USA,
JECOL,2011,99,1,703,David,J,Gibson,David J Gibson,SE,SE,Southern Illinois University,NA,NA,NA,USA,USA,
JECOL,2011,99,1,3474,Sedonia,,Sipes,Sedonia Sipes,SE,SE,Southern Illinois University,NA,NA,NA,USA,USA,
JECOL,2012,100,1,703,David,J,Gibson,David J Gibson,SE,SE,Southern Illinois University,NA,NA,NA,USA,USA,
JECOL,2012,100,1,3474,Sedonia,,Sipes,Sedonia Sipes,SE,SE,Southern Illinois University,NA,NA,NA,USA,USA,
JECOL,2013,101,1,703,David,J,Gibson,David J Gibson,EIC,EIC,Southern Illinois University,NA,NA,NA,USA,USA,
JECOL,2014,102,1,1390,Ignasi,,Bartomeus,Ignasi Bartomeus,SE,SE,Swedish University of Agricultural Sciences,NA,NA,NA,Sweden,SWE,
JECOL,2014,102,1,904,David,A,Wardle,David A Wardle,SE,SE,Swedish University of Agricultural Sciences,NA,NA,NA,Sweden,SWE,
JECOL,2008,96,1,1582,Jason,,Fridley,Jason Fridley,SE,SE,Syracuse University,NA,NA,NA,USA,USA,
JECOL,2009,97,1,1582,Jason,,Fridley,Jason Fridley,SE,SE,Syracuse University,NA,NA,NA,USA,USA,
JECOL,2010,98,1,1582,Jason,,Fridley,Jason Fridley,SE,SE,Syracuse University,NA,NA,NA,USA,USA,
JECOL,2011,99,1,1582,Jason,,Fridley,Jason Fridley,SE,SE,Syracuse University,NA,NA,NA,USA,USA,
JECOL,2012,100,1,1582,Jason,,Fridley,Jason Fridley,SE,SE,Syracuse University,NA,NA,NA,USA,USA,
JECOL,2013,101,1,1582,Jason,,Fridley,Jason Fridley,SE,SE,Syracuse University,NA,NA,NA,USA,USA,
JECOL,2014,102,1,1582,Jason,,Fridley,Jason Fridley,SE,SE,Syracuse University,NA,NA,NA,USA,USA,
JECOL,2009,97,1,3466,Susan,,Schwinning,Susan Schwinning,SE,SE,Texas State University,NA,NA,NA,USA,USA,
JECOL,2010,98,1,3466,Susan,,Schwinning,Susan Schwinning,SE,SE,Texas State University,NA,NA,NA,USA,USA,
JECOL,2011,99,1,3466,Susan,,Schwinning,Susan Schwinning,SE,SE,Texas State University,NA,NA,NA,USA,USA,
JECOL,2012,100,1,3466,Susan,,Schwinning,Susan Schwinning,SE,SE,Texas State University,NA,NA,NA,USA,USA,
JECOL,2013,101,1,3466,Susan,,Schwinning,Susan Schwinning,SE,SE,Texas State University,NA,NA,NA,USA,USA,
JECOL,2014,102,1,3466,Susan,,Schwinning,Susan Schwinning,SE,SE,Texas State University,NA,NA,NA,USA,USA,
JECOL,2007,95,1,2997,Rob,,Brooker,Rob Brooker,SE,SE,The Macaulay Institute,NA,NA,NA,UK,GBR,
JECOL,2008,96,1,2997,Rob,,Brooker,Rob Brooker,SE,SE,The Macaulay Institute,NA,NA,NA,UK,GBR,
JECOL,2009,97,1,2997,Rob,,Brooker,Rob Brooker,SE,SE,The Macaulay Institute,NA,NA,NA,UK,GBR,
JECOL,2010,98,1,2997,Rob,,Brooker,Rob Brooker,SE,SE,The Macaulay Institute,NA,NA,NA,UK,GBR,
JECOL,2011,99,1,2997,Rob,,Brooker,Rob Brooker,SE,SE,The Macaulay Institute,NA,NA,NA,UK,GBR,
JECOL,2012,100,1,2997,Rob,,Brooker,Rob Brooker,SE,SE,The Macaulay Institute,NA,NA,NA,UK,GBR,
JECOL,2013,101,1,2997,Rob,,Brooker,Rob Brooker,SE,SE,The Macaulay Institute,NA,NA,NA,UK,GBR,
JECOL,2014,102,1,1065,Franciska,,DeVires,Franciska DeVires,SE,SE,The University of Manchester,NA,NA,NA,UK,GBR,
JECOL,2005,93,1,539,Christer,,Nilsson,Christer Nilsson,SE,SE,Umea University,NA,NA,NA,Sweden,SWE,
JECOL,2006,94,1,539,Christer,,Nilsson,Christer Nilsson,SE,SE,Umea University,NA,NA,NA,Sweden,SWE,
JECOL,2007,95,1,539,Christer,,Nilsson,Christer Nilsson,SE,SE,Umea University,NA,NA,NA,Sweden,SWE,
JECOL,2008,96,1,539,Christer,,Nilsson,Christer Nilsson,SE,SE,Umea University,NA,NA,NA,Sweden,SWE,
JECOL,2009,97,1,539,Christer,,Nilsson,Christer Nilsson,SE,SE,Umea University,NA,NA,NA,Sweden,SWE,
JECOL,2010,98,1,539,Christer,,Nilsson,Christer Nilsson,SE,SE,Umea University,NA,NA,NA,Sweden,SWE,
JECOL,2011,99,1,539,Christer,,Nilsson,Christer Nilsson,SE,SE,Umea University,NA,NA,NA,Sweden,SWE,
JECOL,2012,100,1,539,Christer,,Nilsson,Christer Nilsson,SE,SE,Umea University,NA,NA,NA,Sweden,SWE,
JECOL,2013,101,1,539,Christer,,Nilsson,Christer Nilsson,SE,SE,Umea University,NA,NA,NA,Sweden,SWE,
JECOL,2014,102,1,539,Christer,,Nilsson,Christer Nilsson,SE,SE,Umea University,NA,NA,NA,Sweden,SWE,
JECOL,2009,97,1,1785,Jonathan,A,Newman,Jonathan A Newman,SE,SE,Univeristy of Guelph,NA,NA,NA,Canada,CAN,
JECOL,2005,93,1,2753,Peter,,Alpert,Peter Alpert,SE,SE,Univeristy of Massachusetts,NA,NA,NA,USA,USA,
JECOL,2007,95,1,2753,Peter,,Alpert,Peter Alpert,SE,SE,Univeristy of Massachusetts,NA,NA,NA,USA,USA,
JECOL,2010,98,1,2267,Marcelo,,Aizen,Marcelo Aizen,SE,SE,Universidad Nacional del Comahue,NA,NA,NA,Argentina,ARG,
JECOL,2011,99,1,2267,Marcelo,,Aizen,Marcelo Aizen,SE,SE,Universidad Nacional del Comahue,NA,NA,NA,Argentina,ARG,
JECOL,2011,99,1,3580,Thomas,,Kitzberger,Thomas Kitzberger,SE,SE,Universidad Nacional del Comahue,NA,NA,NA,Argentina,ARG,
JECOL,2012,100,1,2267,Marcelo,,Aizen,Marcelo Aizen,SE,SE,Universidad Nacional del Comahue,NA,NA,NA,Argentina,ARG,
JECOL,2012,100,1,3580,Thomas,,Kitzberger,Thomas Kitzberger,SE,SE,Universidad Nacional del Comahue,NA,NA,NA,Argentina,ARG,
JECOL,2013,101,1,2267,Marcelo,,Aizen,Marcelo Aizen,SE,SE,Universidad Nacional del Comahue,NA,NA,NA,Argentina,ARG,
JECOL,2013,101,1,3580,Thomas,,Kitzberger,Thomas Kitzberger,SE,SE,Universidad Nacional del Comahue,NA,NA,NA,Argentina,ARG,
JECOL,2014,102,1,3385,Sandra,,Lavorel,Sandra Lavorel,SE,SE,Universite Joseph Fourier,NA,NA,NA,France,FRA,
JECOL,2009,97,1,1106,Fergus,,Massey,Fergus Massey,SE,SE,University of Aberdeen,NA,NA,NA,UK,GBR,
JECOL,2010,98,1,1106,Fergus,,Massey,Fergus Massey,SE,SE,University of Aberdeen,NA,NA,NA,UK,GBR,
JECOL,2010,98,1,3237,Rene,,VanDerWal,Rene VanDerWal,AE,AE,University of Aberdeen,NA,NA,NA,UK,GBR,
JECOL,2005,93,1,1496,James,,Cahill,James Cahill,SE,SE,University of Alberta,NA,NA,NA,Canada,CAN,
JECOL,2006,94,1,1496,James,,Cahill,James Cahill,SE,SE,University of Alberta,NA,NA,NA,Canada,CAN,
JECOL,2007,95,1,1496,James,,Cahill,James Cahill,SE,SE,University of Alberta,NA,NA,NA,Canada,CAN,
JECOL,2008,96,1,1496,James,,Cahill,James Cahill,SE,SE,University of Alberta,NA,NA,NA,Canada,CAN,
JECOL,2009,97,1,1496,James,,Cahill,James Cahill,SE,SE,University of Alberta,NA,NA,NA,Canada,CAN,
JECOL,2010,98,1,1496,James,,Cahill,James Cahill,SE,SE,University of Alberta,NA,NA,NA,Canada,CAN,
JECOL,2011,99,1,1496,James,,Cahill,James Cahill,SE,SE,University of Alberta,NA,NA,NA,Canada,CAN,
JECOL,2012,100,1,1496,James,,Cahill,James Cahill,SE,SE,University of Alberta,NA,NA,NA,Canada,CAN,
JECOL,2013,101,1,1496,James,,Cahill,James Cahill,SE,SE,University of Alberta,NA,NA,NA,Canada,CAN,
JECOL,2014,102,1,1496,James,,Cahill,James Cahill,SE,SE,University of Alberta,NA,NA,NA,Canada,CAN,
JECOL,2006,94,1,3466,Susan,,Schwinning,Susan Schwinning,SE,SE,University of Arizona,NA,NA,NA,USA,USA,
JECOL,2010,98,1,1485,Judith,L,Bronstein,Judith L Bronstein,SE,SE,University of Arizona,NA,NA,NA,USA,USA,
JECOL,2011,99,1,1485,Judith,L,Bronstein,Judith L Bronstein,SE,SE,University of Arizona,NA,NA,NA,USA,USA,
JECOL,2012,100,1,1485,Judith,L,Bronstein,Judith L Bronstein,SE,SE,University of Arizona,NA,NA,NA,USA,USA,
JECOL,2014,102,1,2680,Nicole,,Rafferty,Nicole Rafferty,SE,SE,University of Arizona,NA,NA,NA,USA,USA,
JECOL,2005,93,1,1279,Gerhard,,Zotz,Gerhard Zotz,SE,SE,University of Basel,NA,NA,NA,Switzerland,CHE,
JECOL,2006,94,1,1279,Gerhard,,Zotz,Gerhard Zotz,SE,SE,University of Basel,NA,NA,NA,Switzerland,CHE,
JECOL,2005,93,1,2841,Peter,,Jolliffe,Peter Jolliffe,SE,SE,University of British Columbia,NA,NA,NA,Canada,CAN,
JECOL,2005,93,1,3234,Roy,,Turkington,Roy Turkington,SE,SE,University of British Columbia,NA,NA,NA,Canada,CAN,
JECOL,2006,94,1,3234,Roy,,Turkington,Roy Turkington,SE,SE,University of British Columbia,NA,NA,NA,Canada,CAN,
JECOL,2007,95,1,3234,Roy,,Turkington,Roy Turkington,SE,SE,University of British Columbia,NA,NA,NA,Canada,CAN,
JECOL,2008,96,1,3234,Roy,,Turkington,Roy Turkington,SE,SE,University of British Columbia,NA,NA,NA,Canada,CAN,
JECOL,2009,97,1,3234,Roy,,Turkington,Roy Turkington,SE,SE,University of British Columbia,NA,NA,NA,Canada,CAN,
JECOL,2010,98,1,3234,Roy,,Turkington,Roy Turkington,SE,SE,University of British Columbia,NA,NA,NA,Canada,CAN,
JECOL,2011,99,1,3234,Roy,,Turkington,Roy Turkington,SE,SE,University of British Columbia,NA,NA,NA,Canada,CAN,
JECOL,2011,99,1,9,Amy,T,Austin,Amy T Austin,SE,SE,University of Buenos Aires,NA,NA,NA,Argentina,ARG,
JECOL,2012,100,1,9,Amy,T,Austin,Amy T Austin,SE,SE,University of Buenos Aires,NA,NA,NA,Argentina,ARG,
JECOL,2013,101,1,9,Amy,T,Austin,Amy T Austin,SE,SE,University of Buenos Aires,NA,NA,NA,Argentina,ARG,
JECOL,2014,102,1,9,Amy,T,Austin,Amy T Austin,AE,AE,University of Buenos Aires and IFEVA,NA,NA,NA,Argentina,ARG,
JECOL,2011,99,1,655,David,,Coomes,David Coomes,SE,SE,University of Cambridge,NA,NA,NA,UK,GBR,
JECOL,2012,100,1,655,David,,Coomes,David Coomes,SE,SE,University of Cambridge,NA,NA,NA,UK,GBR,
JECOL,2013,101,1,655,David,,Coomes,David Coomes,SE,SE,University of Cambridge,NA,NA,NA,UK,GBR,
JECOL,2014,102,1,655,David,,Coomes,David Coomes,SE,SE,University of Cambridge,NA,NA,NA,UK,GBR,
JECOL,2006,94,1,2579,Matthew,,Turnbull,Matthew Turnbull,SE,SE,University of Canterbury,NA,NA,NA,New Zealand,NZL,
JECOL,2007,95,1,2579,Matthew,,Turnbull,Matthew Turnbull,SE,SE,University of Canterbury,NA,NA,NA,New Zealand,NZL,
JECOL,2008,96,1,2579,Matthew,,Turnbull,Matthew Turnbull,SE,SE,University of Canterbury,NA,NA,NA,New Zealand,NZL,
JECOL,2009,97,1,2579,Matthew,,Turnbull,Matthew Turnbull,SE,SE,University of Canterbury,NA,NA,NA,New Zealand,NZL,
JECOL,2010,98,1,2579,Matthew,,Turnbull,Matthew Turnbull,SE,SE,University of Canterbury,NA,NA,NA,New Zealand,NZL,
JECOL,2011,99,1,2579,Matthew,,Turnbull,Matthew Turnbull,SE,SE,University of Canterbury,NA,NA,NA,New Zealand,NZL,
JECOL,2012,100,1,2579,Matthew,,Turnbull,Matthew Turnbull,SE,SE,University of Canterbury,NA,NA,NA,New Zealand,NZL,
JECOL,2013,101,1,2579,Matthew,,Turnbull,Matthew Turnbull,SE,SE,University of Canterbury,NA,NA,NA,New Zealand,NZL,
JECOL,2014,102,1,2579,Matthew,,Turnbull,Matthew Turnbull,SE,SE,University of Canterbury,NA,NA,NA,New Zealand,NZL,
JECOL,2011,99,1,3850,Andy,,Dyer,Andy Dyer,SE,SE,University of Carolina Aiken,NA,NA,NA,USA,USA,
JECOL,2012,100,1,3850,Andy,,Dyer,Andy Dyer,SE,SE,University of Carolina Aiken,NA,NA,NA,USA,USA,
JECOL,2013,101,1,3850,Andy,,Dyer,Andy Dyer,SE,SE,University of Carolina Aiken,NA,NA,NA,USA,USA,
JECOL,2014,102,1,3849,Andrew,R,Dyer,Andrew R Dyer,SE,SE,University of Carolina Aiken,NA,NA,NA,USA,USA,
JECOL,2007,95,1,50,Anthony,J,Davy,Anthony J Davy,SE,SE,University of East Anglia,NA,NA,NA,UK,GBR,
JECOL,2009,97,1,50,Anthony,J,Davy,Anthony J Davy,SE,SE,University of East Anglia,NA,NA,NA,UK,GBR,
JECOL,2010,98,1,50,Anthony,J,Davy,Anthony J Davy,SE,SE,University of East Anglia,NA,NA,NA,UK,GBR,
JECOL,2011,99,1,50,Anthony,J,Davy,Anthony J Davy,SE,SE,University of East Anglia,NA,NA,NA,UK,GBR,
JECOL,2012,100,1,50,Anthony,J,Davy,Anthony J Davy,SE,SE,University of East Anglia,NA,NA,NA,UK,GBR,
JECOL,2013,101,1,50,Anthony,J,Davy,Anthony J Davy,SE,SE,University of East Anglia,NA,NA,NA,UK,GBR,
JECOL,2014,102,1,50,Anthony,J,Davy,Anthony J Davy,SE,SE,University of East Anglia,NA,NA,NA,UK,GBR,
JECOL,2005,93,1,2526,Michael,CF,Proctor,Michael CF Proctor,SE,SE,University of Exeter,NA,NA,NA,UK,GBR,
JECOL,2006,94,1,2526,Michael,CF,Proctor,Michael CF Proctor,SE,SE,University of Exeter,NA,NA,NA,UK,GBR,
JECOL,2007,95,1,2526,Michael,CF,Proctor,Michael CF Proctor,SE,SE,University of Exeter,NA,NA,NA,UK,GBR,
JECOL,2008,96,1,2526,Michael,CF,Proctor,Michael CF Proctor,SE,SE,University of Exeter,NA,NA,NA,UK,GBR,
JECOL,2009,97,1,2526,Michael,CF,Proctor,Michael CF Proctor,SE,SE,University of Exeter,NA,NA,NA,UK,GBR,
JECOL,2009,97,1,880,David,,Streeter,David Streeter,SE,SE,University of Exeter,NA,NA,NA,UK,GBR,
JECOL,2010,98,1,2526,Michael,CF,Proctor,Michael CF Proctor,SE,SE,University of Exeter,NA,NA,NA,UK,GBR,
JECOL,2011,99,1,2526,Michael,CF,Proctor,Michael CF Proctor,SE,SE,University of Exeter,NA,NA,NA,UK,GBR,
JECOL,2012,100,1,2526,Michael,CF,Proctor,Michael CF Proctor,SE,SE,University of Exeter,NA,NA,NA,UK,GBR,
JECOL,2013,101,1,2526,Michael,CF,Proctor,Michael CF Proctor,SE,SE,University of Exeter,NA,NA,NA,UK,GBR,
JECOL,2014,102,1,2526,Michael,CF,Proctor,Michael CF Proctor,SE,SE,University of Exeter,NA,NA,NA,UK,GBR,
JECOL,2011,99,1,357,Brian,,Silliman,Brian Silliman,SE,SE,University of Florida,NA,NA,NA,USA,USA,
JECOL,2012,100,1,357,Brian,,Silliman,Brian Silliman,SE,SE,University of Florida,NA,NA,NA,USA,USA,
JECOL,2013,101,1,357,Brian,,Silliman,Brian Silliman,SE,SE,University of Florida,NA,NA,NA,USA,USA,
JECOL,2014,102,1,357,Brian,,Silliman,Brian Silliman,SE,SE,University of Florida,NA,NA,NA,USA,USA,
JECOL,2012,100,1,2707,Nina,,Wurzburger,Nina Wurzburger,SE,SE,University of Georgia,NA,NA,NA,USA,USA,
JECOL,2013,101,1,3219,Richard,P,Shefferson,Richard P Shefferson,SE,SE,University of Georgia,NA,NA,NA,USA,USA,
JECOL,2013,101,1,2707,Nina,,Wurzburger,Nina Wurzburger,SE,SE,University of Georgia,NA,NA,NA,USA,USA,
JECOL,2014,102,1,3219,Richard,P,Shefferson,Richard P Shefferson,SE,SE,University of Georgia,NA,NA,NA,USA,USA,
JECOL,2014,102,1,2707,Nina,,Wurzburger,Nina Wurzburger,SE,SE,University of Georgia,NA,NA,NA,USA,USA,
JECOL,2006,94,1,1785,Jonathan,A,Newman,Jonathan A Newman,SE,SE,University of Guelph,NA,NA,NA,Canada,CAN,
JECOL,2007,95,1,1785,Jonathan,A,Newman,Jonathan A Newman,SE,SE,University of Guelph,NA,NA,NA,Canada,CAN,
JECOL,2008,96,1,1785,Jonathan,A,Newman,Jonathan A Newman,SE,SE,University of Guelph,NA,NA,NA,Canada,CAN,
JECOL,2010,98,1,1785,Jonathan,A,Newman,Jonathan A Newman,SE,SE,University of Guelph,NA,NA,NA,Canada,CAN,
JECOL,2011,99,1,1785,Jonathan,A,Newman,Jonathan A Newman,SE,SE,University of Guelph,NA,NA,NA,Canada,CAN,
JECOL,2012,100,1,1785,Jonathan,A,Newman,Jonathan A Newman,SE,SE,University of Guelph,NA,NA,NA,Canada,CAN,
JECOL,2013,101,1,1785,Jonathan,A,Newman,Jonathan A Newman,SE,SE,University of Guelph,NA,NA,NA,Canada,CAN,
JECOL,2014,102,1,141,Andrew,,MacDougall,Andrew MacDougall,SE,SE,University of Guelph,NA,NA,NA,Canada,CAN,
JECOL,2014,102,1,1785,Jonathan,A,Newman,Jonathan A Newman,SE,SE,University of Guelph,NA,NA,NA,Canada,CAN,
JECOL,2008,96,1,267,Bettina,,Engelbrecht,Bettina Engelbrecht,SE,SE,University of Kaiserslautern,NA,NA,NA,Germany,DEU,
JECOL,2009,97,1,267,Bettina,,Engelbrecht,Bettina Engelbrecht,SE,SE,University of Kaiserslautern,NA,NA,NA,Germany,DEU,
JECOL,2007,95,1,273,Bryan,,Foster,Bryan Foster,SE,SE,University of Kansas,NA,NA,NA,USA,USA,
JECOL,2008,96,1,273,Bryan,,Foster,Bryan Foster,SE,SE,University of Kansas,NA,NA,NA,USA,USA,
JECOL,2009,97,1,273,Bryan,,Foster,Bryan Foster,SE,SE,University of Kansas,NA,NA,NA,USA,USA,
JECOL,2005,93,1,2977,Richard,D,Bardgett,Richard D Bardgett,SE,SE,University of Lancaster,NA,NA,NA,UK,GBR,
JECOL,2006,94,1,2977,Richard,D,Bardgett,Richard D Bardgett,SE,SE,University of Lancaster,NA,NA,NA,UK,GBR,
JECOL,2008,96,1,1318,Hans,,Jacquemyn,Hans Jacquemyn,SE,SE,University of Leuven,NA,NA,NA,Belgium,BEL,
JECOL,2011,99,1,1318,Hans,,Jacquemyn,Hans Jacquemyn,SE,SE,University of Leuven,NA,NA,NA,Belgium,BEL,
JECOL,2012,100,1,1318,Hans,,Jacquemyn,Hans Jacquemyn,SE,SE,University of Leuven,NA,NA,NA,Belgium,BEL,
JECOL,2013,101,1,1318,Hans,,Jacquemyn,Hans Jacquemyn,SE,SE,University of Leuven,NA,NA,NA,Belgium,BEL,
JECOL,2014,102,1,1318,Hans,,Jacquemyn,Hans Jacquemyn,SE,SE,University of Leuven,NA,NA,NA,Belgium,BEL,
JECOL,2010,98,1,1318,Hans,,Jacquemyn,Hans Jacquemyn,SE,SE,University of Leuvenn,NA,NA,NA,Belgium,BEL,
JECOL,2008,96,1,2994,Richard,,Bradshaw,Richard Bradshaw,SE,SE,University of Liverpool,NA,NA,NA,UK,GBR,
JECOL,2009,97,1,2994,Richard,,Bradshaw,Richard Bradshaw,AE,AE,University of Liverpool,NA,NA,NA,UK,GBR,
JECOL,2009,97,1,2994,Richard,,Bradshaw,Richard Bradshaw,SE,SE,University of Liverpool,NA,NA,NA,UK,GBR,
JECOL,2010,98,1,2994,Richard,,Bradshaw,Richard Bradshaw,SE,SE,University of Liverpool,NA,NA,NA,UK,GBR,
JECOL,2010,98,1,2994,Richard,,Bradshaw,Richard Bradshaw,AE,AE,University of Liverpool,NA,NA,NA,UK,GBR,
JECOL,2011,99,1,2994,Richard,,Bradshaw,Richard Bradshaw,AE,AE,University of Liverpool,NA,NA,NA,UK,GBR,
JECOL,2011,99,1,2994,Richard,,Bradshaw,Richard Bradshaw,SE,SE,University of Liverpool,NA,NA,NA,UK,GBR,
JECOL,2014,102,1,2977,Richard,D,Bardgett,Richard D Bardgett,AE,AE,University of Manchester,NA,NA,NA,UK,GBR,
JECOL,2006,94,1,2753,Peter,,Alpert,Peter Alpert,SE,SE,University of Massachusetts,NA,NA,NA,USA,USA,
JECOL,2008,96,1,2753,Peter,,Alpert,Peter Alpert,SE,SE,University of Massachusetts,NA,NA,NA,USA,USA,
JECOL,2009,97,1,2753,Peter,,Alpert,Peter Alpert,SE,SE,University of Massachusetts,NA,NA,NA,USA,USA,
JECOL,2010,98,1,2753,Peter,,Alpert,Peter Alpert,SE,SE,University of Massachusetts,NA,NA,NA,USA,USA,
JECOL,2011,99,1,2753,Peter,,Alpert,Peter Alpert,SE,SE,University of Massachusetts,NA,NA,NA,USA,USA,
JECOL,2012,100,1,2753,Peter,,Alpert,Peter Alpert,SE,SE,University of Massachusetts,NA,NA,NA,USA,USA,
JECOL,2013,101,1,2753,Peter,,Alpert,Peter Alpert,SE,SE,University of Massachusetts,NA,NA,NA,USA,USA,
JECOL,2014,102,1,2753,Peter,,Alpert,Peter Alpert,SE,SE,University of Massachusetts,NA,NA,NA,USA,USA,
JECOL,2012,100,1,2945,Peter,,Vesk,Peter Vesk,SE,SE,University of Melbourne,NA,NA,NA,Australia,AUS,
JECOL,2013,101,1,2945,Peter,,Vesk,Peter Vesk,SE,SE,University of Melbourne,NA,NA,NA,Australia,AUS,
JECOL,2014,102,1,2945,Peter,,Vesk,Peter Vesk,SE,SE,University of Melbourne,NA,NA,NA,Australia,AUS,
JECOL,2005,93,1,3009,Ragan,M,Callaway,Ragan M Callaway,SE,SE,University of Montana,NA,NA,NA,USA,USA,
JECOL,2006,94,1,3009,Ragan,M,Callaway,Ragan M Callaway,SE,SE,University of Montana,NA,NA,NA,USA,USA,
JECOL,2007,95,1,3009,Ragan,M,Callaway,Ragan M Callaway,SE,SE,University of Montana,NA,NA,NA,USA,USA,
JECOL,2008,96,1,3009,Ragan,M,Callaway,Ragan M Callaway,SE,SE,University of Montana,NA,NA,NA,USA,USA,
JECOL,2009,97,1,3009,Ragan,M,Callaway,Ragan M Callaway,SE,SE,University of Montana,NA,NA,NA,USA,USA,
JECOL,2010,98,1,3009,Ragan,M,Callaway,Ragan M Callaway,SE,SE,University of Montana,NA,NA,NA,USA,USA,
JECOL,2011,99,1,3009,Ragan,M,Callaway,Ragan M Callaway,SE,SE,University of Montana,NA,NA,NA,USA,USA,
JECOL,2013,101,1,3009,Ragan,M,Callaway,Ragan M Callaway,SE,SE,University of Montana,NA,NA,NA,USA,USA,
JECOL,2014,102,1,3009,Ragan,M,Callaway,Ragan M Callaway,SE,SE,University of Montana,NA,NA,NA,USA,USA,
JECOL,2012,100,1,3009,Ragan,M,Callaway,Ragan M Callaway,SE,SE,University of Montanna,NA,NA,NA,USA,USA,
JECOL,2005,93,1,3302,Scott,,Collins,Scott Collins,SE,SE,University of New Mexico,NA,NA,NA,USA,USA,
JECOL,2006,94,1,3302,Scott,,Collins,Scott Collins,SE,SE,University of New Mexico,NA,NA,NA,USA,USA,
JECOL,2007,95,1,3302,Scott,,Collins,Scott Collins,SE,SE,University of New Mexico,NA,NA,NA,USA,USA,
JECOL,2008,96,1,3302,Scott,,Collins,Scott Collins,SE,SE,University of New Mexico,NA,NA,NA,USA,USA,
JECOL,2005,93,1,2751,Paul,,Adam,Paul Adam,SE,SE,University of New South Wales,NA,NA,NA,Australia,AUS,
JECOL,2008,96,1,155,Angela,,Moles,Angela Moles,SE,SE,University of New South Wales,NA,NA,NA,Australia,AUS,
JECOL,2009,97,1,155,Angela,,Moles,Angela Moles,SE,SE,University of New South Wales,NA,NA,NA,Australia,AUS,
JECOL,2010,98,1,155,Angela,,Moles,Angela Moles,SE,SE,University of New South Wales,NA,NA,NA,Australia,AUS,
JECOL,2011,99,1,155,Angela,,Moles,Angela Moles,SE,SE,University of New South Wales,NA,NA,NA,Australia,AUS,
JECOL,2012,100,1,155,Angela,,Moles,Angela Moles,SE,SE,University of New South Wales,NA,NA,NA,Australia,AUS,
JECOL,2014,102,1,3285,Stephen,P,Bonser,Stephen P Bonser,SE,SE,University of New South Wales,NA,NA,NA,Australia,AUS,
JECOL,2009,97,1,3285,Stephen,P,Bonser,Stephen P Bonser,AE,AE,University of New South Wales,NA,NA,NA,USA,USA,
JECOL,2010,98,1,3285,Stephen,P,Bonser,Stephen P Bonser,AE,AE,University of New South Wales,NA,NA,NA,USA,USA,
JECOL,2011,99,1,3285,Stephen,P,Bonser,Stephen P Bonser,AE,AE,University of New South Wales,NA,NA,NA,USA,USA,
JECOL,2012,100,1,3285,Stephen,P,Bonser,Stephen P Bonser,AE,AE,University of New South Wales,NA,NA,NA,USA,USA,
JECOL,2013,101,1,3285,Stephen,P,Bonser,Stephen P Bonser,AE,AE,University of New South Wales,NA,NA,NA,USA,USA,
JECOL,2014,102,1,1279,Gerhard,,Zotz,Gerhard Zotz,SE,SE,University of Oldenburg,NA,NA,NA,Germany,DEU,
JECOL,2007,95,1,1279,Gerhard,,Zotz,Gerhard Zotz,SE,SE,University of Oldenburg,NA,NA,NA,Switzerland,CHE,
JECOL,2008,96,1,1279,Gerhard,,Zotz,Gerhard Zotz,SE,SE,University of Oldenburg,NA,NA,NA,Switzerland,CHE,
JECOL,2009,97,1,1279,Gerhard,,Zotz,Gerhard Zotz,SE,SE,University of Oldenburg,NA,NA,NA,Switzerland,CHE,
JECOL,2010,98,1,1279,Gerhard,,Zotz,Gerhard Zotz,SE,SE,University of Oldenburg,NA,NA,NA,Switzerland,CHE,
JECOL,2011,99,1,1279,Gerhard,,Zotz,Gerhard Zotz,SE,SE,University of Oldenburg,NA,NA,NA,Switzerland,CHE,
JECOL,2012,100,1,1279,Gerhard,,Zotz,Gerhard Zotz,SE,SE,University of Oldenburg,NA,NA,NA,Switzerland,CHE,
JECOL,2007,95,1,1798,John,,Pannell,John Pannell,SE,SE,University of Oxford,NA,NA,NA,UK,GBR,
JECOL,2008,96,1,1798,John,,Pannell,John Pannell,SE,SE,University of Oxford,NA,NA,NA,UK,GBR,
JECOL,2009,97,1,1798,John,,Pannell,John Pannell,SE,SE,University of Oxford,NA,NA,NA,UK,GBR,
JECOL,2011,99,1,3210,Roberto,,Salguero-Gomez,Roberto Salguero-Gomez,SE,SE,University of Pennsylvania,NA,NA,NA,Australia,AUS,
JECOL,2014,102,1,3723,Walter,P,Carson,Walter P Carson,SE,SE,University of Pittsburg,NA,NA,NA,USA,USA,
JECOL,2014,102,1,3829,Yvonne,,Buckley,Yvonne Buckley,SE,SE,University of Queensland,NA,NA,NA,Australia,AUS,
JECOL,2014,102,1,3210,Roberto,,Salguero-Gomez,Roberto Salguero-Gomez,SE,SE,University of Queensland,NA,NA,NA,Australia,AUS,
JECOL,2005,93,1,3504,Scott,D,Wilson,Scott D Wilson,SE,SE,University of Regina,NA,NA,NA,Canada,CAN,
JECOL,2006,94,1,3504,Scott,D,Wilson,Scott D Wilson,SE,SE,University of Regina,NA,NA,NA,Canada,CAN,
JECOL,2007,95,1,3504,Scott,D,Wilson,Scott D Wilson,SE,SE,University of Regina,NA,NA,NA,Canada,CAN,
JECOL,2008,96,1,3504,Scott,D,Wilson,Scott D Wilson,SE,SE,University of Regina,NA,NA,NA,Canada,CAN,
JECOL,2009,97,1,3504,Scott,D,Wilson,Scott D Wilson,SE,SE,University of Regina,NA,NA,NA,Canada,CAN,
JECOL,2010,98,1,3504,Scott,D,Wilson,Scott D Wilson,SE,SE,University of Regina,NA,NA,NA,Canada,CAN,
JECOL,2011,99,1,3504,Scott,D,Wilson,Scott D Wilson,SE,SE,University of Regina,NA,NA,NA,Canada,CAN,
JECOL,2012,100,1,3504,Scott,D,Wilson,Scott D Wilson,SE,SE,University of Regina,NA,NA,NA,Canada,CAN,
JECOL,2013,101,1,3504,Scott,D,Wilson,Scott D Wilson,SE,SE,University of Regina,NA,NA,NA,Canada,CAN,
JECOL,2014,102,1,3504,Scott,D,Wilson,Scott D Wilson,SE,SE,University of Regina,NA,NA,NA,Canada,CAN,
JECOL,2007,95,1,1101,Fernando,,Maestre,Fernando Maestre,SE,SE,University of Rey Juan Carlos,NA,NA,NA,Spain,ESP,
JECOL,2008,96,1,1101,Fernando,,Maestre,Fernando Maestre,SE,SE,University of Rey Juan Carlos,NA,NA,NA,Spain,ESP,
JECOL,2009,97,1,1101,Fernando,,Maestre,Fernando Maestre,SE,SE,University of Rey Juan Carlos,NA,NA,NA,Spain,ESP,
JECOL,2010,98,1,1101,Fernando,,Maestre,Fernando Maestre,SE,SE,University of Rey Juan Carlos,NA,NA,NA,Spain,ESP,
JECOL,2011,99,1,1101,Fernando,,Maestre,Fernando Maestre,SE,SE,University of Rey Juan Carlos,NA,NA,NA,Spain,ESP,
JECOL,2005,93,1,1704,John,A,Lee,John A Lee,SE,SE,University of Sheffield,NA,NA,NA,UK,GBR,
JECOL,2005,93,1,542,Colin,,Osborne,Colin Osborne,SE,SE,University of Sheffield,NA,NA,NA,UK,GBR,
JECOL,2005,93,1,2524,Malcolm,C,Press,Malcolm C Press,AE,AE,University of Sheffield,NA,NA,NA,UK,GBR,
JECOL,2005,93,1,230,Arthur,J,Willis,Arthur J Willis,SE,SE,University of Sheffield,NA,NA,NA,UK,GBR,
JECOL,2006,94,1,1704,John,A,Lee,John A Lee,SE,SE,University of Sheffield,NA,NA,NA,UK,GBR,
JECOL,2006,94,1,542,Colin,,Osborne,Colin Osborne,SE,SE,University of Sheffield,NA,NA,NA,UK,GBR,
JECOL,2006,94,1,2524,Malcolm,C,Press,Malcolm C Press,AE,AE,University of Sheffield,NA,NA,NA,UK,GBR,
JECOL,2006,94,1,230,Arthur,J,Willis,Arthur J Willis,SE,SE,University of Sheffield,NA,NA,NA,UK,GBR,
JECOL,2007,95,1,1704,John,A,Lee,John A Lee,SE,SE,University of Sheffield,NA,NA,NA,UK,GBR,
JECOL,2008,96,1,1704,John,A,Lee,John A Lee,SE,SE,University of Sheffield,NA,NA,NA,UK,GBR,
JECOL,2010,98,1,1704,John,A,Lee,John A Lee,SE,SE,University of Sheffield,NA,NA,NA,UK,GBR,
JECOL,2011,99,1,1704,John,A,Lee,John A Lee,SE,SE,University of Sheffield,NA,NA,NA,UK,GBR,
JECOL,2011,99,1,2534,Mark,,Rees,Mark Rees,AE,AE,University of Sheffield,NA,NA,NA,UK,GBR,
JECOL,2012,100,1,1704,John,A,Lee,John A Lee,SE,SE,University of Sheffield,NA,NA,NA,UK,GBR,
JECOL,2013,101,1,1704,John,A,Lee,John A Lee,SE,SE,University of Sheffield,NA,NA,NA,UK,GBR,
JECOL,2013,101,1,2534,Mark,,Rees,Mark Rees,AE,AE,University of Sheffield,NA,NA,NA,UK,GBR,
JECOL,2014,102,1,1704,John,,Lee,John Lee,SE,SE,University of Sheffield,NA,NA,NA,UK,GBR,
JECOL,2014,102,1,2534,Mark,,Rees,Mark Rees,AE,AE,University of Sheffield,NA,NA,NA,UK,GBR,
JECOL,2008,96,1,2583,Michael,B,Usher,Michael B Usher,SE,SE,University of Stirling,NA,NA,NA,UK,GBR,
JECOL,2009,97,1,2583,Michael,B,Usher,Michael B Usher,SE,SE,University of Stirling,NA,NA,NA,UK,GBR,
JECOL,2010,98,1,2583,Michael,B,Usher,Michael B Usher,SE,SE,University of Stirling,NA,NA,NA,UK,GBR,
JECOL,2013,101,1,2583,Michael,B,Usher,Michael B Usher,SE,SE,University of Stirling,NA,NA,NA,UK,GBR,
JECOL,2014,102,1,2583,Michael,B,Usher,Michael B Usher,SE,SE,University of Stirling,NA,NA,NA,UK,GBR,
JECOL,2012,100,1,2583,Michael,B,Usher,Michael B Usher,SE,SE,University of Stirlinng,NA,NA,NA,UK,GBR,
JECOL,2003,91,1,2419,Michael,J,Hutchings,Michael J Hutchings,AE,AE,University of Sussex,NA,NA,NA,UK,GBR,
JECOL,2005,93,1,3353,Sue,E,Hartley,Sue E Hartley,SE,SE,University of Sussex,NA,NA,NA,UK,GBR,
JECOL,2005,93,1,880,David,,Streeter,David Streeter,SE,SE,University of Sussex,NA,NA,NA,UK,GBR,
JECOL,2006,94,1,3353,Sue,E,Hartley,Sue E Hartley,SE,SE,University of Sussex,NA,NA,NA,UK,GBR,
JECOL,2006,94,1,2419,Michael,J,Hutchings,Michael J Hutchings,EIC,EIC,University of Sussex,NA,NA,NA,UK,GBR,
JECOL,2006,94,1,880,David,,Streeter,David Streeter,SE,SE,University of Sussex,NA,NA,NA,UK,GBR,
JECOL,2007,95,1,2419,Michael,J,Hutchings,Michael J Hutchings,EIC,EIC,University of Sussex,NA,NA,NA,UK,GBR,
JECOL,2007,95,1,880,David,,Streeter,David Streeter,SE,SE,University of Sussex,NA,NA,NA,UK,GBR,
JECOL,2008,96,1,2419,Michael,J,Hutchings,Michael J Hutchings,EIC,EIC,University of Sussex,NA,NA,NA,UK,GBR,
JECOL,2008,96,1,1106,Fergus,,Massey,Fergus Massey,SE,SE,University of Sussex,NA,NA,NA,UK,GBR,
JECOL,2008,96,1,880,David,,Streeter,David Streeter,SE,SE,University of Sussex,NA,NA,NA,UK,GBR,
JECOL,2009,97,1,2419,Michael,J,Hutchings,Michael J Hutchings,EIC,EIC,University of Sussex,NA,NA,NA,UK,GBR,
JECOL,2010,98,1,2419,Michael,J,Hutchings,Michael J Hutchings,EIC,EIC,University of Sussex,NA,NA,NA,UK,GBR,
JECOL,2010,98,1,880,David,,Streeter,David Streeter,SE,SE,University of Sussex,NA,NA,NA,UK,GBR,
JECOL,2011,99,1,2419,Michael,J,Hutchings,Michael J Hutchings,EIC,EIC,University of Sussex,NA,NA,NA,UK,GBR,
JECOL,2011,99,1,880,David,,Streeter,David Streeter,SE,SE,University of Sussex,NA,NA,NA,UK,GBR,
JECOL,2012,100,1,2419,Michael,J,Hutchings,Michael J Hutchings,EIC,EIC,University of Sussex,NA,NA,NA,UK,GBR,
JECOL,2012,100,1,880,David,,Streeter,David Streeter,SE,SE,University of Sussex,NA,NA,NA,UK,GBR,
JECOL,2013,101,1,880,David,,Streeter,David Streeter,SE,SE,University of Sussex,NA,NA,NA,UK,GBR,
JECOL,2014,102,1,880,David,,Streeter,David Streeter,SE,SE,University of Sussex,NA,NA,NA,UK,GBR,
JECOL,2010,98,1,2558,Marina,,Semchenko,Marina Semchenko,SE,SE,University of Tartu,NA,NA,NA,Estonia,EST,
JECOL,2011,99,1,2558,Marina,,Semchenko,Marina Semchenko,SE,SE,University of Tartu,NA,NA,NA,Estonia,EST,
JECOL,2012,100,1,2558,Marina,,Semchenko,Marina Semchenko,SE,SE,University of Tartu,NA,NA,NA,Estonia,EST,
JECOL,2013,101,1,2558,Marina,,Semchenko,Marina Semchenko,SE,SE,University of Tartu,NA,NA,NA,Estonia,EST,
JECOL,2014,102,1,2558,Marina,,Semchenko,Marina Semchenko,SE,SE,University of Tartu,NA,NA,NA,Estonia,EST,
JECOL,2005,93,1,3276,Spencer,CH,Barrett,Spencer CH Barrett,SE,SE,University of Toronto,NA,NA,NA,Canada,CAN,
JECOL,2005,93,1,3108,Robert,L,Jefferies,Robert L Jefferies,SE,SE,University of Toronto,NA,NA,NA,Canada,CAN,
JECOL,2006,94,1,3276,Spencer,CH,Barrett,Spencer CH Barrett,SE,SE,University of Toronto,NA,NA,NA,Canada,CAN,
JECOL,2006,94,1,3108,Robert,L,Jefferies,Robert L Jefferies,SE,SE,University of Toronto,NA,NA,NA,Canada,CAN,
JECOL,2007,95,1,3108,Robert,L,Jefferies,Robert L Jefferies,SE,SE,University of Toronto,NA,NA,NA,Canada,CAN,
JECOL,2008,96,1,3108,Robert,L,Jefferies,Robert L Jefferies,SE,SE,University of Toronto,NA,NA,NA,Canada,CAN,
JECOL,2009,97,1,3108,Robert,L,Jefferies,Robert L Jefferies,SE,SE,University of Toronto,NA,NA,NA,Canada,CAN,
JECOL,2005,93,1,1370,Hanna,,Tuomisto,Hanna Tuomisto,SE,SE,University of Turku,NA,NA,NA,Finland,FIN,
JECOL,2006,94,1,1370,Hanna,,Tuomisto,Hanna Tuomisto,SE,SE,University of Turku,NA,NA,NA,Finland,FIN,
JECOL,2007,95,1,1370,Hanna,,Tuomisto,Hanna Tuomisto,SE,SE,University of Turku,NA,NA,NA,Finland,FIN,
JECOL,2008,96,1,1370,Hanna,,Tuomisto,Hanna Tuomisto,SE,SE,University of Turku,NA,NA,NA,Finland,FIN,
JECOL,2006,94,1,2960,Pieter,A,Zuidema,Pieter A Zuidema,SE,SE,University of Utrecht,NA,NA,NA,Netherlands,NLD,
JECOL,2008,96,1,2960,Pieter,A,Zuidema,Pieter A Zuidema,SE,SE,University of Utrecht,NA,NA,NA,Netherlands,NLD,
JECOL,2009,97,1,2960,Pieter,A,Zuidema,Pieter A Zuidema,SE,SE,University of Utrecht,NA,NA,NA,Netherlands,NLD,
JECOL,2010,98,1,2960,Pieter,A,Zuidema,Pieter A Zuidema,SE,SE,University of Utrecht,NA,NA,NA,Netherlands,NLD,
JECOL,2011,99,1,2960,Pieter,A,Zuidema,Pieter A Zuidema,SE,SE,University of Utrecht,NA,NA,NA,Netherlands,NLD,
JECOL,2012,100,1,2960,Pieter,A,Zuidema,Pieter A Zuidema,SE,SE,University of Utrecht,NA,NA,NA,Netherlands,NLD,
JECOL,2013,101,1,2960,Pieter,A,Zuidema,Pieter A Zuidema,SE,SE,University of Utrecht,NA,NA,NA,Netherlands,NLD,
JECOL,2014,102,1,2960,Pieter,A,Zuidema,Pieter A Zuidema,SE,SE,University of Utrecht,NA,NA,NA,Netherlands,NLD,
JECOL,2011,99,1,955,Ellen,,Damschen,Ellen Damschen,SE,SE,University of Wisconsin,NA,NA,NA,USA,USA,
JECOL,2007,95,1,2960,Pieter,A,Zuidema,Pieter A Zuidema,SE,SE,University of Zuidema,NA,NA,NA,Netherlands,NLD,
JECOL,2014,102,1,688,Dan,,Flynn,Dan Flynn,SE,SE,University of Zurich,NA,NA,NA,Switzerland,CHE,
JECOL,2009,97,1,1704,John,A,Lee,John A Lee,SE,SE,University Sheffield,NA,NA,NA,UK,GBR,
JECOL,2010,98,1,2534,Mark,,Rees,Mark Rees,AE,AE,University Sheffield,NA,NA,NA,UK,GBR,
JECOL,2009,97,1,1318,Hans,,Jacquemyn,Hans Jacquemyn,SE,SE,Unniversity of Leuven,NA,NA,NA,Belgium,BEL,
JECOL,2011,99,1,2583,Michael,B,Usher,Michael B Usher,SE,SE,Unniversity of Stirling,NA,NA,NA,UK,GBR,
JECOL,2007,95,1,1434,Jon,,Agren,Jon Agren,SE,SE,Uppsala University,NA,NA,NA,Sweden,SWE,
JECOL,2008,96,1,1434,Jon,,Agren,Jon Agren,SE,SE,Uppsala University,NA,NA,NA,Sweden,SWE,
JECOL,2009,97,1,1434,Jon,,Agren,Jon Agren,SE,SE,Uppsala University,NA,NA,NA,Sweden,SWE,
JECOL,2007,95,1,155,Angela,,Moles,Angela Moles,SE,SE,Victoria University of Wellington,NA,NA,NA,Australia,AUS,
JECOL,2005,93,1,3113,Robert,J,Jones,Robert J Jones,SE,SE,Virginia Polytechnic Institute and State University,NA,NA,NA,USA,USA,
JECOL,2006,94,1,3113,Robert,J,Jones,Robert J Jones,SE,SE,Virginia Polytechnic Institute and State University,NA,NA,NA,USA,USA,
JECOL,2007,95,1,3113,Robert,J,Jones,Robert J Jones,SE,SE,Virginia Polytechnic Institute and State University,NA,NA,NA,USA,USA,
JECOL,2008,96,1,3113,Robert,J,Jones,Robert J Jones,SE,SE,Virginia Polytechnic Institute and State University,NA,NA,NA,USA,USA,
JECOL,2009,97,1,3113,Robert,J,Jones,Robert J Jones,SE,SE,Virginia Polytechnic Institute and State University,NA,NA,NA,USA,USA,
JECOL,2010,98,1,3113,Robert,J,Jones,Robert J Jones,SE,SE,Virginia Polytechnic Institute and State University,NA,NA,NA,USA,USA,
JECOL,2011,99,1,3113,Robert,J,Jones,Robert J Jones,SE,SE,Virginia Polytechnic Institute and State University,NA,NA,NA,USA,USA,
JECOL,2012,100,1,3113,Robert,J,Jones,Robert J Jones,SE,SE,Virginia Polytechnic Institute and State University,NA,NA,NA,USA,USA,
JECOL,2013,101,1,3113,Robert,J,Jones,Robert J Jones,SE,SE,Virginia Polytechnic Institute and State University,NA,NA,NA,USA,USA,
JECOL,2012,100,1,3726,Will,K,Cornwell,Will K Cornwell,SE,SE,Vrije Universiteit Amsterdam,NA,NA,NA,Australia,AUS,
JECOL,2013,101,1,3726,Will,K,Cornwell,Will K Cornwell,SE,SE,Vrije Universiteit Amsterdam,NA,NA,NA,Australia,AUS,
JECOL,2014,102,1,3726,Will,K,Cornwell,Will K Cornwell,SE,SE,VRije Universiteit Amsterdam,NA,NA,NA,Netherlands,NLD,
JECOL,2013,101,1,1167,Gerlinde,,DeDeyn,Gerlinde DeDeyn,SE,SE,Wageningen University,NA,NA,NA,Netherlands,NLD,
JECOL,2014,102,1,1167,Gerlinde,Barbra,DeDeyn,Gerlinde Barbra DeDeyn,SE,SE,Wageningen University,NA,NA,NA,Netherlands,NLD,
JECOL,2013,101,1,3140,Richard,N,Mack,Richard N Mack,SE,SE,Washington State University,NA,NA,NA,USA,USA,
JECOL,2014,102,1,3140,Richard,N,Mack,Richard N Mack,SE,SE,Washington State University,NA,NA,NA,USA,USA,
JECOL,2014,102,1,3113,Robert,J,Jones,Robert J Jones,SE,SE,West Virginia University,NA,NA,NA,USA,USA,
JECOL,2008,96,1,513,Christopher,,Lorite,Christopher Lorite,SE,SE,York University,NA,NA,NA,Canada,CAN,
JECOL,2009,97,1,513,Christopher,,Lorite,Christopher Lorite,SE,SE,York University,NA,NA,NA,Canada,CAN,
JECOL,2010,98,1,513,Christopher,,Lorite,Christopher Lorite,SE,SE,York University,NA,NA,NA,Canada,CAN,
JECOL,2011,99,1,513,Christopher,,Lorite,Christopher Lorite,SE,SE,York University,NA,NA,NA,Canada,CAN,
JECOL,1996,84,1,74,Alastair,H,Fitter,Alastair H Fitter,AE,AE,York University,NA,NA,NA,UK,GBR,
JECOL,1995,83,1,2175,Laura,,Huenneke,Laura Huenneke,SE,SE,NA,NA,New Mexico,NA,USA,USA,
JECOL,1996,84,1,2175,Laura,,Huenneke,Laura Huenneke,SE,SE,NA,NA,New Mexico,NA,USA,USA,
JECOL,1997,85,1,2175,Laura,,Huenneke,Laura Huenneke,SE,SE,NA,NA,New Mexico,NA,USA,USA,
JECOL,1998,86,1,2175,Laura,,Huenneke,Laura Huenneke,SE,SE,NA,NA,New Mexico,NA,USA,USA,
JECOL,1997,85,1,1924,Jan,,VanGroenendael,Jan VanGroenendael,AE,AE,Catholic University,NA,Nijmegen,NA,Netherlands,NLD,
JECOL,1998,86,1,1924,Jan,,VanGroenendael,Jan VanGroenendael,AE,AE,Catholic University,NA,Nijmegen,NA,Netherlands,NLD,
JECOL,2002,90,1,1296,Hans,,DeKroon,Hans DeKroon,SE,SE,NA,NA,Nijmegen,NA,Netherlands,NLD,
JECOL,2003,91,1,1296,Hans,,DeKroon,Hans DeKroon,SE,SE,NA,NA,Nijmegen,NA,Netherlands,NLD,
JECOL,2003,91,1,1794,Joop,,Ouborg,Joop Ouborg,SE,SE,NA,NA,Nijmegen,NA,Netherlands,NLD,
JECOL,2004,92,1,1296,Hans,,DeKroon,Hans DeKroon,SE,SE,NA,NA,Nijmegen,NA,Netherlands,NLD,
JECOL,2004,92,1,1794,Joop,,Ouborg,Joop Ouborg,SE,SE,NA,NA,Nijmegen,NA,Netherlands,NLD,
JECOL,1996,84,1,50,Anthony,J,Davy,Anthony J Davy,SE,SE,NA,NA,Norwich,NA,UK,GBR,
JECOL,1998,86,1,50,Anthony,J,Davy,Anthony J Davy,AE,AE,Univeristy of East Anglia,NA,Norwich,NA,UK,GBR,
JECOL,1999,87,1,50,Anthony,J,Davy,Anthony J Davy,EIC,EIC,Univeristy of East Anglia,NA,Norwich,NA,UK,GBR,
JECOL,2000,88,1,50,Anthony,J,Davy,Anthony J Davy,EIC,EIC,Univeristy of East Anglia,NA,Norwich,NA,UK,GBR,
JECOL,2001,89,1,50,Anthony,J,Davy,Anthony J Davy,EIC,EIC,Univeristy of East Anglia,NA,Norwich,NA,UK,GBR,
JECOL,2002,90,1,50,Anthony,J,Davy,Anthony J Davy,EIC,EIC,Univeristy of East Anglia,NA,Norwich,NA,UK,GBR,
JECOL,1997,85,1,50,Anthony,J,Davy,Anthony J Davy,AE,AE,University of East Anglia,NA,Norwich,NA,UK,GBR,
JECOL,2003,91,1,50,Anthony,J,Davy,Anthony J Davy,EIC,EIC,University of East Anglia,NA,Norwich,NA,UK,GBR,
JECOL,2004,92,1,50,Anthony,J,Davy,Anthony J Davy,EIC,EIC,University of East Anglia,NA,Norwich,NA,UK,GBR,
JECOL,2006,94,1,50,Anthony,J,Davy,Anthony J Davy,SE,SE,University of East Anglia,NA,Norwich,NA,UK,GBR,
JECOL,2008,96,1,50,Anthony,J,Davy,Anthony J Davy,SE,SE,University of East Anglia,NA,Norwich,NA,UK,GBR,
JECOL,1992,80,1,1210,George,L,Jacobson,George L Jacobson,SE,SE,NA,NA,Orono,NA,USA,USA,
JECOL,1992,80,1,3851,Andrew,J,Lack,Andrew J Lack,SE,SE,NA,NA,Oxford,NA,UK,GBR,
JECOL,1993,81,1,3851,Andrew,J,Lack,Andrew J Lack,SE,SE,NA,NA,Oxford,NA,UK,GBR,
JECOL,1994,82,1,3851,Andrew,J,Lack,Andrew J Lack,SE,SE,NA,NA,Oxford,NA,UK,GBR,
JECOL,1995,83,1,3851,Andrew,J,Lack,Andrew J Lack,SE,SE,NA,NA,Oxford,NA,UK,GBR,
JECOL,1996,84,1,3851,Andrew,J,Lack,Andrew J Lack,SE,SE,NA,NA,Oxford,NA,UK,GBR,
JECOL,1997,85,1,3851,Andrew,J,Lack,Andrew J Lack,SE,SE,NA,NA,Oxford,NA,UK,GBR,
JECOL,1998,86,1,3851,Andrew,J,Lack,Andrew J Lack,SE,SE,NA,NA,Oxford,NA,UK,GBR,
JECOL,1992,80,1,703,David,J,Gibson,David J Gibson,SE,SE,NA,NA,Pensacola,NA,USA,USA,
JECOL,1992,80,1,690,David,R,Foster,David R Foster,SE,SE,NA,NA,Petersham,NA,USA,USA,
JECOL,1993,81,1,690,David,R,Foster,David R Foster,SE,SE,NA,NA,Petersham,NA,USA,USA,
JECOL,1994,82,1,690,David,R,Foster,David R Foster,SE,SE,NA,NA,Petersham,NA,USA,USA,
JECOL,1999,87,1,3374,Susan,,Kalisz,Susan Kalisz,SE,SE,NA,NA,Pittsburg,NA,USA,USA,
JECOL,2000,88,1,3374,Susan,,Kalisz,Susan Kalisz,SE,SE,NA,NA,Pittsburg,NA,USA,USA,
JECOL,1996,84,1,3374,Susan,,Kalisz,Susan Kalisz,SE,SE,NA,NA,Pittsburgh,NA,USA,USA,
JECOL,1997,85,1,3374,Susan,,Kalisz,Susan Kalisz,SE,SE,NA,NA,Pittsburgh,NA,USA,USA,
JECOL,1998,86,1,3374,Susan,,Kalisz,Susan Kalisz,SE,SE,NA,NA,Pittsburgh,NA,USA,USA,
JECOL,2007,95,1,3466,Susan,,Schwinning,Susan Schwinning,SE,SE,Texas State University,NA,San Marcos,NA,USA,USA,
JECOL,2008,96,1,3466,Susan,,Schwinning,Susan Schwinning,SE,SE,Texas State University,NA,San Marcos,NA,USA,USA,
JECOL,1992,80,1,1144,F,Ian,Woodward,F Ian Woodward,SE,SE,NA,NA,Sheffield,NA,UK,GBR,
JECOL,1993,81,1,1144,F,Ian,Woodward,F Ian Woodward,SE,SE,NA,NA,Sheffield,NA,UK,GBR,
JECOL,1994,82,1,1144,F,Ian,Woodward,F Ian Woodward,SE,SE,NA,NA,Sheffield,NA,UK,GBR,
JECOL,1995,83,1,1704,John,A,Lee,John A Lee,SE,SE,NA,NA,Sheffield,NA,UK,GBR,
JECOL,1995,83,1,1144,F,Ian,Woodward,F Ian Woodward,SE,SE,NA,NA,Sheffield,NA,UK,GBR,
JECOL,1996,84,1,1704,John,A,Lee,John A Lee,SE,SE,NA,NA,Sheffield,NA,UK,GBR,
JECOL,1996,84,1,2524,Malcolm,C,Press,Malcolm C Press,SE,SE,NA,NA,Sheffield,NA,UK,GBR,
JECOL,1996,84,1,2104,Ken,,Thompson,Ken Thompson,SE,SE,NA,NA,Sheffield,NA,UK,GBR,
JECOL,1996,84,1,1144,F,Ian,Woodward,F Ian Woodward,SE,SE,NA,NA,sheffield,NA,UK,GBR,
JECOL,1997,85,1,1704,John,A,Lee,John A Lee,SE,SE,NA,NA,Sheffield,NA,UK,GBR,
JECOL,1997,85,1,2524,Malcolm,C,Press,Malcolm C Press,SE,SE,NA,NA,Sheffield,NA,UK,GBR,
JECOL,1997,85,1,2104,Ken,,Thompson,Ken Thompson,SE,SE,NA,NA,Sheffield,NA,UK,GBR,
JECOL,1997,85,1,1144,F,Ian,Woodward,F Ian Woodward,SE,SE,NA,NA,Sheffield,NA,UK,GBR,
JECOL,1998,86,1,1704,John,A,Lee,John A Lee,SE,SE,NA,NA,Sheffield,NA,UK,GBR,
JECOL,1998,86,1,2524,Malcolm,C,Press,Malcolm C Press,SE,SE,NA,NA,Sheffield,NA,UK,GBR,
JECOL,1998,86,1,2104,Ken,,Thompson,Ken Thompson,SE,SE,NA,NA,Sheffield,NA,UK,GBR,
JECOL,1998,86,1,1144,F,Ian,Woodward,F Ian Woodward,SE,SE,NA,NA,Sheffield,NA,UK,GBR,
JECOL,1999,87,1,1704,John,A,Lee,John A Lee,SE,SE,NA,NA,Sheffield,NA,UK,GBR,
JECOL,1999,87,1,2524,Malcolm,C,Press,Malcolm C Press,SE,SE,NA,NA,Sheffield,NA,UK,GBR,
JECOL,1999,87,1,2104,Ken,,Thompson,Ken Thompson,SE,SE,NA,NA,Sheffield,NA,UK,GBR,
JECOL,1999,87,1,1144,F,Ian,Woodward,F Ian Woodward,SE,SE,NA,NA,Sheffield,NA,UK,GBR,
JECOL,2000,88,1,1704,John,A,Lee,John A Lee,SE,SE,NA,NA,Sheffield,NA,UK,GBR,
JECOL,2000,88,1,2524,Malcolm,C,Press,Malcolm C Press,SE,SE,NA,NA,Sheffield,NA,UK,GBR,
JECOL,2000,88,1,2104,Ken,,Thompson,Ken Thompson,SE,SE,NA,NA,Sheffield,NA,UK,GBR,
JECOL,2000,88,1,1144,F,Ian,Woodward,F Ian Woodward,SE,SE,NA,NA,Sheffield,NA,UK,GBR,
JECOL,2001,89,1,1704,John,A,Lee,John A Lee,SE,SE,NA,NA,Sheffield,NA,UK,GBR,
JECOL,2001,89,1,2524,Malcolm,C,Press,Malcolm C Press,SE,SE,NA,NA,Sheffield,NA,UK,GBR,
JECOL,2001,89,1,2104,Ken,,Thompson,Ken Thompson,SE,SE,NA,NA,Sheffield,NA,UK,GBR,
JECOL,2001,89,1,1144,F,Ian,Woodward,F Ian Woodward,SE,SE,NA,NA,Sheffield,NA,UK,GBR,
JECOL,2002,90,1,1704,John,A,Lee,John A Lee,SE,SE,NA,NA,Sheffield,NA,UK,GBR,
JECOL,2002,90,1,2524,Malcolm,C,Press,Malcolm C Press,SE,SE,NA,NA,Sheffield,NA,UK,GBR,
JECOL,2002,90,1,2104,Ken,,Thompson,Ken Thompson,SE,SE,NA,NA,Sheffield,NA,UK,GBR,
JECOL,2002,90,1,1144,F,Ian,Woodward,F Ian Woodward,SE,SE,NA,NA,Sheffield,NA,UK,GBR,
JECOL,2003,91,1,1704,John,A,Lee,John A Lee,SE,SE,NA,NA,Sheffield,NA,UK,GBR,
JECOL,2003,91,1,2524,Malcolm,C,Press,Malcolm C Press,SE,SE,NA,NA,Sheffield,NA,UK,GBR,
JECOL,2003,91,1,2104,Ken,,Thompson,Ken Thompson,SE,SE,NA,NA,Sheffield,NA,UK,GBR,
JECOL,2003,91,1,1144,F,Ian,Woodward,F Ian Woodward,SE,SE,NA,NA,Sheffield,NA,UK,GBR,
JECOL,2004,92,1,1704,John,A,Lee,John A Lee,SE,SE,NA,NA,Sheffield,NA,UK,GBR,
JECOL,2004,92,1,2524,Malcolm,C,Press,Malcolm C Press,SE,SE,NA,NA,Sheffield,NA,UK,GBR,
JECOL,2004,92,1,2104,Ken,,Thompson,Ken Thompson,SE,SE,NA,NA,Sheffield,NA,UK,GBR,
JECOL,2003,91,1,230,Arthur,J,Willis,Arthur J Willis,SE,SE,University of Sheffield,NA,Sheffield,NA,UK,GBR,
JECOL,2004,92,1,230,Arthur,J,Willis,Arthur J Willis,SE,SE,University of Sheffield,NA,Sheffield,NA,UK,GBR,
JECOL,1985,73,1,1608,J,Philip,Grime,J Philip Grime,SE,SE,NA,NA,Sheffield S10 2TN,NA,UK,GBR,
JECOL,1995,83,1,2364,Michael,,Fenner,Michael Fenner,SE,SE,NA,NA,Southampton,NA,UK,GBR,
JECOL,1996,84,1,2364,Michael,,Fenner,Michael Fenner,SE,SE,NA,NA,Southampton,NA,UK,GBR,
JECOL,1997,85,1,2364,Michael,,Fenner,Michael Fenner,SE,SE,NA,NA,Southampton,NA,UK,GBR,
JECOL,1998,86,1,2364,Michael,,Fenner,Michael Fenner,SE,SE,NA,NA,Southampton,NA,UK,GBR,
JECOL,1999,87,1,2364,Michael,,Fenner,Michael Fenner,SE,SE,NA,NA,Southampton,NA,UK,GBR,
JECOL,2000,88,1,2364,Michael,,Fenner,Michael Fenner,SE,SE,NA,NA,Southampton,NA,UK,GBR,
JECOL,2001,89,1,2364,Michael,,Fenner,Michael Fenner,SE,SE,NA,NA,Southampton,NA,UK,GBR,
JECOL,2000,88,1,2751,Paul,,Adam,Paul Adam,SE,SE,NA,NA,Sydney,NA,Australia,AUS,
JECOL,2001,89,1,2751,Paul,,Adam,Paul Adam,SE,SE,NA,NA,Sydney,NA,Australia,AUS,
JECOL,2002,90,1,2751,Paul,,Adam,Paul Adam,SE,SE,NA,NA,Sydney,NA,Australia,AUS,
JECOL,2003,91,1,2751,Paul,,Adam,Paul Adam,SE,SE,NA,NA,Sydney,NA,Australia,AUS,
JECOL,2004,92,1,2751,Paul,,Adam,Paul Adam,SE,SE,NA,NA,Sydney,NA,Australia,AUS,
JECOL,1992,80,1,3108,Robert,L,Jefferies,Robert L Jefferies,SE,SE,NA,NA,Toronto,NA,Canada,CAN,
JECOL,1993,81,1,3108,Robert,L,Jefferies,Robert L Jefferies,SE,SE,NA,NA,Toronto,NA,Canada,CAN,
JECOL,1994,82,1,3108,Robert,L,Jefferies,Robert L Jefferies,SE,SE,NA,NA,Toronto,NA,Canada,CAN,
JECOL,1995,83,1,3108,Robert,L,Jefferies,Robert L Jefferies,SE,SE,NA,NA,Toronto,NA,Canada,CAN,
JECOL,1996,84,1,3108,Robert,L,Jefferies,Robert L Jefferies,SE,SE,NA,NA,Toronto,NA,Canada,CAN,
JECOL,1998,86,1,3108,Robert,L,Jefferies,Robert L Jefferies,SE,SE,NA,NA,Toronto,NA,Canada,CAN,
JECOL,1999,87,1,3108,Robert,L,Jefferies,Robert L Jefferies,SE,SE,NA,NA,Toronto,NA,Canada,CAN,
JECOL,2000,88,1,3276,Spencer,CH,Barrett,Spencer CH Barrett,SE,SE,NA,NA,Toronto,NA,Canada,CAN,
JECOL,2000,88,1,3108,Robert,L,Jefferies,Robert L Jefferies,SE,SE,NA,NA,Toronto,NA,Canada,CAN,
JECOL,2001,89,1,3276,Spencer,CH,Barrett,Spencer CH Barrett,SE,SE,NA,NA,Toronto,NA,Canada,CAN,
JECOL,2001,89,1,3108,Robert,L,Jefferies,Robert L Jefferies,SE,SE,NA,NA,Toronto,NA,Canada,CAN,
JECOL,2002,90,1,3276,Spencer,CH,Barrett,Spencer CH Barrett,SE,SE,NA,NA,Toronto,NA,Canada,CAN,
JECOL,2002,90,1,3108,Robert,L,Jefferies,Robert L Jefferies,SE,SE,NA,NA,Toronto,NA,Canada,CAN,
JECOL,2003,91,1,3276,Spencer,CH,Barrett,Spencer CH Barrett,SE,SE,NA,NA,Toronto,NA,Canada,CAN,
JECOL,2004,92,1,3276,Spencer,CH,Barrett,Spencer CH Barrett,SE,SE,NA,NA,Toronto,NA,Canada,CAN,
JECOL,2004,92,1,3108,Robert,L,Jefferies,Robert L Jefferies,SE,SE,NA,NA,Toronto,NA,Canada,CAN,
JECOL,1992,80,1,3234,Roy,,Turkington,Roy Turkington,SE,SE,NA,NA,Vancouver,NA,Canada,CAN,
JECOL,1993,81,1,3234,Roy,,Turkington,Roy Turkington,SE,SE,NA,NA,Vancouver,NA,Canada,CAN,
JECOL,1994,82,1,3234,Roy,,Turkington,Roy Turkington,SE,SE,NA,NA,Vancouver,NA,Canada,CAN,
JECOL,1995,83,1,3234,Roy,,Turkington,Roy Turkington,SE,SE,NA,NA,Vancouver,NA,Canada,CAN,
JECOL,1996,84,1,3234,Roy,,Turkington,Roy Turkington,SE,SE,NA,NA,Vancouver,NA,Canada,CAN,
JECOL,1997,85,1,3234,Roy,,Turkington,Roy Turkington,SE,SE,NA,NA,Vancouver,NA,Canada,CAN,
JECOL,1998,86,1,3234,Roy,,Turkington,Roy Turkington,SE,SE,NA,NA,Vancouver,NA,Canada,CAN,
JECOL,1999,87,1,3234,Roy,,Turkington,Roy Turkington,SE,SE,NA,NA,Vancouver,NA,Canada,CAN,
JECOL,2000,88,1,3234,Roy,,Turkington,Roy Turkington,SE,SE,NA,NA,Vancouver,NA,Canada,CAN,
JECOL,2001,89,1,3234,Roy,,Turkington,Roy Turkington,SE,SE,NA,NA,Vancouver,NA,Canada,CAN,
JECOL,2002,90,1,3234,Roy,,Turkington,Roy Turkington,SE,SE,NA,NA,Vancouver,NA,Canada,CAN,
JECOL,2003,91,1,3234,Roy,,Turkington,Roy Turkington,SE,SE,NA,NA,Vancouver,NA,Canada,CAN,
JECOL,2004,92,1,3234,Roy,,Turkington,Roy Turkington,SE,SE,NA,NA,Vancouver,NA,Canada,CAN,
JECOL,1993,81,1,1924,Jan,,VanGroenendael,Jan VanGroenendael,AE,AE,Agricultural University,NA,Wageningen,NA,Netherlands,NLD,
JECOL,1994,82,1,1924,Jan,,VanGroenendael,Jan VanGroenendael,AE,AE,Agricultural University,NA,Wageningen,NA,Netherlands,NLD,
JECOL,1995,83,1,1924,Jan,,VanGroenendael,Jan VanGroenendael,AE,AE,Agricultural University,NA,Wageningen,NA,Netherlands,NLD,
JECOL,1996,84,1,1924,Jan,,VanGroenendael,Jan VanGroenendael,AE,AE,Agricultural University,NA,Wageningen,NA,Netherlands,NLD,
JECOL,1992,80,1,1924,Jan,,VanGroenendael,Jan VanGroenendael,SE,SE,NA,NA,Wageningen,NA,Netherlands,NLD,
JECOL,1992,80,1,89,Alan,J,Gray,Alan J Gray,SE,SE,NA,NA,Wareham,NA,UK,GBR,
JECOL,1993,81,1,89,Alan,J,Gray,Alan J Gray,SE,SE,NA,NA,Wareham,NA,UK,GBR,
JECOL,1994,82,1,89,Alan,J,Gray,Alan J Gray,SE,SE,NA,NA,Wareham,NA,UK,GBR,
JECOL,1995,83,1,89,Alan,J,Gray,Alan J Gray,SE,SE,NA,NA,Wareham,NA,UK,GBR,
JECOL,1996,84,1,89,Alan,J,Gray,Alan J Gray,SE,SE,NA,NA,Wareham,NA,UK,GBR,
JECOL,1997,85,1,89,Alan,J,Gray,Alan J Gray,SE,SE,NA,NA,Wareham,NA,UK,GBR,
JECOL,1998,86,1,89,Alan,J,Gray,Alan J Gray,SE,SE,NA,NA,Wareham,NA,UK,GBR,
JECOL,1999,87,1,89,Alan,J,Gray,Alan J Gray,SE,SE,NA,NA,Wareham,NA,UK,GBR,
JECOL,2000,88,1,89,Alan,J,Gray,Alan J Gray,SE,SE,NA,NA,Wareham,NA,UK,GBR,
JECOL,2001,89,1,89,Alan,J,Gray,Alan J Gray,SE,SE,NA,NA,Wareham,NA,UK,GBR,
JECOL,2002,90,1,89,Alan,J,Gray,Alan J Gray,SE,SE,NA,NA,Wareham,NA,UK,GBR,
JECOL,2003,91,1,89,Alan,J,Gray,Alan J Gray,SE,SE,NA,NA,Wareham,NA,UK,GBR,
JECOL,1992,80,1,74,Alastair,H,Fitter,Alastair H Fitter,SE,SE,NA,NA,York,NA,UK,GBR,
JECOL,1994,82,1,2611,Mark,,Williamson,Mark Williamson,SE,SE,NA,NA,York,NA,UK,GBR,
JECOL,1995,83,1,2611,Mark,,Williamson,Mark Williamson,SE,SE,NA,NA,York,NA,UK,GBR,
JECOL,1996,84,1,2611,Mark,,Williamson,Mark Williamson,SE,SE,NA,NA,York,NA,UK,GBR,
JECOL,1997,85,1,74,Alastair,H,Fitter,Alastair H Fitter,SE,SE,NA,NA,York,NA,UK,GBR,
JECOL,1997,85,1,2611,Mark,,Williamson,Mark Williamson,SE,SE,NA,NA,York,NA,UK,GBR,
JECOL,1998,86,1,74,Alastair,H,Fitter,Alastair H Fitter,SE,SE,NA,NA,York,NA,UK,GBR,
JECOL,1998,86,1,2611,Mark,,Williamson,Mark Williamson,SE,SE,NA,NA,York,NA,UK,GBR,
JECOL,1999,87,1,2611,Mark,,Williamson,Mark Williamson,SE,SE,NA,NA,York,NA,UK,GBR,
JECOL,2000,88,1,2611,Mark,,Williamson,Mark Williamson,SE,SE,NA,NA,York,NA,UK,GBR,
JECOL,2001,89,1,2611,Mark,,Williamson,Mark Williamson,SE,SE,NA,NA,York,NA,UK,GBR,
JECOL,2002,90,1,2611,Mark,,Williamson,Mark Williamson,SE,SE,NA,NA,York,NA,UK,GBR,
JECOL,2003,91,1,2611,Mark,,Williamson,Mark Williamson,SE,SE,NA,NA,York,NA,UK,GBR,
JECOL,2004,92,1,2611,Mark,,Williamson,Mark Williamson,SE,SE,NA,NA,York,NA,UK,GBR,
JECOL,1993,81,1,74,Alastair,H,Fitter,Alastair H Fitter,AE,AE,York University,NA,York,NA,UK,GBR,
JECOL,1994,82,1,74,Alastair,H,Fitter,Alastair H Fitter,AE,AE,York University,NA,York,NA,UK,GBR,
JECOL,1995,83,1,74,Alastair,H,Fitter,Alastair H Fitter,AE,AE,York University,NA,York,NA,UK,GBR,
JECOL,1994,82,1,351,Bernhard,,Schmid,Bernhard Schmid,SE,SE,NA,NA,Zurich,NA,Switzerland,CHE,
JECOL,1995,83,1,351,Bernhard,,Schmid,Bernhard Schmid,SE,SE,NA,NA,Zurich,NA,Switzerland,CHE,
JECOL,1996,84,1,351,Bernhard,,Schmid,Bernhard Schmid,SE,SE,NA,NA,Zurich,NA,Switzerland,CHE,
JECOL,1997,85,1,351,Bernhard,,Schmid,Bernhard Schmid,SE,SE,NA,NA,Zurich,NA,Switzerland,CHE,
JECOL,1998,86,1,351,Bernhard,,Schmid,Bernhard Schmid,SE,SE,NA,NA,Zurich,NA,Switzerland,CHE,
JECOL,1999,87,1,351,Bernhard,,Schmid,Bernhard Schmid,SE,SE,NA,NA,Zurich,NA,Switzerland,CHE,
JECOL,2000,88,1,351,Bernhard,,Schmid,Bernhard Schmid,SE,SE,NA,NA,Zurich,NA,Switzerland,CHE,
JECOL,2001,89,1,351,Bernhard,,Schmid,Bernhard Schmid,SE,SE,NA,NA,Zurich,NA,Switzerland,CHE,
JECOL,2002,90,1,351,Bernhard,,Schmid,Bernhard Schmid,SE,SE,NA,NA,Zurich,NA,Switzerland,CHE,
JECOL,2003,91,1,351,Bernhard,,Schmid,Bernhard Schmid,SE,SE,NA,NA,Zurich,NA,Switzerland,CHE,
JECOL,1985,73,1,330,Brian,,Moss,Brian Moss,AE,AE,NA,NA,Norwich,NR4 7TJ,UK,GBR,
JECOL,1985,73,1,3874,D,A,Williams,D A Williams,SE,SE,NA,NA,Edinburgh EH9 3JZ,Scotland,UK,GBR,
JECOL,2013,101,1,2150,Luis,Santamaria,Galdon,Luis Santamaria Galdon,SE,SE,Instituto mediterraneo de Estudios Avanzados (IMEDEA),NA,NA,Spain,USA,USA,
JECOL,2012,100,1,2586,Marcel,,VanDerHeijden,Marcel VanDerHeijden,SE,SE,ART Research Station,NA,Zurich,Switzerland,Netherlands,NLD,
JECOL,1985,73,1,2583,Michael,B,Usher,Michael B Usher,SE,SE,NA,NA,York,York Y01 5DD,UK,GBR,"University of Stirling,Stirling FK9 4LA,UK"
JECOL,2009,97,1,2586,Marcel,,VanDerHeijden,Marcel VanDerHeijden,SE,SE,ART Research Stationn,NA,NA,Zurich,Netherlands,NLD,
JECOL,1988,76,1,2281,Mike,P,Austin,Mike P Austin,SE,SE,,,,,Australia,AUS,
JECOL,1989,77,1,2281,Mike,P,Austin,Mike P Austin,SE,SE,,,,,Australia,AUS,
JECOL,1990,78,1,2281,Mike,P,Austin,Mike P Austin,SE,SE,,,,,Australia,AUS,
JECOL,1991,79,1,2281,Mike,P,Austin,Mike P Austin,SE,SE,,,,,Australia,AUS,
JECOL,1988,76,1,3108,Robert,L,Jefferies,Robert L Jefferies,SE,SE,,,,,Canada,CAN,
JECOL,1989,77,1,3108,Robert,L,Jefferies,Robert L Jefferies,SE,SE,,,,,Canada,CAN,
JECOL,1990,78,1,3108,Robert,L,Jefferies,Robert L Jefferies,SE,SE,,,,,Canada,CAN,
JECOL,1991,79,1,3108,Robert,L,Jefferies,Robert L Jefferies,SE,SE,,,,,Canada,CAN,
JECOL,1997,85,1,3108,Robert,L,Jefferies,Robert L Jefferies,SE,SE,,,,,Canada,CAN,
JECOL,1998,86,1,3276,Spencer,CH,Barrett,Spencer CH Barrett,SE,SE,,,,,Canada,CAN,
JECOL,1999,87,1,3276,Spencer,CH,Barrett,Spencer CH Barrett,SE,SE,,,,,Canada,CAN,
JECOL,1986,74,1,3911,James,,White,James White,AE,AE,,,,,Ireland,IRL,
JECOL,1987,75,1,1519,John,,Connolly,John Connolly,SE,SE,,,,,Ireland,IRL,
JECOL,1987,75,1,3911,James,,White,James White,AE,AE,,,,,Ireland,IRL,
JECOL,1988,76,1,1519,John,,Connolly,John Connolly,SE,SE,,,,,Ireland,IRL,
JECOL,1988,76,1,3911,James,,White,James White,AE,AE,,,,,Ireland,IRL,
JECOL,1989,77,1,1519,John,,Connolly,John Connolly,SE,SE,,,,,Ireland,IRL,
JECOL,1989,77,1,3911,James,,White,James White,AE,AE,,,,,Ireland,IRL,
JECOL,1990,78,1,1519,John,,Connolly,John Connolly,SE,SE,,,,,Ireland,IRL,
JECOL,1990,78,1,3911,James,,White,James White,AE,AE,,,,,Ireland,IRL,
JECOL,1991,79,1,1519,John,,Connolly,John Connolly,SE,SE,,,,,Ireland,IRL,
JECOL,1991,79,1,3911,James,,White,James White,EIC,EIC,,,,,Ireland,IRL,
JECOL,1989,77,1,1036,Eddy,,VanDerMeijden,Eddy VanDerMeijden,SE,SE,,,,,Netherlands,NLD,
JECOL,1990,78,1,1036,Eddy,,VanDerMeijden,Eddy VanDerMeijden,SE,SE,,,,,Netherlands,NLD,
JECOL,1991,79,1,1036,Eddy,,VanDerMeijden,Eddy VanDerMeijden,SE,SE,,,,,Netherlands,NLD,
JECOL,1985,73,1,1564,John,R,Etherington,John R Etherington,SE,SE,,,,,UK,GBR,
JECOL,1985,73,1,289,B,,Hopkins,B Hopkins,EIC,EIC,,,,,UK,GBR,
JECOL,1985,73,1,292,B,,Huntley,B Huntley,SE,SE,,,,,UK,GBR,
JECOL,1985,73,1,2419,Michael,J,Hutchings,Michael J Hutchings,SE,SE,,,,,UK,GBR,
JECOL,1985,73,1,1704,John,A,Lee,John A Lee,AE,AE,,,,,UK,GBR,
JECOL,1986,74,1,1564,John,R,Etherington,John R Etherington,SE,SE,,,,,UK,GBR,
JECOL,1986,74,1,1608,J,P,Grime,J P Grime,SE,SE,,,,,UK,GBR,
JECOL,1986,74,1,292,B,,Huntley,B Huntley,SE,SE,,,,,UK,GBR,
JECOL,1986,74,1,2419,Michael,J,Hutchings,Michael J Hutchings,SE,SE,,,,,UK,GBR,
JECOL,1986,74,1,1704,John,,Lee,John Lee,AE,AE,,,,,UK,GBR,
JECOL,1986,74,1,330,Brian,,Moss,Brian Moss,EIC,EIC,,,,,UK,GBR,
JECOL,1986,74,1,2583,Michael,B,Usher,Michael B Usher,SE,SE,,,,,UK,GBR,
JECOL,1986,74,1,3874,D,A,Williams,D A Williams,SE,SE,,,,,UK,GBR,
JECOL,1987,75,1,2338,M,J,Crawley,M J Crawley,SE,SE,,,,,UK,GBR,
JECOL,1987,75,1,1564,John,R,Etherington,John R Etherington,SE,SE,,,,,UK,GBR,
JECOL,1987,75,1,291,B,,Huntely,B Huntely,SE,SE,,,,,UK,GBR,
JECOL,1987,75,1,2419,Michael,J,Hutchings,Michael J Hutchings,SE,SE,,,,,UK,GBR,
JECOL,1987,75,1,130,Alan,J,Lack,Alan J Lack,SE,SE,,,,,UK,GBR,
JECOL,1987,75,1,1704,John,,Lee,John Lee,AE,AE,,,,,UK,GBR,
JECOL,1987,75,1,330,Brian,,Moss,Brian Moss,EIC,EIC,,,,,UK,GBR,
JECOL,1987,75,1,3874,D,A,Williams,D A Williams,SE,SE,,,,,UK,GBR,
JECOL,1988,76,1,2338,M,J,Crawley,M J Crawley,SE,SE,,,,,UK,GBR,
JECOL,1988,76,1,1564,John,R,Etherington,John R Etherington,AE,AE,,,,,UK,GBR,
JECOL,1988,76,1,292,B,,Huntley,B Huntley,SE,SE,,,,,UK,GBR,
JECOL,1988,76,1,2419,Michael,J,Hutchings,Michael J Hutchings,SE,SE,,,,,UK,GBR,
JECOL,1988,76,1,130,Alan,J,Lack,Alan J Lack,SE,SE,,,,,UK,GBR,
JECOL,1988,76,1,1704,John,,Lee,John Lee,EIC,EIC,,,,,UK,GBR,
JECOL,1988,76,1,1872,Jonathan,,Silvertown,Jonathan Silvertown,SE,SE,,,,,UK,GBR,
JECOL,1988,76,1,3874,D,A,Williams,D A Williams,SE,SE,,,,,UK,GBR,
JECOL,1989,77,1,2338,M,J,Crawley,M J Crawley,SE,SE,,,,,UK,GBR,
JECOL,1989,77,1,1564,John,R,Etherington,John R Etherington,AE,AE,,,,,UK,GBR,
JECOL,1989,77,1,2419,Michael,J,Hutchings,Michael J Hutchings,SE,SE,,,,,UK,GBR,
JECOL,1989,77,1,130,Alan,J,Lack,Alan J Lack,SE,SE,,,,,UK,GBR,
JECOL,1989,77,1,1704,John,,Lee,John Lee,EIC,EIC,,,,,UK,GBR,
JECOL,1989,77,1,1872,Jonathan,,Silvertown,Jonathan Silvertown,SE,SE,,,,,UK,GBR,
JECOL,1989,77,1,3874,D,A,Williams,D A Williams,SE,SE,,,,,UK,GBR,
JECOL,1990,78,1,2338,M,J,Crawley,M J Crawley,SE,SE,,,,,UK,GBR,
JECOL,1990,78,1,2342,M,S,Davies,M S Davies,SE,SE,,,,,UK,GBR,
JECOL,1990,78,1,1564,John,R,Etherington,John R Etherington,AE,AE,,,,,UK,GBR,
JECOL,1990,78,1,130,Alan,J,Lack,Alan J Lack,SE,SE,,,,,UK,GBR,
JECOL,1990,78,1,1704,John,,Lee,John Lee,EIC,EIC,,,,,UK,GBR,
JECOL,1990,78,1,1872,Jonathan,,Silvertown,Jonathan Silvertown,SE,SE,,,,,UK,GBR,
JECOL,1990,78,1,3874,D,A,Williams,D A Williams,SE,SE,,,,,UK,GBR,
JECOL,1990,78,1,1144,F,Ian,Woodward,F Ian Woodward,SE,SE,,,,,UK,GBR,
JECOL,1991,79,1,2979,Richard,W,Battarbee,Richard W Battarbee,SE,SE,,,,,UK,GBR,
JECOL,1991,79,1,644,David,R,Causton,David R Causton,SE,SE,,,,,UK,GBR,
JECOL,1991,79,1,2338,M,J,Crawley,M J Crawley,SE,SE,,,,,UK,GBR,
JECOL,1991,79,1,2342,M,S,Davies,M S Davies,SE,SE,,,,,UK,GBR,
JECOL,1991,79,1,89,Alan,J,Gray,Alan J Gray,SE,SE,,,,,UK,GBR,
JECOL,1991,79,1,2419,Michael,J,Hutchings,Michael J Hutchings,SE,SE,,,,,UK,GBR,
JECOL,1991,79,1,3851,Andrew,J,Lack,Andrew J Lack,SE,SE,,,,,UK,GBR,
JECOL,1991,79,1,2869,Peter,D,Moore,Peter D Moore,AE,AE,,,,,UK,GBR,
JECOL,1991,79,1,1872,Jonathan,,Silvertown,Jonathan Silvertown,SE,SE,,,,,UK,GBR,
JECOL,1991,79,1,230,Arthur,J,Willis,Arthur J Willis,SE,SE,,,,,UK,GBR,
JECOL,1991,79,1,1144,F,Ian,Woodward,F Ian Woodward,SE,SE,,,,,UK,GBR,
JECOL,1993,81,1,230,Arthur,J,Willis,Arthur J Willis,SE,SE,,,,,UK,GBR,
JECOL,1994,82,1,230,Arthur,J,Willis,Arthur J Willis,SE,SE,,,,,UK,GBR,
JECOL,1995,83,1,230,Arthur,J,Willis,Arthur J Willis,SE,SE,,,,,UK,GBR,
JECOL,1996,84,1,230,Arthur,J,Willis,Arthur J Willis,SE,SE,,,,,UK,GBR,
JECOL,1997,85,1,230,Arthur,J,Willis,Arthur J Willis,SE,SE,,,,,UK,GBR,
JECOL,1998,86,1,230,Arthur,J,Willis,Arthur J Willis,SE,SE,,,,,UK,GBR,
JECOL,1999,87,1,230,Arthur,J,Willis,Arthur J Willis,SE,SE,,,,,UK,GBR,
JECOL,2000,88,1,230,Arthur,J,Willis,Arthur J Willis,SE,SE,,,,,UK,GBR,
JECOL,2001,89,1,230,Arthur,J,Willis,Arthur J Willis,SE,SE,,,,,UK,GBR,
JECOL,2002,90,1,230,Arthur,J,Willis,Arthur J Willis,SE,SE,,,,,UK,GBR,
JECOL,1986,74,1,3395,Stephen,P,Long,Stephen P Long,SE,SE,,,,,USA,USA,
JECOL,1987,75,1,3395,Stephen,P,Long,Stephen P Long,SE,SE,,,,,USA,USA,
JECOL,1988,76,1,3395,Stephen,P,Long,Stephen P Long,SE,SE,,,,,USA,USA,
JECOL,1989,77,1,3395,Stephen,P,Long,Stephen P Long,SE,SE,,,,,USA,USA,
JECOL,1990,78,1,3395,Stephen,P,Long,Stephen P Long,SE,SE,,,,,USA,USA,
JECOL,1991,79,1,690,David,R,Foster,David R Foster,SE,SE,,,,,USA,USA,
JECOL,1991,79,1,1210,George,L,Jacobson,George L Jacobson,SE,SE,,,,,USA,USA,
,,,,,,,,,,,,,,,,,
,,,,,,,,,,,,,,,,,
,,,,,,,,,,,,,,,,,
,,,,,,,,,,,,,,,,,
,,,,,,,,,,,,,,,,,john etherington