"JOURNAL","YEAR","VOLUME","ISSUE","editor_id.x","editor_id.y","FIRST_NAME","MIDDLE_NAME.x","LAST_NAME","TITLE","CATEGORY","CATEGORY.x","INST.x","INST.y","UNIT.x","UNIT.y","CITY.x","CITY.y","STATE","COUNTRY.x","COUNTRY.y","COUNTRY_Prior_Class","geo.code","geo.code_Prior_Class","GENDER","NOTES.y","UNIT_check","INST_check"
"BITR",1987,19,1,1247,1248,"Ghillean","T","Prance","SE","SE",NA,"","NEW YORK BOT GARDEN","",NA,NA,"Bronx",NA,"","USA",NA,"GBR",NA,NA,NA,NA,FALSE
"BITR",1990,22,1,977,978,"E","Raymond","Heithaus","EIC","EIC",NA,"","Kenyon College","",NA,NA,"Gambier",NA,"","USA",NA,"USA",NA,NA,NA,NA,FALSE
"LECO",1993,8,1,1478,1480,"J",NA,"Brandt","SE","SE",NA,"Swiss Federal Research Institute for Forest Snow and Landscape Research","Swiss Federal Research Institute WSL","",NA,NA,NA,NA,"Denmark","Denmark",NA,"DNK",NA,NA,"Incorrect",NA,FALSE
"LECO",1993,8,1,1778,1781,"J",NA,"Nassauer","SE","SE",NA,"Universidade de Sao Paulo","University of Sao Paulo","",NA,NA,NA,NA,"USA","USA",NA,"USA",NA,NA,"Incorrect",NA,FALSE
"LECO",2015,30,1,1792,1795,"J","M","Overton","SE","SE",NA,"Landcare Research Ltd","Landcare Research  Lincoln","",NA,NA,NA,NA,"","New Zealand",NA,"NZL",NA,NA,"Wrong city",NA,FALSE
"LECO",2015,30,1,2295,2299,"M",NA,"Betts","SE","SE",NA,"Universite de Sherbrooke","University of Sherbrooke","",NA,NA,NA,NA,"USA","USA",NA,"USA",NA,NA,"Incorrect",NA,FALSE
"LECO",1993,8,1,2575,2580,"M",NA,"Turner","SE","SE",NA,"Institute of Landscape Ecology of Slovak Academy of Sciences","Center of Biological and Ecological Sciences","",NA,NA,NA,NA,"USA","USA",NA,"USA",NA,NA,"Incorrect",NA,FALSE
"LECO",1987,1,1,3228,3233,"R",NA,"Tosswall","Editorial.Board","SE",NA,"University of Illinois Urbana Champaign","University of Illinois","",NA,NA,NA,NA,"Sweden","Sweden",NA,"SWE",NA,NA,"Incorrect",NA,FALSE
"LECO",1987,1,1,3387,3392,"S","A","Levin","Editorial.Board","SE",NA,"CNRS Centre dEcologie Fonctionnelle et Evolutive","Centre National de la Recherche Scientifique","",NA,NA,NA,NA,"USA","USA",NA,"USA",NA,NA,"Incorrect",NA,FALSE
"LECO",2015,30,1,3393,3398,"S","S","Luque","SE","SE",NA,"Institut national de recherche en sciences et technologies pour lenvironnement et lagriculture","National res. Inst.Of science and tech. for env.And agriculture","",NA,NA,NA,NA,"France","France",NA,"FRA",NA,NA,"Incorrect",NA,FALSE
"LECO",1987,1,1,3840,3846,"Z",NA,"Naveh","Editorial.Board","SE",NA,"Universite du Quebec en Abitibi Temiscamingue","University of Quebec in Abitibi Temiscamingue","",NA,NA,NA,NA,"Israel","Israel",NA,"ISR",NA,NA,"Incorrect",NA,FALSE
"JECOL",1992,80,1,3904,3911,"James",NA,"White","EIC","EIC",NA,"University College Dublin","University College","","Botany","Dublin","Dublin",NA,"Ireland","Ireland",NA,"IRL",NA,NA,NA,FALSE,FALSE
"JECOL",2007,95,1,2972,2977,"Richard","D","Bardgett","AE","AE",NA,"","University of Lancaster","",NA,"Lancaster","Lancaster",NA,"","United Kingdom",NA,"GBR",NA,NA,NA,NA,FALSE
"JECOL",2010,98,1,2933,2938,"Peter",NA,"Thrall","SE","SE",NA,"","CSIRO","",NA,NA,"Canberra",NA,"","Australia",NA,"AUS",NA,NA,NA,NA,FALSE
"JECOL",2005,93,1,2748,2753,"Peter",NA,"Alpert","SE","SE",NA,"University of Massachusetts Amherst","University of Massachusetts","",NA,NA,"Amherst",NA,"USA","USA",NA,"USA",NA,NA,NA,NA,FALSE
"JECOL",2014,102,1,3380,3385,"Sandra",NA,"Lavorel","SE","SE",NA,"Universite Joseph Fourier","University of Grenoble",NA,NA,NA,"Grenoble",NA,"France","France",NA,"FRA",NA,NA,NA,NA,FALSE
"JECOL",2005,93,1,3229,3234,"Roy",NA,"Turkington","SE","SE",NA,"University of British Columbia Vancouver","University of British Columbia","",NA,NA,"Vancouver",NA,"Canada","Canada",NA,"CAN",NA,NA,NA,NA,FALSE
"JECOL",2009,97,1,879,880,"David",NA,"Streeter","SE","SE",NA,"University of Exeter","University of Sussex",NA,NA,NA,"Brighton",NA,"United Kingdom","United Kingdom",NA,"GBR",NA,NA,NA,NA,FALSE
"JECOL",2005,93,1,229,230,"Arthur","J","Willis","SE","SE",NA,"","University of Sheffield","",NA,NA,NA,NA,"",NA,NA,"GBR",NA,NA,NA,NA,FALSE
"JECOL",2005,93,1,3271,3276,"Spencer","CH","Barrett","SE","SE",NA,"","University of Toronto","","Botany",NA,"Toronto",NA,"","Canada",NA,"CAN",NA,NA,NA,FALSE,FALSE
"JECOL",2009,97,1,1701,1704,"John","A","Lee","SE","SE",NA,"University Sheffield","University of Sheffield",NA,"Environmental Biology",NA,"Sheffield",NA,"United Kingdom","United Kingdom",NA,"GBR",NA,NA,NA,NA,FALSE
"JECOL",2011,99,1,2578,2583,"Michael","B","Usher","SE","SE",NA,"Unniversity of Stirling","University of Stirling",NA,NA,NA,"Stirling",NA,"United Kingdom","United Kingdom",NA,"GBR",NA,NA,NA,NA,FALSE
"JECOL",1996,84,1,74,74,"Alastair","H","Fitter","AE","AE",NA,"","University of York","",NA,NA,"York",NA,"","United Kingdom",NA,"GBR",NA,NA,NA,NA,FALSE
"JBIOG",2010,37,1,1012,1013,"Eileen","M","O'Brien","Associate.Editor","SE",NA,"University of Oxford","Oxford University","",NA,NA,NA,NA,"United Kingdom","United Kingdom",NA,"GBR",NA,NA,"Incorrect",NA,FALSE
"JBIOG",2012,39,1,2228,2232,"Luiz","A","Rocha","Associate.Editor","SE",NA,"University툞f퇶alifornia툅anta퇶ruz","Uc Santa Cruz","",NA,NA,NA,NA,"","USA",NA,"USA",NA,NA,"Incorrect",NA,FALSE
"JBIOG",2010,37,1,2351,2356,"Malte","C","Ebach","Editor","AE",NA,"University of New South Wales","Unsw","","School Of Bees",NA,NA,NA,"","Australia",NA,"AUS",NA,NA,"Incorrect",FALSE,FALSE
"CONBIO",1989,3,1,226,227,"Arthur",NA,"Westing","SE","SE",NA,"Stockholm International Peace Research Institute","International Peace Research Institute",NA,NA,NA,"Oslo","Ohio","Sweden","Norway",NA,"USA",NA,NA,NA,NA,FALSE
"CONBIO",1990,4,1,226,227,"Arthur",NA,"Westing","SE","SE",NA,"Stockholm International Peace Research Institute","International Peace Research Institute",NA,NA,NA,"Oslo",NA,"Sweden","Sweden",NA,"USA",NA,NA,NA,NA,FALSE
"CONBIO",1988,2,1,423,424,"Colin",NA,"Clark","SE","SE",NA,"University of British Columbia Vancouver","University of British Columbia","","Institute of Applied Mathematics",NA,"Vancouver",NA,"Canada","Canada",NA,"CAN",NA,NA,NA,FALSE,FALSE
"CONBIO",1989,3,1,423,424,"Colin",NA,"Clark","SE","SE",NA,"University of British Columbia Vancouver","University of British Columbia","","Institute of Applied Mathematics",NA,"Vancouver",NA,"Canada","Canada",NA,"CAN",NA,NA,NA,FALSE,FALSE
"CONBIO",1990,4,1,423,424,"Colin",NA,"Clark","SE","SE",NA,"University of British Columbia Vancouver","University of British Columbia","","Institute of Applied Mathematics",NA,"Vancouver",NA,"Canada","Canada",NA,"CAN",NA,NA,NA,FALSE,FALSE
"CONBIO",1991,5,1,423,424,"Colin",NA,"Clark","SE","SE",NA,"University of British Columbia Vancouver","University of British Columbia","","Institute of Applied Mathematics",NA,"Vancouver",NA,"Canada","Canada",NA,"CAN",NA,NA,NA,FALSE,FALSE
"CONBIO",1992,6,1,423,424,"Colin",NA,"Clark","SE","SE",NA,"University of British Columbia Vancouver","University of British Columbia","","Institute of Applied Mathematics",NA,"Vancouver",NA,"Canada","Canada",NA,"CAN",NA,NA,NA,FALSE,FALSE
"CONBIO",1993,7,1,423,424,"Colin",NA,"Clark","SE","SE",NA,"University of British Columbia Vancouver","University of British Columbia","","Institute of Applied Mathematics",NA,"Vancouver",NA,"Canada","Canada",NA,"CAN",NA,NA,NA,FALSE,FALSE
"CONBIO",1994,8,1,423,424,"Colin",NA,"Clark","SE","SE",NA,"University of British Columbia Vancouver","University of British Columbia","","Institute of Applied Mathematics",NA,"Vancouver",NA,"Canada","Canada",NA,"CAN",NA,NA,NA,FALSE,FALSE
"CONBIO",1997,11,1,454,455,"Christopher",NA,"Frissell","SE","SE",NA,"Rutgers University","University of Montana",NA,"Flathead Lake Biological Station","New Brunswick","Polson","New Jersey","USA","USA",NA,"USA",NA,NA,NA,NA,FALSE
"CONBIO",2008,22,1,544,545,"Camille",NA,"Parmesan","SE","SE",NA,"University of Texas Austin","University of Texas at Austin","","Sect Integrat Biol","Austin","Austin","Texas","USA","USA",NA,"USA",NA,NA,NA,FALSE,FALSE
"CONBIO",2009,23,1,544,545,"Camille",NA,"Parmesan","SE","SE",NA,"University of Texas Austin","University of Texas at Austin","","Sect Integrat Biol",NA,"Austin",NA,"USA","USA",NA,"USA",NA,NA,NA,FALSE,FALSE
"CONBIO",2008,22,1,656,657,"Denis",NA,"Couvet","SE","SE",NA,"","National History Museum Paris","","Institute of Applied Mathematics","Paris","Paris","Ile-de-France","",NA,NA,"FRA",NA,NA,NA,FALSE,FALSE
"CONBIO",2009,23,1,656,657,"Denis",NA,"Couvet","SE","SE",NA,"","National History Museum Paris","","Institute of Applied Mathematics",NA,"Paris",NA,"","France",NA,"FRA",NA,NA,NA,FALSE,FALSE
"CONBIO",2010,24,1,656,657,"Denis",NA,"Couvet","SE","SE",NA,"","National History Museum Paris","","Institute of Applied Mathematics",NA,"Paris",NA,"","France",NA,"FRA",NA,NA,NA,FALSE,FALSE
"CONBIO",2011,25,1,656,657,"Denis",NA,"Couvet","SE","SE",NA,"","National History Museum Paris","","Institute of Applied Mathematics",NA,"Paris",NA,"","France",NA,"FRA",NA,NA,NA,FALSE,FALSE
"CONBIO",2012,26,1,656,657,"Denis",NA,"Couvet","SE","SE",NA,"","National History Museum Paris","","Institute of Applied Mathematics",NA,"Paris",NA,"","France",NA,"FRA",NA,NA,NA,FALSE,FALSE
"CONBIO",2013,27,1,656,657,"Denis",NA,"Couvet","SE","SE",NA,"","National History Museum Paris","","Institute of Applied Mathematics",NA,"Paris",NA,"","France",NA,"FRA",NA,NA,NA,FALSE,FALSE
"CONBIO",2014,28,1,656,657,"Denis",NA,"Couvet","SE","SE",NA,"","National History Museum Paris","","Institute of Applied Mathematics",NA,"Paris",NA,"","France",NA,"FRA",NA,NA,NA,FALSE,FALSE
"CONBIO",1987,1,1,971,972,"Eville",NA,"Gorham","SE","SE",NA,"University of Minnesota Twin Cities","University of Minnesota","","Ecology and Botany","Minneapolis-St. Paul","Minneapolis-St. Paul","Minnesota","USA","USA",NA,"USA",NA,NA,NA,FALSE,FALSE
"CONBIO",1988,2,1,971,972,"Eville",NA,"Gorham","SE","SE",NA,"University of Minnesota Twin Cities","University of Minnesota","","Ecology and Botany",NA,"Minneapolis-St. Paul",NA,"USA","USA",NA,"USA",NA,NA,NA,FALSE,FALSE
"CONBIO",1991,5,1,1046,1047,"Fred",NA,"Allendorf","SE","SE",NA,"University of Melbourne","University of Montana",NA,"Biology",NA,"Missoula",NA,"USA","USA",NA,"USA",NA,NA,NA,NA,FALSE
"CONBIO",1992,6,1,1046,1047,"Fred",NA,"Allendorf","SE","SE",NA,"University of Melbourne","University of Montana",NA,"Biology",NA,"Missoula",NA,"USA","USA",NA,"USA",NA,NA,NA,NA,FALSE
"CONBIO",2003,17,1,1149,1150,"Gary","E","Belovsky","SE","SE",NA,"","Notre Dame","","Environmental Research Center","London","Notre Dame","England","","USA",NA,"GBR",NA,NA,NA,FALSE,FALSE
"CONBIO",2004,18,1,1149,1150,"Gary","E","Belovsky","SE","SE",NA,"","Notre Dame","","Environmental Research Center",NA,"Notre Dame",NA,"","USA",NA,"GBR",NA,NA,NA,FALSE,FALSE
"CONBIO",2005,19,1,1149,1150,"Gary","E","Belovsky","SE","SE",NA,"","Notre Dame","","Environmental Research Center",NA,"Notre Dame",NA,"","USA",NA,"GBR",NA,NA,NA,FALSE,FALSE
"CONBIO",2006,20,1,1149,1150,"Gary","E","Belovsky","SE","SE",NA,"","Notre Dame","","Environmental Research Center",NA,"Notre Dame",NA,"","USA",NA,"GBR",NA,NA,NA,FALSE,FALSE
"CONBIO",2007,21,1,1149,1150,"Gary","E","Belovsky","SE","SE",NA,"","Notre Dame","","Environmental Research Center",NA,"Notre Dame",NA,"","USA",NA,"GBR",NA,NA,NA,FALSE,FALSE
"CONBIO",2008,22,1,1149,1150,"Gary","E","Belovsky","SE","SE",NA,"","Notre Dame","","Environmental Research Center",NA,"Notre Dame",NA,"","USA",NA,"GBR",NA,NA,NA,FALSE,FALSE
"CONBIO",2009,23,1,1149,1150,"Gary","E","Belovsky","SE","SE",NA,"","Notre Dame","","Environmental Research Center",NA,"Notre Dame",NA,"","USA",NA,"GBR",NA,NA,NA,FALSE,FALSE
"CONBIO",1987,1,1,1217,1218,"Grenville",NA,"Lucas","SE","SE",NA,"","Royal botanic gardens kew","","Dept Environm Studies",NA,"Richmond",NA,"","United Kingdom",NA,"GBR",NA,NA,NA,FALSE,FALSE
"CONBIO",1988,2,1,1217,1218,"Grenville",NA,"Lucas","SE","SE",NA,"","Royal botanic gardens kew","","Dept Environm Studies",NA,"Richmond",NA,"","United Kingdom",NA,"GBR",NA,NA,NA,FALSE,FALSE
"CONBIO",1989,3,1,1217,1218,"Grenville",NA,"Lucas","SE","SE",NA,"","Royal botanic gardens kew","","Dept Environm Studies",NA,"Richmond",NA,"","United Kingdom",NA,"GBR",NA,NA,NA,FALSE,FALSE
"CONBIO",1990,4,1,1217,1218,"Grenville",NA,"Lucas","SE","SE",NA,"","Royal botanic gardens kew","","Dept Environm Studies",NA,"Richmond",NA,"","United Kingdom",NA,"GBR",NA,NA,NA,FALSE,FALSE
"CONBIO",1991,5,1,1217,1218,"Grenville",NA,"Lucas","SE","SE",NA,"","Royal botanic gardens kew","","Dept Environm Studies",NA,"Richmond",NA,"","United Kingdom",NA,"GBR",NA,NA,NA,FALSE,FALSE
"CONBIO",1988,2,1,1228,1229,"Gary","K","Meffe","SE","SE",NA,"Savannah River Ecology Laboratory","University of Georgia",NA,"Savannah River Ecology Laboratory","Aiken","Aiken","South Carolina","USA","USA",NA,"USA",NA,NA,NA,NA,FALSE
"CONBIO",1989,3,1,1228,1229,"Gary","K","Meffe","SE","SE",NA,"Savannah River Ecology Laboratory","University of Georgia",NA,"Savannah River Ecology Laboratory",NA,"Aiken",NA,"USA","USA",NA,"USA",NA,NA,NA,NA,FALSE
"CONBIO",1990,4,1,1228,1229,"Gary","K","Meffe","SE","SE",NA,"Savannah River Ecology Laboratory","University of Georgia",NA,"Savannah River Ecology Laboratory",NA,"Aiken",NA,"USA","USA",NA,"USA",NA,NA,NA,NA,FALSE
"CONBIO",1992,6,1,1228,1229,"Gary","K","Meffe","SE","SE",NA,"University of Montana","University of Georgia",NA,"Savannah River Ecology Laboratory",NA,"Aiken",NA,"USA","USA",NA,"USA",NA,NA,NA,NA,FALSE
"CONBIO",1993,7,1,1228,1229,"Gary","K","Meffe","SE","SE",NA,"University of Montana","University of Georgia",NA,"Savannah River Ecology Laboratory",NA,"Aiken",NA,"USA","USA",NA,"USA",NA,NA,NA,NA,FALSE
"CONBIO",1994,8,1,1228,1229,"Gary","K","Meffe","SE","SE",NA,"University of Montana","University of Georgia",NA,"Savannah River Ecology Laboratory",NA,"Aiken",NA,"USA","USA",NA,"USA",NA,NA,NA,NA,FALSE
"CONBIO",1995,9,1,1228,1229,"Gary","K","Meffe","SE","SE",NA,"University of Montana","University of Georgia",NA,"Savannah River Ecology Laboratory",NA,"Aiken",NA,"USA","USA",NA,"USA",NA,NA,NA,NA,FALSE
"CONBIO",1996,10,1,1228,1229,"Gary","K","Meffe","SE","SE",NA,"University of Montana","University of Georgia",NA,"Savannah River Ecology Laboratory",NA,"Aiken",NA,"USA","USA",NA,"USA",NA,NA,NA,NA,FALSE
"CONBIO",1997,11,1,1228,1229,"Gary","K","Meffe","SE","SE",NA,"University of Montana","University of Georgia",NA,"Savannah River Ecology Laboratory",NA,"Aiken",NA,"USA","USA",NA,"USA",NA,NA,NA,NA,FALSE
"CONBIO",2014,28,1,1337,1339,"Hamish",NA,"McCallum","SE","SE",NA,"Griffith University","CSIRO",NA,"Environm Futures Res Inst",NA,"Dutton Park",NA,"Australia","Australia",NA,"AUS",NA,NA,NA,NA,FALSE
"CONBIO",2004,18,1,1451,1453,"Jordi",NA,"Bascompte","SE","SE",NA,"CSIC Estacion Biologica Donana","Do침ana Biological Station","","Integrative Ecology Group",NA,"Sevilla",NA,"Spain","Spain",NA,"ESP",NA,NA,NA,FALSE,FALSE
"CONBIO",2005,19,1,1451,1453,"Jordi",NA,"Bascompte","SE","SE",NA,"CSIC Estacion Biologica Donana","Do침ana Biological Station","","Integrative Ecology Group",NA,"Sevilla",NA,"Spain","Spain",NA,"ESP",NA,NA,NA,FALSE,FALSE
"CONBIO",2006,20,1,1451,1453,"Jordi",NA,"Bascompte","SE","SE",NA,"CSIC Estacion Biologica Donana","Do침ana Biological Station","","Integrative Ecology Group",NA,"Sevilla",NA,"Spain","Spain",NA,"ESP",NA,NA,NA,FALSE,FALSE
"CONBIO",2007,21,1,1451,1453,"Jordi",NA,"Bascompte","SE","SE",NA,"CSIC Estacion Biologica Donana","Do침ana Biological Station","","Integrative Ecology Group",NA,"Sevilla",NA,"Spain","Spain",NA,"ESP",NA,NA,NA,FALSE,FALSE
"CONBIO",2008,22,1,1451,1453,"Jordi",NA,"Bascompte","SE","SE",NA,"CSIC Estacion Biologica Donana","Do침ana Biological Station","","Integrative Ecology Group",NA,"Sevilla",NA,"Spain","Spain",NA,"ESP",NA,NA,NA,FALSE,FALSE
"CONBIO",2009,23,1,1451,1453,"Jordi",NA,"Bascompte","SE","SE",NA,"CSIC Estacion Biologica Donana","Do침ana Biological Station","","Integrative Ecology Group",NA,"Sevilla",NA,"Spain","Spain",NA,"ESP",NA,NA,NA,FALSE,FALSE
"CONBIO",2013,27,1,1461,1463,"Joel",NA,"Berger","SE","SE",NA,"Wildlife Conservation Society","University of Montana Wildlife Conservation Society",NA,"Div Biol Sci",NA,"Missoula",NA,"USA","USA",NA,"USA",NA,NA,"University of Montana",NA,FALSE
"CONBIO",2014,28,1,1461,1463,"Joel",NA,"Berger","SE","SE",NA,"Wildlife Conservation Society","University of Montana Wildlife Conservation Society",NA,"Div Biol Sci",NA,"Missoula",NA,"USA","USA",NA,"USA",NA,NA,NA,NA,FALSE
"CONBIO",2013,27,1,1509,1511,"Joshua",NA,"Cinner","SE","SE",NA,"Columbia University","James Cook University",NA,"ARC Centre of Excellence for Coral Reef Studies","Manhattan","Townsville","New York","Australia","Australia",NA,"AUS",NA,NA,NA,NA,FALSE
"CONBIO",1989,3,1,1578,1580,"Jerry",NA,"Franklin","SE","SE",NA,"US Forest Service","University of Washington",NA,"College of Forestry Resources",NA,"Seattle",NA,"USA","USA",NA,"USA",NA,NA,"USDA Forest Service",NA,FALSE
"CONBIO",1990,4,1,1578,1580,"Jerry",NA,"Franklin","SE","SE",NA,"US Forest Service","University of Washington",NA,"College of Forestry Resources",NA,"Seattle",NA,"USA","USA",NA,"USA",NA,NA,"USDA Forest Service",NA,FALSE
"CONBIO",1991,5,1,1578,1580,"Jerry",NA,"Franklin","SE","SE",NA,"US Forest Service","University of Washington",NA,"College of Forestry Resources",NA,"Seattle",NA,"USA","USA",NA,"USA",NA,NA,"USDA Forest Service",NA,FALSE
"CONBIO",1992,6,1,1578,1580,"Jerry",NA,"Franklin","SE","SE",NA,"US Forest Service","University of Washington",NA,"College of Forestry Resources",NA,"Seattle",NA,"USA","USA",NA,"USA",NA,NA,"USDA Forest Service",NA,FALSE
"CONBIO",1993,7,1,1578,1580,"Jerry",NA,"Franklin","SE","SE",NA,"US Forest Service","University of Washington",NA,"College of Forestry Resources",NA,"Seattle",NA,"USA","USA",NA,"USA",NA,NA,"USDA Forest Service",NA,FALSE
"CONBIO",1994,8,1,1834,1838,"John","G","Robinson","SE","SE",NA,"Wildlife Conservation Society","NYZS/Wildlife Conservation Society",NA,NA,NA,"Bronx",NA,"USA","USA",NA,"USA",NA,NA,NA,NA,FALSE
"CONBIO",1995,9,1,1834,1838,"John","G","Robinson","SE","SE",NA,"Wildlife Conservation Society","NYZS/Wildlife Conservation Society",NA,NA,NA,"Bronx",NA,"USA","USA",NA,"USA",NA,NA,NA,NA,FALSE
"CONBIO",1996,10,1,1834,1838,"John","G","Robinson","SE","SE",NA,"Wildlife Conservation Society","NYZS/Wildlife Conservation Society",NA,NA,NA,"Bronx",NA,"USA","USA",NA,"USA",NA,NA,NA,NA,FALSE
"CONBIO",1997,11,1,1834,1838,"John","G","Robinson","SE","SE",NA,"Wildlife Conservation Society","NYZS/Wildlife Conservation Society",NA,NA,NA,"Bronx",NA,"USA","USA",NA,"USA",NA,NA,NA,NA,FALSE
"CONBIO",1998,12,1,1834,1838,"John","G","Robinson","SE","SE",NA,"Wildlife Conservation Society","NYZS/Wildlife Conservation Society",NA,NA,NA,"Bronx",NA,"USA","USA",NA,"USA",NA,NA,NA,NA,FALSE
"CONBIO",1999,13,1,1834,1838,"John","G","Robinson","SE","SE",NA,"Wildlife Conservation Society","NYZS/Wildlife Conservation Society",NA,NA,NA,"Bronx",NA,"USA","USA",NA,"USA",NA,NA,NA,NA,FALSE
"CONBIO",2000,14,1,1834,1838,"John","G","Robinson","SE","SE",NA,"Wildlife Conservation Society","NYZS/Wildlife Conservation Society",NA,NA,NA,"Bronx",NA,"USA","USA",NA,"USA",NA,NA,NA,NA,FALSE
"CONBIO",2001,15,1,1834,1838,"John","G","Robinson","SE","SE",NA,"Wildlife Conservation Society","NYZS/Wildlife Conservation Society",NA,NA,NA,"Bronx",NA,"USA","USA",NA,"USA",NA,NA,NA,NA,FALSE
"CONBIO",2002,16,1,1834,1838,"John","G","Robinson","SE","SE",NA,"Wildlife Conservation Society","NYZS/Wildlife Conservation Society",NA,NA,NA,"Bronx",NA,"USA","USA",NA,"USA",NA,NA,NA,NA,FALSE
"CONBIO",2003,17,1,1834,1838,"John","G","Robinson","SE","SE",NA,"Wildlife Conservation Society","NYZS/Wildlife Conservation Society",NA,NA,NA,"Bronx",NA,"USA","USA",NA,"USA",NA,NA,NA,NA,FALSE
"CONBIO",2004,18,1,1834,1838,"John","G","Robinson","SE","SE",NA,"Wildlife Conservation Society","NYZS/Wildlife Conservation Society",NA,NA,NA,"Bronx",NA,"USA","USA",NA,"USA",NA,NA,NA,NA,FALSE
"CONBIO",2008,22,1,1835,1839,"Jon","Paul","Rodriguez","SE","SE",NA,"","Venezuelan Institute For Scientific Investigation","","Center for Ecology","Altos de Pipe","Caracas",NA,"","Venezuela",NA,"VEN",NA,NA,NA,FALSE,FALSE
"CONBIO",2009,23,1,1835,1839,"Jon","Paul","Rodriguez","SE","SE",NA,"","Venezuelan Institute For Scientific Investigation","","Center for Ecology",NA,"Caracas",NA,"","Venezuela",NA,"VEN",NA,NA,NA,FALSE,FALSE
"CONBIO",2010,24,1,1835,1839,"Jon","Paul","Rodriguez","SE","SE",NA,"","Venezuelan Institute For Scientific Investigation","","Center for Ecology",NA,"Caracas",NA,"","Venezuela",NA,"VEN",NA,NA,NA,FALSE,FALSE
"CONBIO",2011,25,1,1835,1839,"Jon","Paul","Rodriguez","SE","SE",NA,"","Venezuelan Institute For Scientific Investigation","","Center for Ecology",NA,"Caracas",NA,"","Venezuela",NA,"VEN",NA,NA,NA,FALSE,FALSE
"CONBIO",2012,26,1,1835,1839,"Jon","Paul","Rodriguez","SE","SE",NA,"","Venezuelan Institute For Scientific Investigation","","Center for Ecology",NA,"Caracas",NA,"","Venezuela",NA,"VEN",NA,NA,NA,FALSE,FALSE
"CONBIO",2013,27,1,1835,1839,"Jon","Paul","Rodriguez","SE","SE",NA,"","Venezuelan Institute For Scientific Investigation","","Center for Ecology",NA,"Caracas",NA,"","Venezuela",NA,"VEN",NA,NA,NA,FALSE,FALSE
"CONBIO",2014,28,1,1835,1839,"Jon","Paul","Rodriguez","SE","SE",NA,"","Venezuelan Institute For Scientific Investigation","","Center for Ecology",NA,"Caracas",NA,"","Venezuela",NA,"VEN",NA,NA,NA,FALSE,FALSE
"CONBIO",1999,13,1,2012,2016,"Kent",NA,"Holsinger","SE","SE",NA,"","University of Connecticut","","Department of Ecology & Evolutionary Biology",NA,"Storrs",NA,"","USA",NA,"USA",NA,NA,NA,FALSE,FALSE
"CONBIO",2000,14,1,2012,2016,"Kent",NA,"Holsinger","SE","SE",NA,"","University of Connecticut","","Department of Ecology & Evolutionary Biology",NA,"Storrs",NA,"","USA",NA,"USA",NA,NA,NA,FALSE,FALSE
"CONBIO",2001,15,1,2012,2016,"Kent",NA,"Holsinger","SE","SE",NA,"","University of Connecticut","","Department of Ecology & Evolutionary Biology",NA,"Storrs",NA,"","USA",NA,"USA",NA,NA,NA,FALSE,FALSE
"CONBIO",2002,16,1,2012,2016,"Kent",NA,"Holsinger","SE","SE",NA,"","University of Connecticut","","Department of Ecology & Evolutionary Biology",NA,"Storrs",NA,"","USA",NA,"USA",NA,NA,NA,FALSE,FALSE
"CONBIO",2003,17,1,2012,2016,"Kent",NA,"Holsinger","SE","SE",NA,"","University of Connecticut","","Department of Ecology & Evolutionary Biology",NA,"Storrs",NA,"","USA",NA,"USA",NA,NA,NA,FALSE,FALSE
"CONBIO",2004,18,1,2012,2016,"Kent",NA,"Holsinger","SE","SE",NA,"","University of Connecticut","","Department of Ecology & Evolutionary Biology",NA,"Storrs",NA,"","USA",NA,"USA",NA,NA,NA,FALSE,FALSE
"CONBIO",2005,19,1,2012,2016,"Kent",NA,"Holsinger","SE","SE",NA,"","University of Connecticut","","Department of Ecology & Evolutionary Biology",NA,"Storrs",NA,"","USA",NA,"USA",NA,NA,NA,FALSE,FALSE
"CONBIO",1998,12,1,2069,2073,"Kent","H","Redford","SE","SE",NA,"Wildlife Conservation Society","NYZS/Wildlife Conservation Society",NA,NA,NA,"Bronx",NA,"USA","USA",NA,"USA",NA,NA,NA,NA,FALSE
"CONBIO",1999,13,1,2069,2073,"Kent","H","Redford","SE","SE",NA,"Wildlife Conservation Society","NYZS/Wildlife Conservation Society",NA,NA,NA,"Bronx",NA,"USA","USA",NA,"USA",NA,NA,NA,NA,FALSE
"CONBIO",2000,14,1,2069,2073,"Kent","H","Redford","SE","SE",NA,"Wildlife Conservation Society","NYZS/Wildlife Conservation Society",NA,NA,NA,"Bronx",NA,"USA","USA",NA,"USA",NA,NA,NA,NA,FALSE
"CONBIO",2001,15,1,2069,2073,"Kent","H","Redford","SE","SE",NA,"Wildlife Conservation Society","NYZS/Wildlife Conservation Society",NA,NA,NA,"Bronx",NA,"USA","USA",NA,"USA",NA,NA,NA,NA,FALSE
"CONBIO",2002,16,1,2069,2073,"Kent","H","Redford","SE","SE",NA,"Wildlife Conservation Society","NYZS/Wildlife Conservation Society",NA,NA,NA,"Bronx",NA,"USA","USA",NA,"USA",NA,NA,NA,NA,FALSE
"CONBIO",2003,17,1,2069,2073,"Kent","H","Redford","SE","SE",NA,"Wildlife Conservation Society","NYZS/Wildlife Conservation Society",NA,NA,NA,"Bronx",NA,"USA","USA",NA,"USA",NA,NA,NA,NA,FALSE
"CONBIO",2004,18,1,2069,2073,"Kent","H","Redford","SE","SE",NA,"Wildlife Conservation Society","NYZS/Wildlife Conservation Society",NA,NA,NA,"Bronx",NA,"USA","USA",NA,"USA",NA,NA,NA,NA,FALSE
"CONBIO",2013,27,1,2083,2087,"Kathleen",NA,"Segerson","SE","SE",NA,"","University of Connecticut","","Economics","Storrs","Storrs","Connecticut","",NA,NA,"USA",NA,NA,NA,FALSE,FALSE
"CONBIO",2014,28,1,2083,2087,"Kathleen",NA,"Segerson","SE","SE",NA,"","University of Connecticut","","Economics",NA,"Storrs",NA,"","USA",NA,"USA",NA,NA,NA,FALSE,FALSE
"CONBIO",1997,11,1,2179,2183,"Lee","B","Kats","SE","SE",NA,"","Pepperdine University","","Division of Natural Science","Los Angeles","Malibu","California","",NA,NA,"USA",NA,NA,NA,FALSE,FALSE
"CONBIO",1998,12,1,2179,2183,"Lee","B","Kats","SE","SE",NA,"","Pepperdine University","","Division of Natural Science",NA,"Malibu",NA,"","USA",NA,"USA",NA,NA,NA,FALSE,FALSE
"CONBIO",1999,13,1,2179,2183,"Lee","B","Kats","SE","SE",NA,"","Pepperdine University","","Division of Natural Science",NA,"Malibu",NA,"","USA",NA,"USA",NA,NA,NA,FALSE,FALSE
"CONBIO",2000,14,1,2179,2183,"Lee","B","Kats","SE","SE",NA,"","Pepperdine University","","Division of Natural Science",NA,"Malibu",NA,"","USA",NA,"USA",NA,NA,NA,FALSE,FALSE
"CONBIO",2001,15,1,2179,2183,"Lee","B","Kats","SE","SE",NA,"","Pepperdine University","","Division of Natural Science",NA,"Malibu",NA,"","USA",NA,"USA",NA,NA,NA,FALSE,FALSE
"CONBIO",2002,16,1,2179,2183,"Lee","B","Kats","SE","SE",NA,"","Pepperdine University","","Division of Natural Science",NA,"Malibu",NA,"","USA",NA,"USA",NA,NA,NA,FALSE,FALSE
"CONBIO",2003,17,1,2179,2183,"Lee","B","Kats","SE","SE",NA,"","Pepperdine University","","Division of Natural Science",NA,"Malibu",NA,"","USA",NA,"USA",NA,NA,NA,FALSE,FALSE
"CONBIO",2004,18,1,2179,2183,"Lee","B","Kats","SE","SE",NA,"","Pepperdine University","","Division of Natural Science",NA,"Malibu",NA,"","USA",NA,"USA",NA,NA,NA,FALSE,FALSE
"CONBIO",2005,19,1,2179,2183,"Lee","B","Kats","SE","SE",NA,"","Pepperdine University","","Division of Natural Science",NA,"Malibu",NA,"","USA",NA,"USA",NA,NA,NA,FALSE,FALSE
"CONBIO",2006,20,1,2179,2183,"Lee","B","Kats","SE","SE",NA,"","Pepperdine University","","Division of Natural Science",NA,"Malibu",NA,"","USA",NA,"USA",NA,NA,NA,FALSE,FALSE
"CONBIO",2007,21,1,2179,2183,"Lee","B","Kats","SE","SE",NA,"","Pepperdine University","","Division of Natural Science",NA,"Malibu",NA,"","USA",NA,"USA",NA,NA,NA,FALSE,FALSE
"CONBIO",2008,22,1,2179,2183,"Lee","B","Kats","SE","SE",NA,"","Pepperdine University","","Division of Natural Science",NA,"Malibu",NA,"","USA",NA,"USA",NA,NA,NA,FALSE,FALSE
"CONBIO",2009,23,1,2179,2183,"Lee","B","Kats","SE","SE",NA,"","Pepperdine University","","Division of Natural Science",NA,"Malibu",NA,"","USA",NA,"USA",NA,NA,NA,FALSE,FALSE
"CONBIO",2010,24,1,2179,2183,"Lee","B","Kats","SE","SE",NA,"","Pepperdine University","","Division of Natural Science",NA,"Malibu",NA,"","USA",NA,"USA",NA,NA,NA,FALSE,FALSE
"CONBIO",2011,25,1,2179,2183,"Lee","B","Kats","SE","SE",NA,"","Pepperdine University","","Division of Natural Science",NA,"Malibu",NA,"","USA",NA,"USA",NA,NA,NA,FALSE,FALSE
"CONBIO",2012,26,1,2179,2183,"Lee","B","Kats","SE","SE",NA,"","Pepperdine University","","Division of Natural Science",NA,"Malibu",NA,"","USA",NA,"USA",NA,NA,NA,FALSE,FALSE
"CONBIO",2013,27,1,2179,2183,"Lee","B","Kats","SE","SE",NA,"","Pepperdine University","","Division of Natural Science",NA,"Malibu",NA,"","USA",NA,"USA",NA,NA,NA,FALSE,FALSE
"CONBIO",2014,28,1,2179,2183,"Lee","B","Kats","SE","SE",NA,"","Pepperdine University","","Division of Natural Science",NA,"Malibu",NA,"","USA",NA,"USA",NA,NA,NA,FALSE,FALSE
"CONBIO",2009,23,1,2511,2516,"Michelle",NA,"Pinard","SE","SE",NA,"University of Aberdeen","Colorado State University",NA,NA,NA,"Fort Collins",NA,"United Kingdom","United Kingdom",NA,"GBR",NA,NA,NA,NA,FALSE
"CONBIO",2010,24,1,2511,2516,"Michelle",NA,"Pinard","SE","SE",NA,"University of Aberdeen","Colorado State University",NA,NA,NA,"Fort Collins",NA,"United Kingdom","United Kingdom",NA,"GBR",NA,NA,NA,NA,FALSE
"CONBIO",2011,25,1,2511,2516,"Michelle",NA,"Pinard","SE","SE",NA,"University of Aberdeen","Colorado State University",NA,NA,NA,"Fort Collins",NA,"United Kingdom","United Kingdom",NA,"GBR",NA,NA,NA,NA,FALSE
"CONBIO",2012,26,1,2511,2516,"Michelle",NA,"Pinard","SE","SE",NA,"University of Aberdeen","Colorado State University",NA,"IBES",NA,"Fort Collins",NA,"United Kingdom","United Kingdom",NA,"GBR",NA,NA,NA,NA,FALSE
"CONBIO",2001,15,1,2608,2613,"Mary","F","Willson","SE","SE",NA,"","University of Alaska","",NA,"Fairbanks","Fairbanks","Alaska","","USA",NA,"USA",NA,NA,NA,NA,FALSE
"CONBIO",2002,16,1,2608,2613,"Mary","F","Willson","SE","SE",NA,"","University of Alaska","",NA,NA,"Fairbanks",NA,"","USA",NA,"USA",NA,NA,NA,NA,FALSE
"CONBIO",2003,17,1,2608,2613,"Mary","F","Willson","SE","SE",NA,"","University of Alaska","",NA,NA,"Fairbanks",NA,"","USA",NA,"USA",NA,NA,NA,NA,FALSE
"CONBIO",2004,18,1,2608,2613,"Mary","F","Willson","SE","SE",NA,"","University of Alaska","",NA,NA,"Fairbanks",NA,"","USA",NA,"USA",NA,NA,NA,NA,FALSE
"CONBIO",2005,19,1,2688,2693,"Navjot","S","Sodhi","SE","SE",NA,"","National University of Singapore","",NA,NA,NA,NA,"","Singapore",NA,"SGP",NA,NA,NA,NA,FALSE
"CONBIO",2006,20,1,2688,2693,"Navjot","S","Sodhi","SE","SE",NA,"","National University of Singapore","",NA,NA,NA,NA,"","Singapore",NA,"SGP",NA,NA,NA,NA,FALSE
"CONBIO",2007,21,1,2688,2693,"Navjot","S","Sodhi","SE","SE",NA,"","National University of Singapore","",NA,NA,NA,NA,"","Singapore",NA,"SGP",NA,NA,NA,NA,FALSE
"CONBIO",2008,22,1,2688,2693,"Navjot","S","Sodhi","SE","SE",NA,"","National University of Singapore","",NA,NA,NA,NA,"","Singapore",NA,"SGP",NA,NA,NA,NA,FALSE
"CONBIO",2009,23,1,2688,2693,"Navjot","S","Sodhi","SE","SE",NA,"","National University of Singapore","",NA,NA,NA,NA,"","Singapore",NA,"SGP",NA,NA,NA,NA,FALSE
"CONBIO",2010,24,1,2688,2693,"Navjot","S","Sodhi","SE","SE",NA,"","National University of Singapore","",NA,NA,NA,NA,"","Singapore",NA,"SGP",NA,NA,NA,NA,FALSE
"CONBIO",2010,24,1,2751,2756,"Paul","L","Angermeier","SE","SE",NA,"Virginia Polytechnic Institute and State University","Virginia polytechnic institute and state university",NA,"Virginia Cooperat Fish & Wildlife Res Unit",NA,"Blacksburg",NA,"USA","USA",NA,"USA",NA,NA,NA,NA,FALSE
"CONBIO",2011,25,1,2751,2756,"Paul","L","Angermeier","SE","SE",NA,"Virginia Polytechnic Institute and State University","Virginia polytechnic institute and state university",NA,"Virginia Cooperat Fish & Wildlife Res Unit",NA,"Blacksburg",NA,"USA","USA",NA,"USA",NA,NA,NA,NA,FALSE
"CONBIO",2012,26,1,2751,2756,"Paul","L","Angermeier","SE","SE",NA,"Virginia Polytechnic Institute and State University","Virginia polytechnic institute and state university",NA,"Virginia Cooperat Fish & Wildlife Res Unit",NA,"Blacksburg",NA,"USA","USA",NA,"USA",NA,NA,NA,NA,FALSE
"CONBIO",2013,27,1,2751,2756,"Paul","L","Angermeier","SE","SE",NA,"Virginia Polytechnic Institute and State University","Virginia polytechnic institute and state university",NA,"Virginia Cooperat Fish & Wildlife Res Unit",NA,"Blacksburg",NA,"USA","USA",NA,"USA",NA,NA,NA,NA,FALSE
"CONBIO",2014,28,1,2751,2756,"Paul","L","Angermeier","SE","SE",NA,"Virginia Polytechnic Institute and State University","Virginia polytechnic institute and state university",NA,"Virginia Cooperat Fish & Wildlife Res Unit",NA,"Blacksburg",NA,"USA","USA",NA,"USA",NA,NA,NA,NA,FALSE
"CONBIO",2006,20,1,2786,2791,"Peter",NA,"Daszak","SE","SE",NA,"University of Nevada Reno","Consortium for Conservation Medicine",NA,"Department of Marine Affairs",NA,"New York City",NA,"USA","USA",NA,"USA",NA,NA,NA,NA,FALSE
"CONBIO",2007,21,1,2786,2791,"Peter",NA,"Daszak","SE","SE",NA,"University of Nevada Reno","Consortium for Conservation Medicine",NA,"Department of Marine Affairs",NA,"New York City",NA,"USA","USA",NA,"USA",NA,NA,NA,NA,FALSE
"CONBIO",2008,22,1,2786,2791,"Peter",NA,"Daszak","SE","SE",NA,"University of Nevada Reno","Consortium for Conservation Medicine",NA,"Department of Marine Affairs",NA,"New York City",NA,"USA","USA",NA,"USA",NA,NA,NA,NA,FALSE
"CONBIO",2009,23,1,2786,2791,"Peter",NA,"Daszak","SE","SE",NA,"University of Nevada Reno","Consortium for Conservation Medicine",NA,"Department of Marine Affairs",NA,"New York City",NA,"USA","USA",NA,"USA",NA,NA,NA,NA,FALSE
"CONBIO",2010,24,1,2786,2791,"Peter",NA,"Daszak","SE","SE",NA,"University of Nevada Reno","Consortium for Conservation Medicine",NA,"Department of Marine Affairs",NA,"New York City",NA,"USA","USA",NA,"USA",NA,NA,NA,NA,FALSE
"CONBIO",2011,25,1,2786,2791,"Peter",NA,"Daszak","SE","SE",NA,"University of Nevada Reno","Consortium for Conservation Medicine",NA,"Department of Marine Affairs",NA,"New York City",NA,"USA","USA",NA,"USA",NA,NA,NA,NA,FALSE
"CONBIO",1999,13,1,2792,2797,"Peter",NA,"Dratch","SE","SE",NA,"National Fish and Wildlife Forensics Laboratory","US Fish and Wildlife Service",NA,"Vermont Cooperat Fish & Wildlife Res Unit",NA,"Ashland",NA,"USA","USA",NA,"USA",NA,NA,NA,NA,FALSE
"CONBIO",2000,14,1,2792,2797,"Peter",NA,"Dratch","SE","SE",NA,"National Fish and Wildlife Forensics Laboratory","US Fish and Wildlife Service",NA,"Vermont Cooperat Fish & Wildlife Res Unit",NA,"Ashland",NA,"USA","USA",NA,"USA",NA,NA,NA,NA,FALSE
"CONBIO",2011,25,1,2799,2804,"Paul",NA,"Ferraro","SE","SE",NA,"","Georgia State University","","Department of Economics","Atlanta","Atlanta","Georgia","","USA",NA,"USA",NA,NA,NA,FALSE,FALSE
"CONBIO",2012,26,1,2799,2804,"Paul",NA,"Ferraro","SE","SE",NA,"","Georgia State University","","Department of Economics",NA,"Atlanta",NA,"","USA",NA,"USA",NA,NA,NA,FALSE,FALSE
"CONBIO",2002,16,1,2800,2805,"Peggy","L","Fiedler","AE","AE",NA,"L C Lee and Associates Inc.","L.C. Lee and Associates Inc.",NA,"Department of Economics","Alameda","Alameda","California","USA","USA",NA,"USA",NA,NA,NA,NA,FALSE
"CONBIO",2003,17,1,2800,2805,"Peggy","L","Fiedler","AE","AE",NA,"L C Lee and Associates Inc.","L.C. Lee and Associates Inc.",NA,"Department of Economics",NA,"Alameda",NA,"USA","USA",NA,"USA",NA,NA,NA,NA,FALSE
"CONBIO",2004,18,1,2800,2805,"Peggy","L","Fiedler","AE","AE",NA,"L C Lee and Associates Inc.","L.C. Lee and Associates Inc.",NA,"Department of Economics",NA,"Alameda",NA,"USA","USA",NA,"USA",NA,NA,NA,NA,FALSE
"CONBIO",2002,16,1,2952,2957,"Paul",NA,"Williams","SE","SE",NA,"","Natural History Museum","",NA,NA,"London",NA,"","United Kingdom",NA,"USA",NA,NA,NA,NA,FALSE
"CONBIO",2003,17,1,2952,2957,"Paul",NA,"Williams","SE","SE",NA,"","Natural History Museum","",NA,NA,"London",NA,"","United Kingdom",NA,"USA",NA,NA,NA,NA,FALSE
"CONBIO",2004,18,1,2952,2957,"Paul",NA,"Williams","SE","SE",NA,"","Natural History Museum","",NA,NA,"London",NA,"","United Kingdom",NA,"USA",NA,NA,NA,NA,FALSE
"CONBIO",2005,19,1,2952,2957,"Paul",NA,"Williams","SE","SE",NA,"","Natural History Museum","",NA,NA,"London",NA,"","United Kingdom",NA,"USA",NA,NA,NA,NA,FALSE
"CONBIO",2009,23,1,2964,2969,"Resit",NA,"Akcakaya","SE","SE",NA,"","Stonybrook University","","Department of Ecology and Evolution","Stony Brook","Stony Brook","New York","","USA",NA,"USA",NA,NA,NA,FALSE,FALSE
"CONBIO",2012,26,1,2964,2969,"Resit",NA,"Akcakaya","SE","SE",NA,"","Stonybrook University","","Department of Ecology and Evolution",NA,"Stony Brook",NA,"","USA",NA,"USA",NA,NA,NA,FALSE,FALSE
"CONBIO",2013,27,1,2964,2969,"Resit",NA,"Akcakaya","SE","SE",NA,"","Stonybrook University","","Department of Ecology and Evolution",NA,"Stony Brook",NA,"","USA",NA,"USA",NA,NA,NA,FALSE,FALSE
"CONBIO",2014,28,1,2964,2969,"Resit",NA,"Akcakaya","SE","SE",NA,"","Stonybrook University","","Department of Ecology and Evolution",NA,"Stony Brook",NA,"","USA",NA,"USA",NA,NA,NA,FALSE,FALSE
"CONBIO",1987,1,1,3029,3034,"Raymon",NA,"Dasmann","SE","SE",NA,"Unaffiliated","University of California Santa Cruz","","Department of Marine Affairs","Santa Cruz","Santa Cruz","California","USA","USA",NA,"USA",NA,NA,NA,FALSE,FALSE
"CONBIO",1988,2,1,3029,3034,"Raymon",NA,"Dasmann","SE","SE",NA,"Unaffiliated","University of California Santa Cruz","","Department of Marine Affairs",NA,"Santa Cruz",NA,"USA","USA",NA,"USA",NA,NA,NA,FALSE,FALSE
"CONBIO",1989,3,1,3029,3034,"Raymon",NA,"Dasmann","SE","SE",NA,"Unaffiliated","University of California Santa Cruz","","Department of Marine Affairs",NA,"Santa Cruz",NA,"USA","USA",NA,"USA",NA,NA,NA,FALSE,FALSE
"CONBIO",1990,4,1,3029,3034,"Raymon",NA,"Dasmann","SE","SE",NA,"Unaffiliated","University of California Santa Cruz","","Department of Marine Affairs",NA,"Santa Cruz",NA,"USA","USA",NA,"USA",NA,NA,NA,FALSE,FALSE
"CONBIO",1994,8,1,3074,3079,"R","Edward","Grumbine","SE","SE",NA,"University of California Santa Cruz","University of California Santa Cruz Extension","Extension","Sierra Institute","Santa Clara","Santa Cruz","California","USA","USA",NA,"USA",NA,NA,NA,FALSE,FALSE
"CONBIO",1995,9,1,3074,3079,"R","Edward","Grumbine","SE","SE",NA,"University of California Santa Cruz","University of California Santa Cruz Extension",NA,"Sierra Institute",NA,"Santa Cruz",NA,"USA","USA",NA,"USA",NA,NA,NA,NA,FALSE
"CONBIO",1996,10,1,3074,3079,"R","Edward","Grumbine","SE","SE",NA,"University of California Santa Cruz","University of California Santa Cruz Extension",NA,"Sierra Institute",NA,"Santa Cruz",NA,"USA","USA",NA,"USA",NA,NA,NA,NA,FALSE
"CONBIO",1997,11,1,3074,3079,"R","Edward","Grumbine","SE","SE",NA,"University of California Santa Cruz","University of California Santa Cruz Extension",NA,"Sierra Institute",NA,"Santa Cruz",NA,"USA","USA",NA,"USA",NA,NA,NA,NA,FALSE
"CONBIO",1998,12,1,3074,3079,"R","Edward","Grumbine","SE","SE",NA,"University of California Santa Cruz","University of California Santa Cruz Extension",NA,"Sierra Institute",NA,"Santa Cruz",NA,"USA","USA",NA,"USA",NA,NA,NA,NA,FALSE
"CONBIO",1999,13,1,3074,3079,"R","Edward","Grumbine","SE","SE",NA,"University of California Santa Cruz","University of California Santa Cruz Extension",NA,"Sierra Institute",NA,"Santa Cruz",NA,"USA","USA",NA,"USA",NA,NA,NA,NA,FALSE
"CONBIO",2000,14,1,3074,3079,"R","Edward","Grumbine","SE","SE",NA,"University of California Santa Cruz","University of California Santa Cruz Extension",NA,"Sierra Institute",NA,"Santa Cruz",NA,"USA","USA",NA,"USA",NA,NA,NA,NA,FALSE
"CONBIO",2001,15,1,3074,3079,"R","Edward","Grumbine","SE","SE",NA,"University of California Santa Cruz","University of California Santa Cruz Extension",NA,"Sierra Institute",NA,"Santa Cruz",NA,"USA","USA",NA,"USA",NA,NA,NA,NA,FALSE
"CONBIO",1998,12,1,3171,3176,"Reed",NA,"Noss","Consulting.Editor","SPECIAL",NA,"Oregon State University","Conservation Biology Institute",NA,"School of Forestry",NA,"Corvallis",NA,"USA","USA",NA,"USA",NA,NA,NA,NA,FALSE
"CONBIO",1999,13,1,3171,3176,"Reed",NA,"Noss","Consulting.Editor","SPECIAL",NA,"Oregon State University","Conservation Biology Institute",NA,"School of Forestry",NA,"Corvallis",NA,"USA","USA",NA,"USA",NA,NA,NA,NA,FALSE
"CONBIO",2000,14,1,3171,3176,"Reed",NA,"Noss","Consulting.Editor","SPECIAL",NA,"Oregon State University","Conservation Biology Institute",NA,"School of Forestry",NA,"Corvallis",NA,"USA","USA",NA,"USA",NA,NA,NA,NA,FALSE
"CONBIO",2001,15,1,3171,3176,"Reed",NA,"Noss","Consulting.Editor","SPECIAL",NA,"Oregon State University","Conservation Biology Institute",NA,"School of Forestry",NA,"Corvallis",NA,"USA","USA",NA,"USA",NA,NA,NA,NA,FALSE
"CONBIO",2002,16,1,3171,3176,"Reed",NA,"Noss","Consulting.Editor","SPECIAL",NA,"Oregon State University","Conservation Biology Institute",NA,"School of Forestry",NA,"Corvallis",NA,"USA","USA",NA,"USA",NA,NA,NA,NA,FALSE
"CONBIO",1988,2,1,3236,3241,"Robert",NA,"Vrijenhoek","SE","SE",NA,"Rutgers University","Universite de Moncton",NA,NA,NA,"Moncton",NA,"USA","USA",NA,"USA",NA,NA,NA,NA,FALSE
"CONBIO",1989,3,1,3236,3241,"Robert",NA,"Vrijenhoek","SE","SE",NA,"Rutgers University","Universite de Moncton",NA,NA,NA,"Moncton",NA,"USA","USA",NA,"USA",NA,NA,NA,NA,FALSE
"CONBIO",1990,4,1,3236,3241,"Robert",NA,"Vrijenhoek","SE","SE",NA,"Rutgers University","Universite de Moncton",NA,NA,NA,"Moncton",NA,"USA","USA",NA,"USA",NA,NA,NA,NA,FALSE
"CONBIO",1991,5,1,3236,3241,"Robert",NA,"Vrijenhoek","SE","SE",NA,"Rutgers University","Universite de Moncton",NA,NA,NA,"Moncton",NA,"USA","USA",NA,"USA",NA,NA,NA,NA,FALSE
"CONBIO",1992,6,1,3236,3241,"Robert",NA,"Vrijenhoek","SE","SE",NA,"Rutgers University","Universite de Moncton",NA,NA,NA,"Moncton",NA,"USA","USA",NA,"USA",NA,NA,NA,NA,FALSE
"CONBIO",1993,7,1,3236,3241,"Robert",NA,"Vrijenhoek","SE","SE",NA,"Rutgers University","Universite de Moncton",NA,NA,NA,"Moncton",NA,"USA","USA",NA,"USA",NA,NA,NA,NA,FALSE
"CONBIO",1994,8,1,3236,3241,"Robert",NA,"Vrijenhoek","SE","SE",NA,"Rutgers University","Universite de Moncton",NA,NA,NA,"Moncton",NA,"USA","USA",NA,"USA",NA,NA,NA,NA,FALSE
"CONBIO",2001,15,1,3264,3269,"Sandy","J","Andelman","SE","SE",NA,"National Center for Ecological Analysis and Synthesis","University of California",NA,"National Center for Ecological Analysis and Synthesis","Santa Barbara","Santa Barbara","California","USA","USA",NA,"USA",NA,NA,NA,NA,FALSE
"CONBIO",2002,16,1,3264,3269,"Sandy","J","Andelman","SE","SE",NA,"National Center for Ecological Analysis and Synthesis","University of California",NA,"National Center for Ecological Analysis and Synthesis",NA,"Santa Barbara",NA,"USA","USA",NA,"USA",NA,NA,NA,NA,FALSE
"CONBIO",2003,17,1,3264,3269,"Sandy","J","Andelman","SE","SE",NA,"National Center for Ecological Analysis and Synthesis","University of California",NA,"National Center for Ecological Analysis and Synthesis",NA,"Santa Barbara",NA,"USA","USA",NA,"USA",NA,NA,NA,NA,FALSE
"CONBIO",1998,12,1,3434,3439,"Stuart","L","Pimm","SE","SE",NA,"University of Tennessee","Colorado State University",NA,NA,NA,"Fort Collins",NA,"USA","USA",NA,"USA",NA,NA,NA,NA,FALSE
"CONBIO",1999,13,1,3434,3439,"Stuart","L","Pimm","SE","SE",NA,"University of Tennessee","Colorado State University",NA,NA,NA,"Fort Collins",NA,"USA","USA",NA,"USA",NA,NA,NA,NA,FALSE
"CONBIO",2000,14,1,3434,3439,"Stuart","L","Pimm","SE","SE",NA,"University of Tennessee","Colorado State University",NA,NA,NA,"Fort Collins",NA,"USA","USA",NA,"USA",NA,NA,NA,NA,FALSE
"CONBIO",2001,15,1,3434,3439,"Stuart","L","Pimm","SE","SE",NA,"University of Tennessee","Colorado State University",NA,NA,NA,"Fort Collins",NA,"USA","USA",NA,"USA",NA,NA,NA,NA,FALSE
"CONBIO",1997,11,1,3763,3769,"William","C","McComb","SE","SE",NA,"University of Massachusetts Amherst","University of Massachusetts","","Department of Natural Resources & Conservation","Amherst","Amherst","Massachusetts","USA","USA",NA,"USA",NA,NA,NA,FALSE,FALSE
"CONBIO",1998,12,1,3763,3769,"William","C","McComb","SE","SE",NA,"University of Massachusetts Amherst","University of Massachusetts","","Department of Natural Resources & Conservation",NA,"Amherst",NA,"USA","USA",NA,"USA",NA,NA,NA,FALSE,FALSE
"CONBIO",1999,13,1,3763,3769,"William","C","McComb","SE","SE",NA,"University of Massachusetts Amherst","University of Massachusetts","","Department of Natural Resources & Conservation",NA,"Amherst",NA,"USA","USA",NA,"USA",NA,NA,NA,FALSE,FALSE
"CONBIO",2000,14,1,3763,3769,"William","C","McComb","SE","SE",NA,"University of Massachusetts Amherst","University of Massachusetts","","Department of Natural Resources & Conservation",NA,"Amherst",NA,"USA","USA",NA,"USA",NA,NA,NA,FALSE,FALSE
"CONBIO",2001,15,1,3763,3769,"William","C","McComb","SE","SE",NA,"University of Massachusetts Amherst","University of Massachusetts","","Department of Natural Resources & Conservation",NA,"Amherst",NA,"USA","USA",NA,"USA",NA,NA,NA,FALSE,FALSE
"CONBIO",2002,16,1,3763,3769,"William","C","McComb","SE","SE",NA,"University of Massachusetts Amherst","University of Massachusetts","","Department of Natural Resources & Conservation",NA,"Amherst",NA,"USA","USA",NA,"USA",NA,NA,NA,FALSE,FALSE
"CONBIO",2003,17,1,3763,3769,"William","C","McComb","SE","SE",NA,"University of Massachusetts Amherst","University of Massachusetts","","Department of Natural Resources & Conservation",NA,"Amherst",NA,"USA","USA",NA,"USA",NA,NA,NA,FALSE,FALSE
"AMNAT",1992,139,1,1882,1886,"Judy","A","Stamps","Editorial.Board","SE",NA,"University of California","University of California Davis",NA,"CNRS",NA,"Davis",NA,"USA","USA",NA,"USA",NA,NA,NA,NA,FALSE
"AMNAT",1999,153,1,662,663,"Donald","L","DeAngelis","Editorial.Board","SE",NA,"US Geological Survey","Queens University",NA,"Ontario Canada",NA,"Kingston",NA,"USA","USA",NA,"USA",NA,NA,NA,NA,FALSE
"AMNAT",2001,157,1,3769,3775,"William","F","Morris","Editorial.Board","SE",NA,"","Duke University","","CNRS",NA,"Durham",NA,"","USA",NA,"USA",NA,NA,NA,FALSE,FALSE
"AMNAT",2003,161,1,2928,2933,"Peter","D","Taylor","Editorial.Board","SE",NA,"","Queens University","","CNRS",NA,"Kingston",NA,"","Canada",NA,"CAN",NA,NA,NA,FALSE,FALSE
"AMNAT",2004,163,1,256,257,"Bernard","J","Crespi","Editorial.Board","SE",NA,"","Simon Fraser University","","Ontario Canada",NA,"Burnaby",NA,"","canada",NA,"CAN",NA,NA,NA,FALSE,FALSE
"AMNAT",2004,163,1,1609,1612,"James","P","Grover","Editorial.Board","SE",NA,"University of Texas Austin","University of Texas Alrington","","CNRS",NA,"Arlington",NA,"USA","USA",NA,"USA",NA,NA,NA,FALSE,FALSE
"AMNAT",2004,163,1,2672,2677,"Nipam","H","Patel","Editorial.Board","SE",NA,"University of California","University of California Berkeley",NA,"CNRS",NA,"Berkeley",NA,"USA","USA",NA,"USA",NA,NA,NA,NA,FALSE
"AMNAT",2015,186,1,630,631,"Daniel","I","Bolnick","Editorial.Board","SE",NA,"University of Texas Austin","University of Texas","","Ontario Canada",NA,"Austin",NA,"USA","USA",NA,"USA",NA,NA,NA,FALSE,FALSE
"AMNAT",2015,186,1,2440,2445,"Mathew","A","Leibold","Editorial.Board","SE",NA,"University of Texas Austin","University of Texas at Austin","","CNRS",NA,"Austin",NA,"USA","USA",NA,"USA",NA,NA,NA,FALSE,FALSE
"AMNAT",2015,186,1,838,839,"David","N","Reznick","Editorial.Board","SE",NA,"University of California","University of California Riverside",NA,"CNRS",NA,"Riverside",NA,"USA","USA",NA,"USA",NA,NA,NA,NA,FALSE
"AMNAT",2015,186,1,845,846,"Daniel","L","Roelke","Editorial.Board","SE",NA,"Texas A and M University","Texas A & M University",NA,"CNRS",NA,"College Station",NA,"USA","USA",NA,"USA",NA,NA,NA,NA,FALSE
"AMNAT",2015,186,1,3692,3698,"Volker","HW","Rudolf","Editorial.Board","SE",NA,"","Rice University","","CNRS",NA,"Houston",NA,"",NA,NA,"USA",NA,NA,NA,FALSE,FALSE
"AMNAT",2015,186,1,1881,1885,"John","J","Stachowicz","Editorial.Board","SE",NA,"University of California","University of California Davis",NA,"CNRS",NA,"Davis",NA,"USA","USA",NA,"USA",NA,NA,NA,NA,FALSE
"AMNAT",2015,186,1,1038,1039,"Egbert","H","VanNes","Editorial.Board","SE",NA,"","Wageningen University","","CNRS",NA,"Wageningen",NA,"",NA,NA,"NLD",NA,NA,NA,FALSE,FALSE
