JOURNAL,YEAR,FIRST_NAME,MIDDLE_NAME,LAST_NAME,INST,COUNTRY
AGRONOMY,1985,D,Green,Cummins,,USA
AGRONOMY,1985,L,A,Harper,,USA
AGRONOMY,1985,M,L,Hooker,,USA
AGRONOMY,1985,C,Cooper,King,,USA
AGRONOMY,1985,W,R,Kneebone,,USA
AGRONOMY,1985,T,R,Peck,,USA
AGRONOMY,1985,James,F,Power,,USA
AGRONOMY,1985,P,N,Soltanpour,,USA
AGRONOMY,1985,John,F,Stone,,USA
AGRONOMY,1985,I,D,Teare,,USA
AGRONOMY,1986,David,A,Lauer,,USA
AGRONOMY,1986,Danny,H,Smith,,USA
AGRONOMY,1988,Harold,,Reetz,,USA
AGRONOMY,1989,John,,Sij,,USA
AGRONOMY,1990,Stephen,,Merrill,,USA
AGRONOMY,1991,Douglas,,Johnson,,USA
AGRONOMY,1992,William,,Hallmark,,USA
AGRONOMY,1994,Jerry,,Bennett,,USA
AGRONOMY,1994,John,,Berdahl,,USA
AGRONOMY,1996,Udai,,Bishnoi,,USA
AGRONOMY,1997,Donald,,Brandon,,USA
AGRONOMY,1999,William,,Luellen,,USA
AGRONOMY,2000,Michael,,Mullen,,USA
AGRONOMY,2002,Roland,,Buresh,,Philippines
AGRONOMY,2003,Paul,,Peterson,,USA
AGRONOMY,2008,Vijaykumar,,Bhosekar,,Canada
AGRONOMY,2008,Ronald,,Gehl,,USA
AGRONOMY,2008,Steven,,Petrie,,USA
AGRONOMY,2012,Vince,,Davis,,USA
AGRONOMY,2014,Jack ,,Martin,,USA
AJB,1985,Theodore,,Delevoryas,,USA
AJB,1995,Robin,Lee,Chazdon,,USA
AJB,1995,James,,Mauseth,,USA
AJB,2005,Paul,,Kenrick,,United Kingdom
AJB,2005,Jane,,Langdale,,United Kingdom
AJB,2006,James,L,Hamrick,,USA
AJB,2006,Deborah,,Kohn,,United Kingdom
AJB,2006,Robert,A,Raguso,,USA
AJB,2012,Roland,,Ennos,,United Kingdom
AMNAT,1985,Harold,A,Mooney,,USA
AMNAT,1985,Jonathan,,Roughgarden,,USA
AMNAT,1991,Deborah,,Charlesworth,,USA
AMNAT,1991,Peter,,Chesson,,Australia
AMNAT,1991,Robert,K,Colwell,,USA
AMNAT,1991,Jerry,A,Coyne,,USA
AMNAT,1991,Mark,,Kirkpatrick,,USA
AMNAT,1991,Thomas,R,Meagher,,USA
AMNAT,1991,John,,Pastor,,USA
AMNAT,1991,Leslie,A,Real,,USA
AMNAT,1991,V,Louise,Roth,,USA
AMNAT,1991,Jon,,Seger,,USA
AMNAT,1991,David,,Tilma,,USA
AMNAT,1991,Joseph,,Travis,,USA
AMNAT,1991,Chung-I,,Wu,,USA
AMNAT,1992,Jeanne,,Altmann,,USA
AMNAT,1992,Yoh,,Iwasa,,Japan
AMNAT,1992,Alejandro,,Kacelnik,,United Kingdom
AMNAT,1992,Joel,Green,Kingsolver,,USA
AMNAT,1992,Richard,,Law,,United Kingdom
AMNAT,1992,Marcy,,Uyenoyama,,USA
AMNAT,1994,Theodore,,Garland,,USA
AMNAT,1994,Ruth,Green,Shaw,,USA
AMNAT,1995,Patsy,,Haccou,,Netherlands
AMNAT,1996,H,CharlesJ,Godfray,,United Kingdom
AMNAT,1996,Susan,,Harrison,,USA
AMNAT,1996,Peter,,Kareiva,,USA
AMNAT,1997,Joy,,Bergelson,,USA
AMNAT,1997,Mark,,Pagel,,United Kingdom
AMNAT,1997,Marlene,,Zuk,,USA
AMNAT,1998,Nicholas,,Barton,,United Kingdom
AMNAT,1998,Ilkka,,Hanski,,Finland
AMNAT,1998,Dolph,,Schluter,,Canada
AMNAT,1998,Andrew,,Sih,,USA
AMNAT,1999,Jim,,Bull,,USA
AMNAT,1999,Lenore,,Fahrig,,Canada
AMNAT,1999,Mathew,,Leibold,,USA
AMNAT,1999,Hugh,,Possingham,,Australia
AMNAT,1999,Kermit,,Ritland,,Canada
AMNAT,1999,Daniel,,Simberloff,,USA
AMNAT,1999,Lewi,,Stone,,Israel
AMNAT,2001,Daniel,,Doak,,USA
AMNAT,2001,Jim,,Elser,,USA
AMNAT,2001,Locke,,Rowe,,Canada
AMNAT,2001,Johanna,,Schmitt,,USA
AMNAT,2002,Austin,,Burt,,United Kingdom
AMNAT,2002,Jef,,Huisman,,Netherlands
AMNAT,2002,Per,,Lundberg,,Sweden
AMNAT,2002,Isabel,,Olivieri,,France
AMNAT,2002,Nicolas,,Perrin,,France
AMNAT,2002,Trevor,,Price,,USA
AMNAT,2002,Daniel,,Promislow,,USA
AMNAT,2002,Ben,,Sheldon,,United Kingdom
AMNAT,2002,Chris,,Thomas,,United Kingdom
AMNAT,2002,Mark,,Westoby,,Australia
AMNAT,2003,Cliff,,Cunningham,,USA
AMNAT,2003,Sebastian,,Diehl,,Germany
AMNAT,2003,Sergey,,Gavrilets,,USA
AMNAT,2003,Philippe,,Jarne,,France
AMNAT,2003,Allan,,Larson,,USA
AMNAT,2003,Curt,,Lively,,USA
AMNAT,2003,Patricia,,Parker,,USA
AMNAT,2003,Kaustuv,,Roy,,USA
AMNAT,2003,Barbara,,Schaal,,USA
AMNAT,2003,Peter,,Wainwright,,USA
AMNAT,2004,Mark,,Blows,,Australia
AMNAT,2004,Benjamin,,Bolker,,USA
AMNAT,2004,Michel,,Loreau,,France
AMNAT,2004,Axel,,Meyer,,Germany
AMNAT,2004,Peter,,Nonacs,,USA
AMNAT,2005,Michael,,Whitlock,,Canada
AMNAT,2006,Elizabeth,,Adkins-Regan,,USA
AMNAT,2006,Bradley,R,Anholt,,Canada
AMNAT,2006,Tia-Lynn,,Ashman,,USA
AMNAT,2006,Edmund,D,Brodie,,USA
AMNAT,2006,Judith,L,Bronstein,,USA
AMNAT,2006,Armando,,Caballero,,Spain
AMNAT,2006,Jonathan,M,Chase,,USA
AMNAT,2006,Steven,L,Chown,,South Africa
AMNAT,2006,Hans,,Cornelissen,,Netherlands
AMNAT,2006,Tim,,Coulson,,United Kingdom
AMNAT,2006,Bernard,J,Crespi,,Canada
AMNAT,2006,Troy,,Day,,Canada
AMNAT,2006,Donald,L,DeAngelis,,USA
AMNAT,2006,Robert,,Dudley,,USA
AMNAT,2006,Elizabeth,,Elle,,Canada
AMNAT,2006,Douglas,H,Erwin,,USA
AMNAT,2006,William,F,Fagan,,USA
AMNAT,2006,James,D,Fry,,USA
AMNAT,2006,Greg,,Gibson,,USA
AMNAT,2006,George,W,Gilchrist,,USA
AMNAT,2006,Luc-Alain,,Giraldeau,,Canada
AMNAT,2006,Richard,,Gomulkiewicz,,USA
AMNAT,2006,Volker,,Grimm,,Germany
AMNAT,2006,James,P,Grover,,USA
AMNAT,2006,Stephen,B,Heard,,Canada
AMNAT,2006,Michael,E,Hellberg,,USA
AMNAT,2006,Marcel,,Holyoak,,USA
AMNAT,2006,Raymond,B,Huey,,USA
AMNAT,2006,Frederic,C,Janzen,,USA
AMNAT,2006,Matt,J,Keeling,,United Kingdom
AMNAT,2006,Ellen,D,Ketterson,,USA
AMNAT,2006,Thomas,,Lenormand,,France
AMNAT,2006,Jonathan,B,Losos,,USA
AMNAT,2006,John,M,McNamara,,United Kingdom
AMNAT,2006,Yannis,,Michalakis,,France
AMNAT,2006,Robert,,Montgomerie,,Canada
AMNAT,2006,Wolf,M,Mooij,,Netherlands
AMNAT,2006,Allen,J,Moore,,United Kingdom
AMNAT,2006,Peter,J,Morin,,USA
AMNAT,2006,William,F,Morris,,USA
AMNAT,2006,Mohamed,AF,Noor,,USA
AMNAT,2006,Nipam,H,Patel,,USA
AMNAT,2006,Christopher,W,Petersen,,USA
AMNAT,2006,Catherine,A,Pfister,,USA
AMNAT,2006,Susanne,S,Renner,,USA
AMNAT,2006,David,N,Reznick,,USA
AMNAT,2006,Michael,J,Ryan,,USA
AMNAT,2006,Christopher,J,Schneider,,USA
AMNAT,2006,Andrew,,Solow,,USA
AMNAT,2006,Judy,,Stamps,,USA
AMNAT,2006,Sonia,,Sultan,,USA
AMNAT,2006,Peter,D,Taylor,,Canada
AMNAT,2006,David,,Waxman,,United Kingdom
AMNAT,2006,Stuart,,West,,United Kingdom
AMNAT,2006,John,J,Wiens,,USA
AMNAT,2006,Will,,Wilson,,USA
AMNAT,2007,Priyanga,,Amarasekare,,USA
AMNAT,2007,Goran,,Arnqvist,,Sweden
AMNAT,2007,Craig,W,Benkman,,USA
AMNAT,2007,Andrew,,Clarke,,United Kingdom
AMNAT,2007,Claire,,deMezancourt,,United Kingdom
AMNAT,2007,Kathleen,,Donohue,,USA
AMNAT,2007,Monica,A,Geber,,USA
AMNAT,2007,Bruce,C,Jayne,,USA
AMNAT,2007,Christopher,A,Klausmeier,,USA
AMNAT,2007,Justin,,Marshall,,Australia
AMNAT,2007,Emilia,,Martins,,USA
AMNAT,2007,Sergey,,Nuzhdin,,USA
AMNAT,2007,Anna,,Qvarnstrom,,Sweden
AMNAT,2007,Thomas,N,Sherratt,,Canada
AMNAT,2007,Franz,J,Weissing,,Netherlands
AMNAT,2007,Henry,M,Wilbur,,USA
AMNAT,2008,David,D,Ackerly,,USA
AMNAT,2008,Gregory,E,Demas,,USA
AMNAT,2008,Greg,,Dwyer,,USA
AMNAT,2008,Jukka,,Jokela,,Switzerland
AMNAT,2008,Susan,,Kalisz,,USA
AMNAT,2008,Martin,J,Lechowicz,,Canada
AMNAT,2008,Marc,,Mangel,,USA
AMNAT,2008,John,L,Maron,,USA
AMNAT,2008,Sean,H,Rice,,USA
AMNAT,2008,Daniel,L,Roelke,,USA
AMNAT,2008,Pej,,Rohani,,USA
AMNAT,2009,Fredrick,R,Adler,,USA
AMNAT,2009,Maydianne,CB,Andrade,,Canada
AMNAT,2009,Charles,F,Baer,,USA
AMNAT,2009,Uta,,Berger,,Germany
AMNAT,2009,Daniel,I,Bolnick,,USA
AMNAT,2009,Janette,W,Boughman,,USA
AMNAT,2009,Blaine,J,Cole,,USA
AMNAT,2009,Ross,H,Crozier,,Australia
AMNAT,2009,Christopher,Green,Eckert,,Canada
AMNAT,2009,Santiago,F,Elena,,Spain
AMNAT,2009,Carol,C,Horvitz,,USA
AMNAT,2009,Lynn,D,Houck,,USA
AMNAT,2009,Mark,A,McPeek,,USA
AMNAT,2009,Michael,Green,Neubert,,USA
AMNAT,2009,Tommaso,,Pizzari,,United Kingdom
AMNAT,2009,Axel,Green,Rossberg,,Austria
AMNAT,2009,Diane,S,Srivastava,,Canada
AMNAT,2009,Egbert,H,VanNes,,Netherlands
AMNAT,2010,Dean,C,Adams,,USA
AMNAT,2010,Suzanne,H,Alonzo,,USA
AMNAT,2010,Kevin,J,Gaston,,United Kingdom
AMNAT,2010,Ary,A,Hoffmann,,Australia
AMNAT,2010,Gregory,,Hurst,,United Kingdom
AMNAT,2010,Darren,,Irwin,,Canada
AMNAT,2010,Vlastimil,,Krivan,,Czech Republic
AMNAT,2010,Sergio,,Rinaldi,,Italy
AMNAT,2010,Oswald,J,Schmitz,,USA
AMNAT,2010,Scott,J,Steppan,,USA
AMNAT,2010,Erik,,Svensson,,Sweden
AMNAT,2011,Anurag,,Agrawal,,USA
AMNAT,2011,Michael,,Angilletta,,USA
AMNAT,2011,Jean-Michel,,Gaillard,,France
AMNAT,2011,Carlos,,MartinezDelRio,,USA
AMNAT,2011,Brian,J,McGill,,USA
AMNAT,2011,Maria,,Servedio,,USA
AMNAT,2012,Andy,,Gardner,,United Kingdom
AMNAT,2012,Kimberly,A,Hughes,,USA
AMNAT,2012,John,J,Stachowicz,,USA
AMNAT,2012,Joshua,,Tewksbury,,USA
AMNAT,2013,Russell,,Bonduriansky,,Australia
AMNAT,2013,Jurgen,,Groeneveld,,Germany
AMNAT,2013,J,Albert C,Uy,,USA
AMNAT,2013,Tony,D,Williams,,Canada
AMNAT,2014,Sean,R,Connolly,,Australia
AMNAT,2014,Kevin,,Gross,,USA
AMNAT,2014,Spencer,R,Hall,,USA
AMNAT,2014,Lawrence,,Harder,,Canada
AMNAT,2014,Luke,,Harmon,,USA
AMNAT,2014,J,Nathaniel,Holland,,USA
AMNAT,2014,Michael,,Kearney,,Australia
AMNAT,2014,Andrew,J,Kerkhoff,,USA
AMNAT,2014,Scott,L,Nuismer,,USA
AMNAT,2014,Sean,,ODonnell,,USA
AMNAT,2014,Volker,HW,Rudolf,,USA
AMNAT,2014,Mark,,Vellend,,Canada
AMNAT,2014,Alice,A,Winn,,USA
AMNAT,2015,Meghan,,Duffy,,USA
AMNAT,2015,Ian,,Dworkin,,USA
AMNAT,2015,Megan,,Frederickson,,Canada
AMNAT,2015,Rebecca,,Fuller,,USA
AMNAT,2015,Jeff,,Leips,,USA
AREES,1985,Joseph,,Felsenstein,,USA
AREES,1985,David,M,Raup,,USA
AREES,1985,Herman,H,Shugart,,USA
AREES,1985,Beryl,B,Simpson,,USA
AREES,1985,Patricia,A,Werner,,USA
AREES,1986,Frances,C,James,,USA
AREES,1987,Douglas,J,Futuyma,,USA
AREES,1988,Peter,M,Vitousek,,USA
AREES,1989,James,L,Hamrick,,USA
AREES,1989,David,,Jablonski,,USA
AREES,1991,Joseph,,Travis,,USA
AREES,1992,John,C,Avise,,USA
AREES,1993,Stephen,R,Carpenter,,USA
AREES,1994,Douglas,H,Erwin,,USA
AREES,1994,Victoria,,Sork,,USA
AREES,1995,Judy,L,Meyer,,USA
AREES,1996,H,Bradley,Shaffer,,USA
AREES,1997,Richard,G,Harrison,,USA
AREES,1999,James,S,Clark,,USA
AREES,1999,Scott,,Wing,,USA
AREES,2000,William,H,Schlesinger,,USA
AREES,2002,C,Drew,Harvell,,USA
AREES,2002,Michael,J,Ryan,,USA
AREES,2002,Douglas,W,Schemske,,USA
AREES,2004,Michael,J,Foote,,USA
AREES,2004,Lars,O,Hedin,,USA
BIOCON,1985,F,,BOURLIERE,,France
BIOCON,1985,A,,DeVos,,New Zealand
BIOCON,1985,DJ,,KUENEN,,Netherlands
BIOCON,1985,Peter,,Scott,,United Kingdom
BIOCON,1985,V,,WESTHOFF,,Netherlands
BIOCON,1986,G,,BUDOWSKI,,Costa Rica
BIOCON,1986,A,,CARR,,USA
BIOCON,1986,AW,Fabio,Cassola,,Italy
BIOCON,1986,M,J,COE,,United Kingdom
BIOCON,1986,JB,,CRAGG,,Canada
BIOCON,1986,H,,CRUSZ,,Sri Lanka
BIOCON,1986,JC,,DeM-Carvalho,,Brazil
BIOCON,1986,Manuel,G,DeViedma,,Spain
BIOCON,1986,WH,,DRURY,,USA
BIOCON,1986,Eric,,Duffey,,United Kingdom
BIOCON,1986,W,,ERZ,,Germany
BIOCON,1986,JOHN,A,GIBB,,New Zealand
BIOCON,1986,F,B,Goldsmith,,United Kingdom
BIOCON,1986,Lennart,,Hansson,,Sweden
BIOCON,1986,L,,HOFFMANN,,France
BIOCON,1986,OSAMU,,IKENOUYE,,Japan
BIOCON,1986,K,,MELLANBY,,United Kingdom
BIOCON,1986,TH,,MONOD,,France
BIOCON,1986,B,,NIEVERGELT,,Switzerland
BIOCON,1986,JD,,OVINGTON,,Australia
BIOCON,1986,JFV,,PHILLIPS,,South Africa
BIOCON,1986,LK,,SHAPOSHNIKOV,,Russia
BIOCON,1987,NC,,MORGAN,,United Kingdom
BIOCON,1988,YONG-LIN,,CHEN,,China
BIOCON,1988,J,,HARWOOD,,United Kingdom
BIOCON,1988,JD,,MIDDLETON,,Canada
BIOCON,1988,Tim,R,New,,Australia
BIOCON,1988,Y,,ONO,,Japan
BIOCON,1988,F,,RAMADE,,France
BIOCON,1988,CM,,SCHONEWALD,,USA
BIOCON,1988,WR,,SIEGFRIED,,South Africa
BIOCON,1988,T,C,Whitmore,,United Kingdom
BIOCON,1990,MARTIN,K,MCNICHOLL,,Canada
BIOCON,1990,WJ,,WOLFF,,Netherlands
BIOCON,1991,F,G,Bernaldez,,Spain
BIOCON,1991,C,,BIBBY,,United Kingdom
BIOCON,1991,PETER,B,MOYLE,,USA
BIOCON,1992,B,NK,Davis,,United Kingdom
BIOCON,1992,DJ,,MORAFKA,,USA
BIOCON,1994,PA,,BUCKLEY,,USA
BIOCON,1994,P,,FIELDER,,USA
BIOCON,1994,LYNN,A,MAGUIRE,,USA
BIOCON,1994,JOHN,,SEIDENSTZICKER,,USA
BIOCON,1994,K,SHAWN,SMALLWOOD,,USA
BIOCON,1994,R,Gerald,Wright,,USA
BIOCON,1995,C,,GOMEZ-CAMPO,,Spain
BIOCON,1995,PAR,,HOCKEY,,South Africa
BIOCON,1995,C,,JERMY,,USA
BIOCON,1997,I,,ATKINSON,,New Zealand
BIOCON,1997,Andrew,P,Dobson,,USA
BIOCON,1997,M,,HARRISON,,United Kingdom
BIOCON,1997,Robert,L,Jefferies,,Canada
BIOCON,1998,Rodolfo,,Dirzo,,USA
BIOCON,1998,Craig,,Guyer,,USA
BIOCON,1998,Stephen,J,Hawkins,,United Kingdom
BIOCON,1998,William,F,Laurance,,Brazil
BIOCON,1998,M,,LOMOLINO,,USA
BIOCON,1998,R,H,Marrs,,United Kingdom
BIOCON,1998,George,F,Peterken,,United Kingdom
BIOCON,2001,Peter,,Poschlod,,Germany
BIOCON,2001,Mark,W,Schwartz,,USA
BIOCON,2001,M,J,Scott,,USA
BIOCON,2003,JJD,,GREENWOOD,,United Kingdom
BIOCON,2003,AJT,,JONHSINGH,,India
BIOCON,2004,Denis,A,Saunders,,Australia
BIOCON,2005,Sandy,J,Andelman,,USA
BIOCON,2005,Tim,,Caro,,USA
BIOCON,2005,Andrew,S,Pullin,,United Kingdom
BIOCON,2005,Andrew,,Young,,Australia
BIOCON,2006,S,,ANDELMAN,,USA
BIOCON,2006,John,L,Craig,,New Zealand
BIOCON,2006,Lena,,Gustafsson,,Sweden
BIOCON,2006,Jose,M,Iriondo,,Spain
BIOCON,2006,A,JT,Johnsingh,,India
BIOCON,2006,Brian,,Moss,,United Kingdom
BIOCON,2006,Richard,B,Primack,,USA
BIOCON,2006,Fred,,Rumsey,,United Kingdom
BIOCON,2006,Michael,R,Willig,,USA
BIOCON,2007,Mark,A,Burgman,,Australia
BIOCON,2007,Keith,,Kirby,,United Kingdom
BIOCON,2007,David,B,Lindenmayer,,Australia
BIOCON,2007,Karen,R,Lips,,USA
BIOCON,2007,Bob,,Pressey,,Australia
BIOCON,2007,Stephen,,Waldren,,Ireland
BIOCON,2007,Kimberly,A,With,,USA
BIOCON,2008,Richard,T,Corlett,,China
BIOCON,2008,Andrew,B,Gill,,United Kingdom
BIOCON,2008,Philip,AR,Hockey,,South Africa
BIOCON,2008,Jean-Paul,,Metzger,,Brazil
BIOCON,2008,Peter,B,Moyle,,USA
BIOCON,2008,Tim,,Sparks,,United Kingdom
BIOCON,2008,Andrea,,Taylor,,Australia
BIOCON,2008,Phill,,Watts,,United Kingdom
BIOCON,2010,Navjot,S,Sodhi,,Singapore
BIOCON,2011,Barry,W,Brook,,Australia
BIOCON,2011,Regis,,Cereghino,,France
BIOCON,2011,Julie,,Lockwood,,USA
BIOCON,2011,Jeffrey,,Wielgus,,USA
BIOCON,2012,Mark,J,Costello,,New Zealand
BIOCON,2012,Mauro,,Galetti,,Brazil
BIOCON,2012,Jean-Dominique,,Lebreton,,France
BIOCON,2012,Daniel,,Oro,,Spain
BIOCON,2013,William,,Darwall,,United Kingdom
BIOCON,2013,Carlos,Roberto,Fonseca,,Brazil
BIOCON,2013,Lian,Pin,Koh,,Switzerland
BIOCON,2013,Rafael,D,Loyola,,Brazil
BIOCON,2013,Robin,,Pakeman,,United Kingdom
BIOCON,2013,Cagan,,Sekercioglu,,USA
BIOCON,2013,Bo,,Soderstrom,,Sweden
BIOCON,2014,Kevin,J,Gaston,,United Kingdom
BIOCON,2014,Falk,,Huettmann,,USA
BIOCON,2014,Jagdish,,Krishnaswamy,,India
BIOCON,2014,Eve,,McDonald-Madden,,Australia
BIOCON,2014,Atte,,Moilanen,,Finland
BIOCON,2014,Jacob,,Pollock,,USA
BITR,1993,Anthony,,Anderson,,Brazil
BITR,1993,Woodruff,,Benson,,Brazil
BITR,1993,Sandra,,Brown,,USA
BITR,1993,Antoine,M,Cleef,,Netherlands
BITR,1993,Paul,A,Colinvaux,,USA
BITR,1993,Robert,K,Colwell,,USA
BITR,1993,Ong,Jin,Eong,,Malaysia
BITR,1993,Mercedes,S,Foster,,USA
BITR,1993,John,ED,Fox,,Australia
BITR,1993,Madhav,,Gadgil,,India
BITR,1993,Harold,,Heatwole,,USA
BITR,1993,William,M,Lewis,,USA
BITR,1993,Thomas,,Lovejoy,,USA
BITR,1993,Ernesto,,Medina,,Venezuela
BITR,1993,Betty,J,Meggers,,USA
BITR,1993,Ghillean,T,Prance,,United Kingdom
BITR,1993,Francis,E,Putz,,USA
BITR,1993,Jose,,Sarukhan,,Mexico
BITR,1993,John,,Terborgh,,USA
BITR,1993,Peter,M,Vitousek,,USA
BITR,1993,Mary,Jane,West-Eberhard,,Panama
BITR,1993,Edward,O,Wilson,,USA
BITR,1996,Elena,,Alvarez-Buylla,,Mexico
BITR,1996,Paul,,Berry,,USA
BITR,1996,E,Raymond,Heithaus,,USA
BITR,1996,Thomas,,Kunz,,USA
BITR,1996,Ingrid,,Olmsted,,Mexico
BITR,1996,Catherine,,Pringle,,USA
BITR,1996,Fred,,Scatena,,USA
BITR,1997,Jaime,,Cavelier,,Colombia
BITR,1997,John,,Proctor,,United Kingdom
ECOLOGY,2002,James,R,Bence,,USA
ECOLOGY,2002,Ottar,N,Bjornstad,,USA
ECOLOGY,2002,Patrick,J,Bohlen,,USA
ECOLOGY,2002,Joel,S,Brown,,USA
ECOLOGY,2002,Linda,,Brubaker,,USA
ECOLOGY,2002,Michael,L,Cain,,USA
ECOLOGY,2002,Randy,A,Dahlgren,,USA
ECOLOGY,2002,Frank,,Davis,,USA
ECOLOGY,2002,Lynda,,Delph,,USA
ECOLOGY,2002,Robert,F,Denno,,USA
ECOLOGY,2002,Stanley,,Dodson,,USA
ECOLOGY,2002,Barbara,J,Downes,,Australia
ECOLOGY,2002,J,Emmett,Duffy,,USA
ECOLOGY,2002,Aaron,,Ellison,,USA
ECOLOGY,2002,Ron,J,Etter,,USA
ECOLOGY,2002,Stanley,H,Faeth,,USA
ECOLOGY,2002,Stuart,,Findlay,,USA
ECOLOGY,2002,Graham,,Forrester,,USA
ECOLOGY,2002,John,M,Fryxell,,Canada
ECOLOGY,2002,Candace,,Galen,,USA
ECOLOGY,2002,Nicholas,J,Gotelli,,USA
ECOLOGY,2002,Russell,S,Greenberg,,USA
ECOLOGY,2002,Peter,M,Groffman,,USA
ECOLOGY,2002,W,SC,Gurney,,United Kingdom
ECOLOGY,2002,John,E,Havel,,USA
ECOLOGY,2002,Geoffrey,M,Henebry,,USA
ECOLOGY,2002,Edward,J,Heske,,USA
ECOLOGY,2002,Mark,A,Hixon,,USA
ECOLOGY,2002,Cliff,R,Hupp,,USA
ECOLOGY,2002,Anthony,,Ives,,USA
ECOLOGY,2002,Robert,B,Jackson,,USA
ECOLOGY,2002,Stephen,T,Jackson,,USA
ECOLOGY,2002,Norman,C,Kenkel,,Canada
ECOLOGY,2002,Steven,L,Kohler,,USA
ECOLOGY,2002,Katherine,Cole,Larson,,USA
ECOLOGY,2002,William,K,Lauenroth,,USA
ECOLOGY,2002,Sandra,,Lavorel,,Canada
ECOLOGY,2002,Martin,J,Lechowicz,,Canada
ECOLOGY,2002,Pierre,,Legendre,,Canada
ECOLOGY,2002,Mark,,Lewis,,Canada
ECOLOGY,2002,Michel,,Loreau,,France
ECOLOGY,2002,Earl,D,McCoy,,USA
ECOLOGY,2002,Frederick,C,Meinzer,,USA
ECOLOGY,2002,Eric,,Menges,,USA
ECOLOGY,2002,William,K,Michener,,USA
ECOLOGY,2002,Steven,G,Morgan,,USA
ECOLOGY,2002,Michael,G,Neubert,,USA
ECOLOGY,2002,Peter,,Nonacs,,USA
ECOLOGY,2002,Soren,,Nylin,,Sweden
ECOLOGY,2002,Matthew,,Parker,,USA
ECOLOGY,2002,Steven,C,Pennings,,USA
ECOLOGY,2002,Debra,PC,Peters,,USA
ECOLOGY,2002,David,W,Pfennig,,USA
ECOLOGY,2002,William,J,Platt,,USA
ECOLOGY,2002,Kenneth,F,Raffa,,USA
ECOLOGY,2002,Peter,T,Raimondi,,USA
ECOLOGY,2002,James,H,Richards,,USA
ECOLOGY,2002,Mark,,Ritchie,,USA
ECOLOGY,2002,David,W,Roberts,,USA
ECOLOGY,2002,Joshua,P,Schimel,,USA
ECOLOGY,2002,Oswald,J,Schmitz,,USA
ECOLOGY,2002,Stephen,J,Simpson,,Australia
ECOLOGY,2002,Barry,,Sinervo,,USA
ECOLOGY,2002,Stanley,D,Smith,,USA
ECOLOGY,2002,Andrew,R,Solow,,USA
ECOLOGY,2002,David,A,Spiller,,USA
ECOLOGY,2002,Allan,,Stewart-Oaten,,USA
ECOLOGY,2002,Thomas,J,Stohlgren,,USA
ECOLOGY,2002,Donald,R,Strong,,USA
ECOLOGY,2002,Jay,,VerHoef,,USA
ECOLOGY,2002,Jeffrey,R,Walters,,USA
ECOLOGY,2002,Tony,D,Williams,,Canada
ECOLOGY,2002,Scott,D,Wilson,,Canada
ECOLOGY,2002,Kirk,O,Winemiller,,USA
ECOLOGY,2002,Kerry,D,Woods,,USA
ECOLOGY,2002,J,Timothy,Wootton,,USA
ECOLOGY,2002,Joseph,B,Yavitt,,USA
ECOLOGY,2002,Truman,P,Young,,USA
ECOLOGY,2002,Donald,R,Zak,,USA
ECOLOGY,2003,Fred,,Adler,,USA
ECOLOGY,2003,Anurag,,Agrawal,,USA
ECOLOGY,2003,Tia-Lynn,,Ashman,,USA
ECOLOGY,2003,Mark,S,Boyce,,Canada
ECOLOGY,2003,J,Stephen,Brewer,,USA
ECOLOGY,2003,Naomi,,Cappuccino,,Canada
ECOLOGY,2003,F,Stephen,Dobson,,USA
ECOLOGY,2003,Mary,,Edwards,,United Kingdom
ECOLOGY,2003,Fangliang,,He,,Canada
ECOLOGY,2003,Burt,P,Kotler,,Israel
ECOLOGY,2003,Conrad,C,Labandeira,,USA
ECOLOGY,2003,Janet,,Lanza,,USA
ECOLOGY,2003,Sharon,P,Lawler,,USA
ECOLOGY,2003,Peter,R,Leavitt,,Canada
ECOLOGY,2003,Subhash,,Lele,,USA
ECOLOGY,2003,Carlos,,MartinezDelRio,,USA
ECOLOGY,2003,John,R,Sauer,,USA
ECOLOGY,2003,Bill,,Shipley,,Canada
ECOLOGY,2003,Dean,L,Urban,,USA
ECOLOGY,2004,Edmund,,Brodie,,USA
ECOLOGY,2004,James,T,Cronin,,USA
ECOLOGY,2004,Les,C,Cwynar,,Canada
ECOLOGY,2004,Brent,J,Danielson,,USA
ECOLOGY,2004,Alexander,S,Flecker,,USA
ECOLOGY,2004,Keith,T,Killingbeck,,USA
ECOLOGY,2004,Richard,S,Ostfeld,,USA
ECOLOGY,2004,Andrew,,Sih,,USA
ECOLOGY,2004,David,K,Skelly,,USA
ECOLOGY,2004,Peter,,Steinberg,,United Kingdom
ECOLOGY,2004,Sonia,E,Sultan,,USA
ECOLOGY,2005,Stephen,T,Buckland,,United Kingdom
ECOLOGY,2005,Mark,H,Carr,,USA
ECOLOGY,2005,Kathryn,,Cottingham,,USA
ECOLOGY,2005,Micky,D,Eubanks,,USA
ECOLOGY,2005,Donald,H,Feener,,USA
ECOLOGY,2005,Charles,W,Fox,,USA
ECOLOGY,2005,Gregory,S,Gilbert,,USA
ECOLOGY,2005,Marcel,,Holyoak,,USA
ECOLOGY,2005,Jef,,Huisman,,Netherlands
ECOLOGY,2005,Julia,A,Jones,,USA
ECOLOGY,2005,Bruce,E,Kendall,,USA
ECOLOGY,2005,Elizabeth,P,Lacey,,USA
ECOLOGY,2005,Kevin,,Lafferty,,USA
ECOLOGY,2005,Michael,,Lavine,,USA
ECOLOGY,2005,Jon,,Loman,,Sweden
ECOLOGY,2005,L,Philip,Lounibos,,USA
ECOLOGY,2005,Randall,J,Mitchell,,USA
ECOLOGY,2005,Diana,,Pilson,,USA
ECOLOGY,2005,William,J,Resetarits,,USA
ECOLOGY,2005,Enric,,Sala,,USA
ECOLOGY,2005,Orlando,,Sarnelle,,USA
ECOLOGY,2005,Steven,W,Seagle,,USA
ECOLOGY,2005,Lewi,,Stone,,Israel
ECOLOGY,2005,Jacob,,Weiner,,Denmark
ECOLOGY,2005,Martin,,Wikelski,,USA
ECOLOGY,2005,Ken,,Wilson,,USA
ECOLOGY,2005,Lorne,M,Wolfe,,USA
ECOLOGY,2005,Nigel,Gilles,Yoccoz,,Norway
ECOLOGY,2005,Arthur,R,Zangerl,,USA
ECOLOGY,2006,Michael,F,Antolin,,USA
ECOLOGY,2006,Mary,A,Arthur,,USA
ECOLOGY,2006,Anne,M,Bronikowski,,USA
ECOLOGY,2006,Brenda,B,Casper,,USA
ECOLOGY,2006,Todd,E,Dawson,,USA
ECOLOGY,2006,Andre,M,DeRoos,,Netherlands
ECOLOGY,2006,Lisa,A,Donovan,,USA
ECOLOGY,2006,Marie-Josee,,Fortin,,Canada
ECOLOGY,2006,Carlos,M,Herrera,,Spain
ECOLOGY,2006,Helmut,,Hillebrand,,Germany
ECOLOGY,2006,Andrea,H,Lloyd,,USA
ECOLOGY,2006,Shahid,,Naeem,,USA
ECOLOGY,2006,Roger,W,Ruess,,USA
ECOLOGY,2006,Evan,,Siemann,,USA
ECOLOGY,2006,William,E,Snyder,,USA
ECOLOGY,2006,Douglas,C,Speirs,,United Kingdom
ECOLOGY,2006,John,J,Stachowicz,,USA
ECOLOGY,2006,Robert,W,Sterner,,USA
ECOLOGY,2006,Simon,,Thorrold,,USA
ECOLOGY,2006,Geerat,,Vermeij,,USA
ECOLOGY,2006,David,A,Wardle,,Sweden
ECOLOGY,2007,Peter,,Alpert,,USA
ECOLOGY,2007,John,,Battles,,USA
ECOLOGY,2007,Brendan,,Bohannan,,USA
ECOLOGY,2007,John,F,Bruno,,USA
ECOLOGY,2007,Walter,P,Carson,,USA
ECOLOGY,2007,Evan,G,Cooch,,USA
ECOLOGY,2007,M,Denise,Dearing,,USA
ECOLOGY,2007,Barry,J,Fox,,Australia
ECOLOGY,2007,Janet,,Franklin,,USA
ECOLOGY,2007,Laura,F,Galloway,,USA
ECOLOGY,2007,Laura,,Gough,,USA
ECOLOGY,2007,John,N,Klironomos,,Canada
ECOLOGY,2007,Walter,D,Koenig,,USA
ECOLOGY,2007,David,R,Schiel,,New Zealand
ECOLOGY,2007,Thomas,J,Valone,,USA
ECOLOGY,2007,Richard,K,Zimmer,,USA
ECOLOGY,2008,Richard,B,Aronson,,USA
ECOLOGY,2008,Steven,R,Beissinger,,USA
ECOLOGY,2008,Nicole,Mvan,Dam,,Netherlands
ECOLOGY,2008,R,David,Evans,,USA
ECOLOGY,2008,Michael,H,Graham,,USA
ECOLOGY,2008,Edwin,D,Grosholz,,USA
ECOLOGY,2008,Travis,E,Huxman,,USA
ECOLOGY,2008,Robert,J,Marquis,,USA
ECOLOGY,2008,Rose-Marie,,Muzika,,USA
ECOLOGY,2008,Jari,,Oksanen,,Finland
ECOLOGY,2008,Robert,A,Raguso,,USA
ECOLOGY,2008,Daniel,E,Schindler,,USA
ECOLOGY,2008,Helene,,Wagner,,Canada
ECOLOGY,2008,Michael,C,Wimberly,,USA
ECOLOGY,2009,John,PY,Arnould,,Australia
ECOLOGY,2009,Emilio,M,Bruna,,USA
ECOLOGY,2009,Bradley,J,Cardinale,,USA
ECOLOGY,2009,Elizabeth,,Crone,,USA
ECOLOGY,2009,Martin,W,Doyle,,USA
ECOLOGY,2009,Hugh,AL,Henry,,Canada
ECOLOGY,2009,David,A,Holway,,USA
ECOLOGY,2009,Feng,Sheng,Hu,,USA
ECOLOGY,2009,Peter,M,Kotanen,,Canada
ECOLOGY,2009,Jonathan,M,Levine,,USA
ECOLOGY,2009,Ken,Brian,Newman,,USA
ECOLOGY,2009,Mou,,Pu,,China
ECOLOGY,2009,Matthias,C,Rillig,,Germany
ECOLOGY,2009,Sebastian,,Schreiber,,USA
ECOLOGY,2009,Alan,L,Shanks,,USA
ECOLOGY,2009,Felisa,A,Smith,,USA
ECOLOGY,2009,Diane,S,Srivastava,,Canada
ECOLOGY,2009,David,G,Williams,,USA
ECOLOGY,2010,Lynn,S,Adler,,USA
ECOLOGY,2010,Elizabeth,T,Borer,,USA
ECOLOGY,2010,Jeannine,M,Cavender-Bares,,USA
ECOLOGY,2010,Richard,T,Corlett,,China
ECOLOGY,2010,Daniel,F,Doak,,USA
ECOLOGY,2010,Jane,,Elith,,Australia
ECOLOGY,2010,Marco,,Festa-Bianchet,,Canada
ECOLOGY,2010,Brian,D,Inouye,,USA
ECOLOGY,2010,Douglas,W,Morris,,USA
ECOLOGY,2010,Paul,P,Mou,,China
ECOLOGY,2010,Madan,K,Oli,,USA
ECOLOGY,2010,Jay,R,Rooker,,USA
ECOLOGY,2010,Barbara,A,Roy,,USA
ECOLOGY,2010,Nathan,J,Sanders,,USA
ECOLOGY,2010,Daniel,M,Tompkins,,New Zealand
ECOLOGY,2010,Nora,,Underwood,,USA
ECOLOGY,2010,Mark,C,Urban,,USA
ECOLOGY,2011,Serita,D,Frey,,USA
ECOLOGY,2011,J,Nathaniel,Holland,,USA
ECOLOGY,2011,Rebecca,E,Irwin,,USA
ECOLOGY,2011,John,D,Reeve,,USA
ECOLOGY,2011,William,V,Sobczak,,USA
ECOLOGY,2011,Heiko,U,Wittmer,,New Zealand
ECOLOGY,2012,Aimee,T,Classen,,USA
ECOLOGY,2012,Andrew,O,Finley,,USA
ECOLOGY,2012,Jonathan,H,Grabowski,,USA
ECOLOGY,2012,Christine,V,Hawkes,,USA
ECOLOGY,2012,Elizabeth,E,Holmes,,USA
ECOLOGY,2012,Sergio,,Navarrete,,Chile
ECOLOGY,2012,Ivette,,Perfecto,,USA
ECOLOGY,2012,Amy,D,Rosemond,,USA
ECOLOGY,2012,Jay,,Rosenheim,,USA
ECOLOGY,2012,Carol,S,Thornber,,USA
ECOLOGY,2012,Joel,C,Trexler,,USA
ECOLOGY,2012,Ellen,,VanDonk,,Netherlands
ECOLOGY,2012,Christopher,C,Wilmers,,USA
ECOLOGY,2013,Peter,B,Adler,,USA
ECOLOGY,2013,Carla,E,Caceres,,USA
ECOLOGY,2013,Lorenzo,,Ciannelli,,USA
ECOLOGY,2013,Anthony,W,D'Amato,,USA
ECOLOGY,2013,Lee,A,Dyer,,USA
ECOLOGY,2013,Gordon,A,Fox,,USA
ECOLOGY,2013,Brenda,J,Grewell,,USA
ECOLOGY,2013,Jason,D,Hoeksema,,USA
ECOLOGY,2013,Benjamin,Z,Houlton,,USA
ECOLOGY,2013,Kathryn,P,Huyvaert,,USA
ECOLOGY,2013,Nathan,JB,Kraft,,USA
ECOLOGY,2013,Gabrielle,A,Nevitt,,USA
ECOLOGY,2013,David,M,Rizzo,,USA
ECOLOGY,2013,Maria,,Uriarte,,USA
ECOLOGY,2013,Liana,,Zanette,,USA
ECOLOGY,2014,Samantha,K,Chapman,,USA
ECOLOGY,2014,A,Marm,Kilpatrick,,USA
ECOLOGY,2014,Daniel,C,Laughlin,,New Zealand
ECOLOGY,2014,Todd,M,Palmer,,USA
ECOLOGY,2014,Pamela,H,Templer,,USA
ECOLOGY,2014,Ellen,,vanDonk,,Netherlands
EVOL,2015,Dean,,Adams,,USA
EVOL,2015,Michael,,Alfaro,,USA
EVOL,2015,Peter,,Andolfatto,,USA
EVOL,2015,Amy,,Angert,,Canada
EVOL,2015,Riccardo,,Azevedo,,USA
EVOL,2015,Wolf,,Blanckenhorn,,Switzerland
EVOL,2015,Robb,,Brumfield,,USA
EVOL,2015,Frank,,Burbrink,,USA
EVOL,2015,Andrea,,Case,,USA
EVOL,2015,Adam,,Chippindale,,Canada
EVOL,2015,Jeffrey,,Conner,,USA
EVOL,2015,Melania,,Cristescu,,Canada
EVOL,2015,Antony,,Dean,,USA
EVOL,2015,Lynda,,Delph,,USA
EVOL,2015,Ian,,Dworkin,,USA
EVOL,2015,Suzanne,,Edmands,,USA
EVOL,2015,Jan,,Engelstadter,,Australia
EVOL,2015,Julie,,Etterson,,USA
EVOL,2015,Alistair,,Evans,,Australia
EVOL,2015,Daphne,,Fairbairn,,USA
EVOL,2015,Lila,,Fishman,,USA
EVOL,2015,Matt,,Forister,,USA
EVOL,2015,Matt,,Friedman,,United Kingdom
EVOL,2015,Sylvain,,Glemin,,France
EVOL,2015,Richard,,Gomulkiewicz,,USA
EVOL,2015,Jeff,,Good,,USA
EVOL,2015,Jarrod,,Hadfield,,USA
EVOL,2015,Matthew,,Hahn,,USA
EVOL,2015,David,,Hall,,USA
EVOL,2015,John,,Hunt,,United Kingdom
EVOL,2015,Linley,,Jesson,,Canada
EVOL,2015,Tadeusz,,Kawecki,,Switzerland
EVOL,2015,Eva,,Kisdi,,Finland
EVOL,2015,Anna-Liisa,,Laine,,Finland
EVOL,2015,Alexei,,Maklakov,,Sweden
EVOL,2015,Dustin,,Marshall,,Australia
EVOL,2015,Joanna,,Masel,,USA
EVOL,2015,Andrew,Green,Mcadam,,Canada
EVOL,2015,Arcadi,,Navarro,,Spain
EVOL,2015,Maurine,,Neiman,,USA
EVOL,2015,Rosemary,,Redfield,,Canada
EVOL,2015,Dan,,Robosky,,USA
EVOL,2015,Derek,,Roff,,USA
EVOL,2015,Denis,,Roze,,France
EVOL,2015,Daniel,,Rozen,,Netherlands
EVOL,2015,Walter,,Salzburger,,Switzerland
EVOL,2015,Maria,,Servedio,,USA
EVOL,2015,Ruth,Green,Shaw,,USA
EVOL,2015,Andrea,,Sweigart,,USA
EVOL,2015,Joe,,Tobias,,United Kingdom
EVOL,2015,Nicole,,Valenzuela,,USA
EVOL,2015,Mark,,Webster,,USA
EVOL,2015,Christopher,,Wheat,,Sweden
GCB,1995,NA,NA,NA,,Australia
JANE,1985,J,Malcolm,Elliott,,United Kingdom
JANE,1985,M,P,Hassell,,United Kingdom
JANE,1985,R,A,Kempton,,United Kingdom
JANE,1985,A,D,McIntyre,,United Kingdom
JANE,1985,L,R,Taylor,,United Kingdom
JANE,1985,J,B,Whittaker,,United Kingdom
JANE,1987,Tim,H,Clutton-Brock,,United Kingdom
JANE,1987,Richard,M,Cormack,,United Kingdom
JANE,1987,N,B,Davies,,United Kingdom
JANE,1987,G,M,Dunnet,,United Kingdom
JANE,1987,J,N,Perry,,United Kingdom
JANE,1988,D,J,Rogers,,United Kingdom
JANE,1989,J,E,Thorpe,,United Kingdom
JANE,1990,C,M,Lessells,,United Kingdom
JANE,1991,Mike,E,Begon,,United Kingdom
JANE,1991,H,CharlesJ,Godfray,,United Kingdom
JANE,1991,Pete,J,Hudson,,United Kingdom
JANE,1991,Roger,N,Hughes,,United Kingdom
JANE,1991,Robert,M,May,,United Kingdom
JANE,1991,Ian,,Newton,,United Kingdom
JANE,1991,Bryan,,Shorrocks,,United Kingdom
JANE,1992,Steve,,Albon,,United Kingdom
JANE,1992,Anne,,Keymer,,United Kingdom
JANE,1992,Kate,,Lessells,,United Kingdom
JANE,1992,Josephine,,Pemberton,,United Kingdom
JANE,1993,Stan,,Boutin,,Canada
JANE,1993,Graeme,,Caughley,,Australia
JANE,1994,Bryan,T,Grenfell,,United Kingdom
JANE,1994,Andrew,,Illius,,United Kingdom
JANE,1996,Peter,,Jarman,,Australia
JANE,1997,Jean,,Clobert,,France
JANE,1997,Rolf,,Ims,,Norway
JANE,1997,John,,Jaenike,,USA
JANE,1997,Sean,,Nee,,United Kingdom
JANE,1997,Dave,,Raffaelli,,United Kingdom
JANE,1997,Chris,,Thomas,,United Kingdom
JANE,1998,Bror,,Jonsson,,Norway
JANE,1998,Philip,,Warren,,United Kingdom
JANE,1999,Bill,,Gurney,,United Kingdom
JANE,1999,Steve,,Hall,,Australia
JANE,2000,Robert,,Smith,,United Kingdom
JANE,2001,Terry,,Burke,,United Kingdom
JANE,2001,Andre,,Gilburn,,United Kingdom
JANE,2001,Ken,,Norris,,United Kingdom
JANE,2002,Steve,,Ellner,,USA
JANE,2005,Simon,,Leather,,United Kingdom
JANE,2005,Bryan,,Manly,,USA
JANE,2005,Kevin,,McCann,,Canada
JANE,2005,Atle,,Mysterud,,Norway
JANE,2006,Stuart,,Bearhop,,Ireland
JANE,2006,Tim,,Benton,,United Kingdom
JANE,2006,Ottar,,Bjornstad,,USA
JANE,2006,Corey,,Bradshaw,,Australia
JANE,2006,Mark,,Emmerson,,Ireland
JANE,2006,Andy,,Gonzalez,,Canada
JANE,2006,Graeme,,Hays,,United Kingdom
JANE,2006,Murray,,Humphries,,Canada
JANE,2006,Lennart,,Persson,,Sweden
JANE,2006,Stuart,,Piertney,,United Kingdom
JANE,2006,Robert,,Poulin,,New Zealand
JANE,2006,Joseph,,Rasmussen,,Canada
JANE,2006,Graeme,,Ruxton,,United Kingdom
JANE,2006,Ben,,Sheldon,,United Kingdom
JANE,2006,David,,Sims,,United Kingdom
JANE,2006,Henri,,Weimerskirch,,France
JANE,2006,Guy,,Woodward,,United Kingdom
JANE,2007,Peter,,Bennett,,United Kingdom
JANE,2007,Christiaan,,Both,,Netherlands
JANE,2007,Jonathan,,Newman,,Canada
JANE,2007,Jane,,Reid,,United Kingdom
JANE,2007,Anthony,,Richardson,,Australia
JANE,2007,Alex,,Roulin,,Switzerland
JANE,2007,Brett,,Sandercock,,USA
JANE,2007,Piran,,White,,United Kingdom
JANE,2007,Ken,,Wilson,,United Kingdom
JANE,2007,Jon,,Wright,,Norway
JANE,2008,Mike,,Boots,,United Kingdom
JANE,2008,Simon,,Butler,,United Kingdom
JANE,2008,Karl,,Cottenie,,Canada
JANE,2008,Rob,,Knell,,United Kingdom
JANE,2008,Robin,,McCleery,,United Kingdom
JANE,2008,Takayoshi,,Nishida,,Japan
JANE,2008,Dan,,Tomkins,,New Zealand
JANE,2008,Simon,,Verhulst,,Netherlands
JANE,2009,Andrew,,Beckerman,,United Kingdom
JANE,2009,Tim,,Coulson,,United Kingdom
JANE,2009,Martin,,Genner,,United Kingdom
JANE,2009,Tom,,Ings,,United Kingdom
JANE,2009,Shai,,Meiri,,United Kingdom
JANE,2009,Ryan,,Norris,,Canada
JANE,2009,Charlie,,Nunn,,USA
JANE,2009,Dan,,Nussey,,United Kingdom
JANE,2009,John,,Quinn,,United Kingdom
JANE,2009,Volker,,Rudolf,,USA
JANE,2009,Andy,,Russell,,United Kingdom
JANE,2009,Nathalie,,Seddon,,United Kingdom
JANE,2009,Frank,Van,Veen,,United Kingdom
JANE,2009,Andrew,,White,,United Kingdom
JANE,2009,Ben,,Woodcock,,United Kingdom
JANE,2010,John,,Fryxell,,Canada
JANE,2010,Ian,,Hardy,,United Kingdom
JANE,2010,Frank,,Johansson,,Sweden
JANE,2010,Fanie,,Pelletier,,Canada
JANE,2010,Tom,,Webb,,United Kingdom
JANE,2010,Michael,,Wunder,,USA
JANE,2011,Dan,,Ardia,,USA
JANE,2011,Peter,,Hamback,,Sweden
JANE,2011,Stewart,,Plaistow,,United Kingdom
JANE,2011,Dan,,Stouffer,,Spain
JANE,2012,Sheena,,Cotter,,Ireland
JANE,2012,Kim,,Cuddington,,Canada
JANE,2012,Simon,,Griffith,,Australia
JANE,2012,Ian,,Montgomery,,Ireland
JANE,2012,Jason,,Tylianakis,,New Zealand
JANE,2013,Eoin,,O'Gorman,,United Kingdom
JANE,2013,Isabel,,Smallegange,,United Kingdom
JANE,2013,Martin,,VanDerPol,,Australia
JANE,2014,Sonia,,Altizer,,USA
JANE,2014,Priyanga,,Amarasekare,,USA
JANE,2014,Spence,,Behmer,,USA
JANE,2014,Luca,,Borger,,France
JANE,2014,Guarino,,Colli,,Brazil
JANE,2014,Christophe,,Eizaguirre,,United Kingdom
JANE,2014,Andy,,Fenton,,United Kingdom
JANE,2014,Alice,,Hughes,,China
JANE,2014,Subhash,,Lele,,Canada
JANE,2014,Dehua,,Wang,,China
JAPE,1985,B,L,Bayne,,United Kingdom
JAPE,1985,David,E,Bignell,,United Kingdom
JAPE,1985,William,C,Block,,United Kingdom
JAPE,1985,Anthony,David,Bradshaw,,United Kingdom
JAPE,1985,J,P,Cooper,,United Kingdom
JAPE,1985,John,Patrick,Croxall,,United Kingdom
JAPE,1985,Ron,W,Edwards,,United Kingdom
JAPE,1985,Roger,,Mead,,United Kingdom
JAPE,1985,John,Lennox,Monteith,,United Kingdom
JAPE,1985,Michael,Green,Morris,,United Kingdom
JAPE,1985,T,M,Roberts,,United Kingdom
JAPE,1985,Arthur,John,Rutter,,United Kingdom
JAPE,1985,Roy,W,Snaydon,,United Kingdom
JAPE,1985,Janet,I,Sprent,,United Kingdom
JAPE,1986,Nigel,,Bonner,,United Kingdom
JAPE,1986,Peter,,Rothery,,United Kingdom
JAPE,1988,W,,Day,,United Kingdom
JAPE,1988,Mark,O,Hill,,United Kingdom
JAPE,1988,Paul,Gordon,Jarvis,,United Kingdom
JAPE,1988,Rob,H,Marrs,,United Kingdom
JAPE,1988,John,,Miles,,United Kingdom
JAPE,1988,Ian,F,Spellerberg,,United Kingdom
JAPE,1988,David,,Welch,,United Kingdom
JAPE,1989,Ralph,T,Clarke,,United Kingdom
JAPE,1989,Christopher,,Mason,,United Kingdom
JAPE,1989,Henry,,Thomas,,United Kingdom
JAPE,1990,Nigel,,Webb,,United Kingdom
JAPE,1993,David,A,Hill,,United Kingdom
JAPE,1993,Hugh,AP,Ingram,,United Kingdom
JAPE,1996,Rhys,E,Green,,United Kingdom
JAPE,1996,Alison,,Hester,,United Kingdom
JAPE,1996,David,I,McCracken,,United Kingdom
JAPE,1996,Steve,J,Ormerod,,United Kingdom
JAPE,1996,Mike,W,Pienkowski,,United Kingdom
JAPE,1996,Jo,,Treweek,,United Kingdom
JAPE,1996,Les,Green,Underhill,,South Africa
JAPE,1997,Les,Green,Firbank,,United Kingdom
JAPE,1997,Andrew,R,Watkinson,,United Kingdom
JAPE,1999,W,M,Lonsdale,,Australia
JAPE,2000,James,M,Bullock,,United Kingdom
JAPE,2000,Robert,P,Freckleton,,United Kingdom
JAPE,2000,Glenn,R,Iason,,United Kingdom
JAPE,2001,Stephen,P,Rushton,,United Kingdom
JAPE,2002,Jacques,,Baudry,,France
JAPE,2002,Eleanor,Jane,Milner-Gulland,,United Kingdom
JAPE,2002,Jeremy,,Wilson,,United Kingdom
JAPE,2003,Pall,,Hersteinsson,,Iceland
JAPE,2003,Jon,,Marshall,,United Kingdom
JAPE,2003,Teja,,Tscharntke,,Germany
JAPE,2004,Roy,,Sanderson,,United Kingdom
JAPE,2005,Yvonne,,Buckley,,Australia
JAPE,2005,Jennifer,,Gill,,United Kingdom
JAPE,2005,Graham,,Smith,,United Kingdom
JAPE,2005,Philip,A,Stephens,,United Kingdom
JAPE,2006,Marc,,Cadotte,,USA
JAPE,2006,Joan,,Cossentine,,Canada
JAPE,2006,Andreas,,Erhardt,,Switzerland
JAPE,2006,Chris,LJ,Frid,,United Kingdom
JAPE,2006,Paul,,Giller,,Ireland
JAPE,2006,Phil,,Hulme,,United Kingdom
JAPE,2006,Jack,J,Lennon,,United Kingdom
JAPE,2006,Jan,,Leps,,Czech Republic
JAPE,2006,Andres,,Punt,,USA
JAPE,2006,Richard,F,Pywell,,United Kingdom
JAPE,2006,Ingolf,,Steffan-Dewenter,,Germany
JAPE,2006,Des,,Thompson,,United Kingdom
JAPE,2006,Paul,M,Thompson,,United Kingdom
JAPE,2006,Matthew,J,Walpole,,United Kingdom
JAPE,2007,Javier,,Bustamante,,Spain
JAPE,2007,Rosie,,Hails,,United Kingdom
JAPE,2007,Fangliang,,He,,Canada
JAPE,2007,Mark,,Hebblewhite,,USA
JAPE,2007,David,,Kleijn,,Netherlands
JAPE,2007,William,,Montevecchi,,Canada
JAPE,2007,Simon,,Thirgood,,United Kingdom
JAPE,2007,Mark,,Whittingham,,United Kingdom
JAPE,2007,Chris,,Wilcox,,Australia
JAPE,2008,Jos,,Barlow,,United Kingdom
JAPE,2008,Yann,,Clough,,Germany
JAPE,2008,Esteban,,Fernandez-Juricic,,USA
JAPE,2008,Morten,,Frederiksen,,Denmark
JAPE,2008,Daniel,,Haydon,,United Kingdom
JAPE,2008,Julia,,Jones,,United Kingdom
JAPE,2008,Paul,,Lukacs,,USA
JAPE,2008,Jason,,Matthiopoulos,,United Kingdom
JAPE,2008,Quentin,,Paynter,,New Zealand
JAPE,2008,Nathalie,,Pettorelli,,United Kingdom
JAPE,2008,Jonathan,,Rhodes,,Australia
JAPE,2008,Andy,,Sheppard,,Australia
JAPE,2008,Brenden,,Wintle,,Australia
JAPE,2009,Christl,,Donnelly,,United Kingdom
JAPE,2009,Nicholas,,Dulvy,,Canada
JAPE,2010,Jane,,Memmott,,United Kingdom
JAPE,2011,Paul,,Armsworth,,USA
JAPE,2011,Shelley,,Arnott,,Canada
JAPE,2011,Lesley,,Batty,,United Kingdom
JAPE,2011,Harald,,Bugmann,,Switzerland
JAPE,2011,Jennifer,,Firn,,Australia
JAPE,2011,Doug,,Landis,,USA
JAPE,2011,Owen,,Lewis,,United Kingdom
JAPE,2011,Eric,,Morgan,,United Kingdom
JAPE,2011,Juliet,,Osborne,,United Kingdom
JAPE,2011,Michael,,Pocock,,United Kingdom
JAPE,2011,Brian,,Wilsey,,USA
JAPE,2012,David,,Angeler,,Sweden
JAPE,2012,Mel,,Austen,,United Kingdom
JAPE,2012,Malcom,,Bennett,,United Kingdom
JAPE,2012,Danny,,Hooftman,,United Kingdom
JAPE,2013,Michael,,Bode,,Australia
JAPE,2013,Paulo,,Brando,,Brazil
JAPE,2013,Erika,,Crispo,,Canada
JAPE,2013,Paul,,Kardol,,Sweden
JAPE,2013,Santiago,,Saura,,Spain
JAPE,2013,Steve,,Votier,,United Kingdom
JAPE,2014,Christina,,Banks-Leite,,United Kingdom
JAPE,2014,Julia,,Blanchard,,United Kingdom
JAPE,2014,Vincent,,Devictor,,France
JAPE,2014,Jacqui,,Frair,,USA
JAPE,2014,Richard,,Fuller,,Australia
JAPE,2014,Hamish,,McCallum,,Australia
JAPE,2014,Ailsa,,McKenzie,,United Kingdom
JAPE,2014,Jeroen,,Minderman,,United Kingdom
JAPE,2014,Tomas,,Part,,Sweden
JAPE,2014,Shiqiang,,Wan,,China
JAPE,2015,Joseph,,Bennett,,Australia
JAPE,2015,John,,Finn,,Ireland
JAPE,2015,Ian,,Kaplan,,USA
JAPE,2015,Angela,,Strecker,,USA
JAPE,2015,Steve,,Wills,,United Kingdom
JBIOG,1985,Pierre,,Dansereau,,Canada
JBIOG,1985,John,,Flenley,,USA
JBIOG,1985,Anthony,,Hallam,,United Kingdom
JBIOG,1985,Tim,,Halliday,,United Kingdom
JBIOG,1985,Carolyn,,Harrison,,United Kingdom
JBIOG,1985,Peter,,Holland,,New Zealand
JBIOG,1985,Allen,,Keast,,Canada
JBIOG,1985,Helmut,,Lieth,,Germany
JBIOG,1985,Peter,,Muller,,Germany
JBIOG,1985,Daniel,,Simberloff,,USA
JBIOG,1985,Forest,,Stearns,,USA
JBIOG,1985,Philip,,Stott,,United Kingdom
JBIOG,1985,Thomas,,VanDerHammen,,Netherlands
JBIOG,1985,Francois,,Vuilleumier,,USA
JBIOG,1985,Donald,,Walker,,Australia
JBIOG,1985,Heinrich,,Walter,,Germany
JBIOG,1985,David,,Watts,,United Kingdom
JBIOG,1988,Brian,,Rosen,,United Kingdom
JBIOG,1988,Robert,,Whittaker,,United Kingdom
JBIOG,1991,Paul,H,Harvey,,Canada
JBIOG,1991,Rob,,Hengeveld,,Netherlands
JBIOG,1991,Brian,,Huntley,,United Kingdom
JBIOG,1991,Martin,,Kellman,,Canada
JBIOG,1991,Jamie,,Kirkpatrick,,Australia
JBIOG,1991,Leif,,Kullman,,Sweden
JBIOG,1991,Peter,,Moore,,United Kingdom
JBIOG,1991,Gareth,,Nelson,,USA
JBIOG,1991,Jennifer,,Read,,Australia
JBIOG,1991,Ian,Green,Simmons,,United Kingdom
JBIOG,1991,Thompson,,Webb,,USA
JBIOG,2002,Richard,,Field,,United Kingdom
JBIOG,2005,Jose,Alexandre,Diniz-Filho,,Brazil
JBIOG,2006,Walter,,Jetz,,USA
JBIOG,2007,Alexander,,Harcourt,,USA
JBIOG,2007,Serban,,Proches,,South Africa
JBIOG,2008,Christine,,Maggs,,United Kingdom
JBIOG,2008,Lisa,,Manne,,Canada
JBIOG,2008,Catherine,,Parr,,United Kingdom
JBIOG,2008,Michael,,Patten,,USA
JBIOG,2008,Jens-Christian,,Svenning,,Denmark
JBIOG,2009,Richard,,Pearson,,USA
JBIOG,2009,Jack,,Williams,,USA
JBIOG,2010,Mark,,Carine,,United Kingdom
JBIOG,2010,Len,,Gilman,,New Zealand
JBIOG,2010,Judith,,Masters,,South Africa
JBIOG,2010,Kostas,,Triantis,,Greece
JBIOG,2011,Dennis,,Hansen,,USA
JBIOG,2011,James,,Richardson,,United Kingdom
JBIOG,2013,Jason,,Ali,,Japan
JBIOG,2013,Brent,,Emerson,,Spain
JBIOG,2013,Francois,,Guilhaumon,,France
JBIOG,2013,Steven,,Higgins,,Germany
JBIOG,2013,Aristeidis,,Parmakelis,,Greece
JBIOG,2013,Albert,,Phillimore,,United Kingdom
JBIOG,2014,Robert,,Bryson,,USA
JBIOG,2014,Stephen,,Cavers,,United Kingdom
JBIOG,2014,Daniel,,Chapman,,United Kingdom
JBIOG,2014,Michelle,,Gaither,,United Kingdom
JBIOG,2014,Liliana,,Katinas,,Argentina
JBIOG,2014,Holger,,Kreft,,Germany
JBIOG,2014,Fu-Min,,Lei,,China
JBIOG,2014,Gustav,,Paulay,,USA
JBIOG,2014,Hanno,,Schaefer,,Germany
JECOL,1985,John,R,Etherington,,United Kingdom
JECOL,1985,James ,B.,Grace,,USA
JECOL,1985,J,Philip,Grime,,United Kingdom
JECOL,1985,B,,Hopkins,,United Kingdom
JECOL,1985,B,,Huntley,,United Kingdom
JECOL,1985,Michael,J,Hutchings,,United Kingdom
JECOL,1985,John,A,Lee,,United Kingdom
JECOL,1985,Brian,,Moss,,United Kingdom
JECOL,1985,Michael,B,Usher,,United Kingdom
JECOL,1985,D,A,Williams,,United Kingdom
JECOL,1986,Stephen,P,Long,,USA
JECOL,1986,James,,White,,Ireland
JECOL,1987,John,,Connolly,,Ireland
JECOL,1987,M,J,Crawley,,United Kingdom
JECOL,1987,B,,Huntely,,United Kingdom
JECOL,1987,Alan,J,Lack,,United Kingdom
JECOL,1988,Mike,P,Austin,,Australia
JECOL,1988,Robert,L,Jefferies,,Canada
JECOL,1988,Jonathan,,Silvertown,,United Kingdom
JECOL,1989,Eddy,,VanDerMeijden,,Netherlands
JECOL,1990,M,S,Davies,,United Kingdom
JECOL,1990,F,Ian,Woodward,,United Kingdom
JECOL,1991,Richard,W,Battarbee,,United Kingdom
JECOL,1991,David,R,Causton,,United Kingdom
JECOL,1991,David,R,Foster,,USA
JECOL,1991,Alan,J,Gray,,United Kingdom
JECOL,1991,George,L,Jacobson,,USA
JECOL,1991,Andrew,J,Lack,,United Kingdom
JECOL,1991,Peter,D,Moore,,United Kingdom
JECOL,1991,Arthur,J,Willis,,United Kingdom
JECOL,1992,Alastair,H,Fitter,,United Kingdom
JECOL,1992,David,J,Gibson,,USA
JECOL,1992,Roy,,Turkington,,Canada
JECOL,1992,Jan,,VanGroenendael,,Netherlands
JECOL,1994,Bernhard,,Schmid,,Switzerland
JECOL,1994,Mark,,Williamson,,United Kingdom
JECOL,1995,Michael,,Fenner,,United Kingdom
JECOL,1995,Laura,,Huenneke,,USA
JECOL,1995,Susan,,Kalisz,,USA
JECOL,1995,Kurt,S,Pregitzer,,USA
JECOL,1995,Honor,C,Prentice,,Sweden
JECOL,1996,Anthony,J,Davy,,United Kingdom
JECOL,1996,Malcolm,C,Press,,United Kingdom
JECOL,1996,Ken,,Thompson,,United Kingdom
JECOL,1997,Toshihiko,,Hara,,Japan
JECOL,1997,Peter,,Klinkhamer,,Netherlands
JECOL,1997,Sandra,,Lavorel,,France
JECOL,1997,Jacob,,Weiner,,Denmark
JECOL,1998,Spencer,CH,Barrett,,Canada
JECOL,1998,Ian,,Sanders,,Switzerland
JECOL,1998,S,Joseph,Wright,,Panama
JECOL,2000,Paul,,Adam,,Australia
JECOL,2000,Peter,,Alpert,,USA
JECOL,2000,William,K,Lauenroth,,USA
JECOL,2000,Chris,J,Peterson,,USA
JECOL,2002,David,,Burslem,,United Kingdom
JECOL,2002,Hans,,DeKroon,,Netherlands
JECOL,2002,Sue,E,Hartley,,United Kingdom
JECOL,2003,Joop,,Ouborg,,Netherlands
JECOL,2003,Michael,CF,Proctor,,United Kingdom
JECOL,2003,David,,Streeter,,United Kingdom
JECOL,2004,Richard,D,Bardgett,,United Kingdom
JECOL,2004,Ragan,M,Callaway,,USA
JECOL,2004,Frank,S,Gilliam,,USA
JZ,1986,NA,NA,NA,,
LECO,1987,R,TT,Forman,,USA
LECO,1987,M,,Godron,,France
LECO,1987,G,,Haase,,Germany
LECO,1987,W,,Haber,,Germany
LECO,1987,S,A,Levin,,USA
LECO,1987,G,,Merriam,,Canada
LECO,1987,Z,,Naveh,,Israel
LECO,1987,M,,Numata,,Japan
LECO,1987,A,F,Ramos,,Spain
LECO,1987,P,Green,Risser,,USA
LECO,1987,M,,Ruzicka,,Slovakia
LECO,1987,K,F,Schreiber,,Germany
LECO,1987,H,H,Shugart,,USA
LECO,1987,C,,Steinitz,,USA
LECO,1987,R,,Tosswall,,Sweden
LECO,1987,E,,van der Maarel,,Sweden
LECO,1987,I,S,Zonneveld,,Netherlands
LECO,1987,E,H,Zube,,USA
LECO,1988,T,,Rosswall,,Sweden
LECO,1988,E,,VanDer,,Sweden
LECO,1993,J,,Brandt,,Denmark
LECO,1993,H,,Decamps,,France
LECO,1993,E,,Fuentes,,Chile
LECO,1993,Frank,,Golley,,USA
LECO,1993,F,,Kienast,,Switzerland
LECO,1993,N,,Nakagoshi,,Japan
LECO,1993,J,,Nassauer,,USA
LECO,1993,P,,Opdam,,Netherlands
LECO,1993,M,,Turner,,USA
LECO,1993,J,A,Wiens,,USA
LECO,1997,R,H,Gardner,,USA
LECO,1997,C,W,Johnson,,USA
LECO,2004,Kimberly,,A,,USA
LECO,2004,Juan,,Abad,,Spain
LECO,2004,Marc,,Antrop,,Belgium
LECO,2004,Curtis,,Flather,,USA
LECO,2004,Janet,,Franklin,,USA
LECO,2004,Qiong,,Gao,,China
LECO,2004,Lucinda,,Johnson,,USA
LECO,2004,Felix,,Keinsat,,Switzerland
LECO,2004,Frans,,Klijn,,Netherlands
LECO,2004,George,,Malanson,,USA
LECO,2004,Jean-Paul,,Metzger,,Brazil
LECO,2004,David,,Mladenoff,,USA
LECO,2004,Jari,,Niemela,,Finland
LECO,2004,William,,Romme,,USA
LECO,2004,Lech,,Ryszkowski,,Poland
LECO,2004,Dean,,Urban,,USA
LECO,2004,James,,Wickham,,USA
LECO,2004,John,,Wiens,,USA
LECO,2004,Jianguo,,Wu,,USA
LECO,2012,B,L,Turner,,USA
LECO,2015,C,,Albert,,Germany
LECO,2015,M,,Belisle,,Canada
LECO,2015,D,,Bender,,Canada
LECO,2015,M,,Betts,,USA
LECO,2015,J,,Bolliger,,Switzerland
LECO,2015,M,,Burgi,,Switzerland
LECO,2015,J,,Chen,,USA
LECO,2015,K,S,Cheruvelil,,USA
LECO,2015,S,S,Cilliers,,South Africa
LECO,2015,J,K,Constanza,,USA
LECO,2015,G,,Cumming,,South Africa
LECO,2015,J,,Cymerman,,USA
LECO,2015,D,,Donner,,USA
LECO,2015,C,,Echeverria,,Chile
LECO,2015,G,,Foody,,United Kingdom
LECO,2015,B,,Fu,,China
LECO,2015,B,,Goodwin,,USA
LECO,2015,G,,Guntenspergen,,USA
LECO,2015,E,,Gustafson,,USA
LECO,2015,K,,Gutzwiller,,USA
LECO,2015,H,,He,,USA
LECO,2015,G,M,Henebry,,USA
LECO,2015,F,,Herzog,,Switzerland
LECO,2015,J,D,Holland,,USA
LECO,2015,S-L,,Huang,,Taiwan
LECO,2015,G,Darrel,Jenerette,,USA
LECO,2015,D,M,Kashian,,USA
LECO,2015,T,H,Keitt,,USA
LECO,2015,T,,Korella,,Portugal
LECO,2015,J,,Krauss,,Germany
LECO,2015,R,,Lafortezza,,Italy
LECO,2015,T,R,Lookinbill,,USA
LECO,2015,C,,McAlpine,,Australia
LECO,2015,N,E,Mclyntre,,USA
LECO,2015,J,R,Miller,,USA
LECO,2015,E,S,Minor,,USA
LECO,2015,K,,Moloney,,USA
LECO,2015,L,,Musacchio,,USA
LECO,2015,B,,Pijanowski,,USA
LECO,2015,R,Green,Pontius,,USA
LECO,2015,K,,Riitters,,USA
LECO,2015,S,,Saura,,Spain
LECO,2015,R,M,Scheller,,USA
LECO,2015,R,,Schooley,,USA
LECO,2015,O,,Schweiger,,Germany
LECO,2015,W,,Shen,,China
LECO,2015,D,M,Theobald,,USA
LECO,2015,J,R,Thompson,,USA
LECO,2015,C,,Vos,,Netherlands
LECO,2015,T,,Wiegand,,Germany
LECO,2015,C,,Wilsey,,USA
LECO,2015,C,,Young,,United Kingdom
LECO,2015,W,,Zhou,,China
LECO,2015,G,,Zurlini,,Italy
MARECOL,1986,NA,NA,NA,,
NAJFM,1981,NA,NA,NA,,USA
OECOL,1985,Michael,,Evenari,,Israel
OECOL,1985,Heinrich,,Kaiser,,Germany
OECOL,1985,Otto,L,Lange,,Germany
OECOL,1985,Walter,,Larcher,,Austria
OECOL,1985,Dietrich,,Neumann,,Germany
OECOL,1985,John,,Phillipson,,United Kingdom
OECOL,1985,Hermann,,Remmert,,Germany
OECOL,1985,Friedrich,,Schaller,,Austria
OECOL,1985,Ernst-Detlef,,Schulze,,Germany
OECOL,1985,Andrew,,Watkinson,,United Kingdom
OECOL,1985,Wolfgang,W,Weisser,,Austria
OECOL,1985,Hubert,,Ziegler,,Germany
OECOL,1985,Helmut,,Zwolfer,,Germany
OECOL,1986,Jane,,Lubchenco,,USA
OECOL,1986,Neil,J,Turner,,Australia
OECOL,1987,Andreas,,Bertsch,,Germany
OECOL,1988,Matthias,,Schaefer,,Germany
OECOL,1989,Christian,,Korner,,Austria
OECOL,1990,Frank,,Berendse,,Netherlands
OECOL,1990,Tadaki,,Hirose,,Japan
OECOL,1990,Joel,,Kingsolver,,USA
OECOL,1990,Ram,,Oren,,USA
OECOL,1990,Peter,,Vitousek,,USA
OECOL,1990,Henk,,Wolda,,Panama
OECOL,1991,Franz,,Bairlein,,Germany
OECOL,1991,Brenda,,Casper,,USA
OECOL,1991,Elvira,,Cuevas,,Venezuela
OECOL,1991,Carlos,M,Herrera,,Spain
OECOL,1991,Leslie,,Real,,USA
OECOL,1992,Jacques,,Blondel,,France
OECOL,1992,Ilkka,,Hanski,,Finland
OECOL,1992,Tomohiko,,Kikuchi,,Japan
OECOL,1992,Christian,,Otto,,Sweden
OECOL,1992,Staffan,,Ulfstrand,,Sweden
OECOL,1994,Karsten,,Reise,,Germany
OECOL,1994,Daniel,,Simberloff,,USA
OECOL,1995,Peter,,Hogberg,,Sweden
OECOL,1995,David,,Hollinger,,USA
OECOL,1995,David,,Lincoln,,USA
OECOL,1995,Bernhard,,Schmid,,Switzerland
OECOL,1996,Teja,,Tscharntke,,Germany
OECOL,1997,Roland,,Brandl,,Germany
OECOL,1997,Hermann,,Heilmeier,,Germany
OECOL,1997,Sven,,Jonasson,,Denmark
OECOL,1997,Volkmar,,Wolters,,Germany
OECOL,1998,Konrad,,Fiedler,,Germany
OECOL,1998,Alan,,Hastings,,USA
OECOL,1998,Andrea,,Polle,,Germany
OECOL,1998,Jay,,Rosenheim,,USA
OECOL,1998,Jose,,Sarukhan,,Mexico
OECOL,1998,Stefan,,Scheu,,Germany
OECOL,1998,Ken,,Spitze,,USA
OECOL,1998,Glenn,,Stewart,,Australia
OECOL,1999,Stefan,,Halle,,Germany
OECOL,1999,Markku,,Orell,,Finland
OECOL,1999,Allan,,Stewart-Oaten,,USA
OECOL,1999,Mark,,Westoby,,Australia
OECOL,1999,Dan,,Yakir,,Israel
OECOL,2000,Katrin,,Bohning-Gaese,,Germany
OECOL,2000,Sebastian,,Diehl,,Germany
OECOL,2000,Anders,,Forsman,,Sweden
OECOL,2000,Jean-Michel,,Gaillard,,France
OECOL,2000,Michel,,Loreau,,France
OECOL,2000,Hendrik,,Poorter,,Netherlands
OECOL,2001,Robert,,Jackson,,USA
OECOL,2001,Beverly,,Law,,USA
OECOL,2001,Whendee,,Silver,,USA
OECOL,2002,Nina,,Buchmann,,Germany
OECOL,2002,Oswald,J,Schmitz,,USA
OECOL,2003,Mercedes,,Bustamante,,Brazil
OECOL,2003,Mary,,Firestone,,USA
OECOL,2003,Jorg,,Ganzhorn,,Germany
OECOL,2003,Jef,,Huisman,,Netherlands
OECOL,2003,Diethart,,Matthies,,Germany
OECOL,2003,Colin,,Orians,,USA
OECOL,2003,Ulrich,,Sommer,,Germany
OECOL,2004,Julia,,Koricheva,,Finland
OECOL,2004,Bernhard,,Stadler,,Germany
OECOL,2004,Carol,,Vleck,,USA
OECOL,2005,Sven,,Bacher,,Switzerland
OECOL,2005,Zoe,Green,Cardon,,USA
OECOL,2005,Stephan,,Hattenschwiler,,France
OECOL,2005,Elizabeth,,Marschall,,USA
OECOL,2005,Carlos,,MartinezDelRio,,USA
OECOL,2005,Ingolf,,Steffan-Dewenter,,Germany
OECOL,2006,Hormoz,,BassiriRad,,USA
OECOL,2006,Michael,,Keough,,Australia
OECOL,2006,Fernando,,Valladares,,Spain
OECOL,2006,Hannu,,Ylonen,,Finland
OECOL,2007,Andrew,,Gonzalez,,Canada
OECOL,2007,Kouki,,Hikosaka,,Japan
OECOL,2007,Richard,,Karban,,USA
OECOL,2007,Hakan,,Wallander,,Sweden
OECOL,2008,Miguel,,Franco,,United Kingdom
OECOL,2008,Allan,TG,Green,,New Zealand
OECOL,2008,Elisabeth,KV,Kalko,,Germany
OECOL,2008,Herwig,,Leirs,,Belgium
OECOL,2008,Jacek,,Radwan,,Poland
OECOL,2008,Heli,,Siitari,,Finland
OECOL,2008,Janne,,Sundell,,Finland
OECOL,2009,Brian,,Beckage,,USA
OECOL,2009,Andrew,,Hector,,Switzerland
OECOL,2009,Meelis,,Partel,,Estonia
OECOL,2009,Timothy,,Seastedt,,USA
OECOL,2009,Raoul,,VanDamme,,Belgium
OECOL,2010,Gerardo,,Avalos,,Costa Rica
OECOL,2010,Oyvind,,Fiksen,,Norway
OECOL,2010,Ilpo,,Kojola,,Finland
OECOL,2010,Pawel,,Koteja,,Poland
OECOL,2010,Esa,,Lehikoinen,,Finland
OECOL,2010,Michael,,Madritch,,USA
OECOL,2010,Ola,,Olsson,,Sweden
OECOL,2010,Jonathan,,Shurin,,Canada
OECOL,2011,Jon,,Agren,,Sweden
OECOL,2011,Leon,,Barmuta,,Australia
OECOL,2011,Walter,,Carson,,USA
OECOL,2011,Jerome,,Casas,,France
OECOL,2011,Goran,,Ericsson,,Sweden
OECOL,2011,Klaus,,Fischer,,Germany
OECOL,2011,Catherine,,Gehring,,USA
OECOL,2011,Elena,,Litchman,,USA
OECOL,2011,Helene,,Marsh,,Australia
OECOL,2011,Caroline,,Muller,,Germany
OECOL,2011,Pedro,,Peres-Neto,,Canada
OECOL,2011,Louis,F,Pitelka,,USA
OECOL,2011,Hannu,,Poysa,,Finland
OECOL,2011,Lin,,Schwarzkopf,,Australia
OECOL,2011,Susan,,Schwinning,,USA
OECOL,2011,Christian,,Wirth,,Germany
OECOL,2012,Stuart,,Bearhop,,United Kingdom
OECOL,2012,James,,Bever,,USA
OECOL,2012,Elizabeth,,Elle,,USA
OECOL,2012,Laura,,Gough,,USA
OECOL,2012,George,,Heimpel,,USA
OECOL,2012,Ines,,Ibanez,,USA
OECOL,2012,Indiris,,K,,Latvia
OECOL,2012,Craig,A,Layman,,USA
OECOL,2012,Jean-Francois,,LeGalliard,,France
OECOL,2012,Manuel,,Lerdau,,USA
OECOL,2012,Jeremy,,Lichstein,,USA
OECOL,2012,John,T,Lill,,USA
OECOL,2012,Ulo,,Niinemets,,Estonia
OECOL,2012,Peggy,,Ostrom,,USA
OECOL,2012,Evan,,Siemann,,USA
OECOL,2012,John,,Stark,,USA
OECOL,2013,Riccardo,,Bommarco,,Sweden
OECOL,2013,Indrikis,,Krams,,Latvia
OECOL,2013,Toni,,Laaksonen,,Finland
OECOL,2013,Anssi,JT,Laurila,,Sweden
OECOL,2013,Andreas,,Prinzing,,France
OECOL,2013,W,Douglas,Robinson,,USA
OECOL,2013,Steve,,Swearer,,Australia
OECOL,2013,Christian,,Voigt,,Germany
OECOL,2014,Juan,,Armesto,,Chile
OECOL,2014,Carlos,L,Ballare,,Argentina
OECOL,2014,Dave,,Bowling,,USA
OECOL,2014,Raphael,,Didham,,United Kingdom
OECOL,2014,Nina,,Farwig,,Germany
OECOL,2014,Candace,,Galen,,USA
OECOL,2014,Martin,,Heil,,Mexico
OECOL,2014,Allen,,Herre,,USA
OECOL,2014,Moshe,,Inbar,,Israel
OECOL,2014,Merijn,,Kant,,Netherlands
OECOL,2014,Jamie,,Kneitel,,USA
OECOL,2014,Jennifer,,Lau,,USA
OECOL,2014,Corne,MJ,Pieterse,,Netherlands
OECOL,2014,Maria,J,Pozo,,Spain
OECOL,2014,Joel,,Sachs,,USA
OECOL,2014,Jennifer,,Thaler,,USA
OECOL,2014,Heather,,Throop,,USA
OECOL,2014,Joel,,Trexler,,USA
OECOL,2014,Laurence,,Ward,,USA
OECOL,2014,Aaron,,Wirsing,,USA
OIKOS,1985,NA,NA,NA,,Norway
PLANTECOL,1985,Reinhard,,Bornkamm,,Germany
PLANTECOL,1985,Jean-Marie,,Gehu,,France
PLANTECOL,1985,Charles,H,Gimingham,,United Kingdom
PLANTECOL,1985,Peter,J,Grubb,,United Kingdom
PLANTECOL,1985,Wolfgang,,Holzner,,Austria
PLANTECOL,1985,Frank,,Klotzli,,Switzerland
PLANTECOL,1985,Eddy,,VanDerMaarel,,Sweden
PLANTECOL,1985,Marinus,JA,Werger,,Netherlands
PLANTECOL,1985,James,,White,,Ireland
PLANTECOL,1987,Max,,Debussche,,France
PLANTECOL,1988,Jelte,,Rozema,,Netherlands
PLANTECOL,1988,Timothy,C,Whitmore,,United Kingdom
PLANTECOL,1989,Jari,,Oksanen,,Finland
PLANTECOL,1991,Kazue,,Fujiwara,,Japan
PLANTECOL,1991,Brij,,Gopal,,India
PLANTECOL,1991,Otto,,Hegg,,Switzerland
PLANTECOL,1991,Ann,,Henderson-Sellers,,Australia
PLANTECOL,1991,Anslem,,Kratochwil,,Germany
PLANTECOL,1991,Helmut,,Lieth,,Germany
PLANTECOL,1991,Jean-Claude,,Menaut,,France
PLANTECOL,1991,Atsushi,,Miyawaki,,Japan
PLANTECOL,1991,Arnold,Green,VanDerValk,,USA
PLANTECOL,1991,Neil,J,West,,USA
PLANTECOL,1991,Kyoji,,Yoda,,Japan
PLANTECOL,1991,Kazimierz,,Zarzycki,,Poland
PLANTECOL,1992,Bert,Green,Drake,,USA
PLANTECOL,1992,Franco,,Pedrotti,,Italy
PLANTECOL,1992,Jelte,,VanAndel,,Netherlands
PLANTECOL,1993,Hans,,Lambers,,Australia
PLANTECOL,1994,Tadaki,,Hirose,,Japan
PLANTECOL,1994,Michael,J,Hutchings,,United Kingdom
PLANTECOL,1994,Yoh,,Iwasa,,Japan
PLANTECOL,1994,Engkik,,Soepadmo,,Malaysia
PLANTECOL,1996,David,C,Glenn-Lewin,,USA
PLANTECOL,1997,Rodolfo,,Dirzo,,Mexico
PLANTECOL,1997,John,A,Lee,,United Kingdom
PLANTECOL,1997,Pierre,,Legendre,,Canada
PLANTECOL,1997,Ernesto,,Medina,,Venezuela
PLANTECOL,1997,John,,Pastor,,USA
PLANTECOL,1997,Marcel,,Rejmanek,,USA
PLANTECOL,1998,Ove,,Eriksson,,Sweden
PLANTECOL,1998,Nancy,,Huntly,,USA
PLANTECOL,1998,Takashi,,Kohyama,,Japan
PLANTECOL,1998,Craig,Green,Lorimer,,USA
PLANTECOL,1998,John,,Proctor,,United Kingdom
PLANTECOL,2001,Richard,Green,Baker,,USA
PLANTECOL,2001,Steve,,Brewer,,USA
PLANTECOL,2001,Kenneth,,Koehler,,USA
PLANTECOL,2002,Michael,J,Crawley,,United Kingdom
PLANTECOL,2002,Florian,,Jeltsch,,Germany
PLANTECOL,2002,Norman,,Kenkel,,Canada
PLANTECOL,2003,Gidi,,Ne'eman,,Israel
PLANTECOL,2003,Isabelle,,Oliveri,,France
PLANTECOL,2003,Marcel,G A,VanDerHeijden,,Netherlands
PLANTECOL,2004,Peter,,Poschlod,,Germany
PLANTECOL,2005,Edwin,,Bergmeier,,Germany
PLANTECOL,2005,Satoki,,Sakai,,Japan
PLANTECOL,2005,Scott,,Wilson,,USA
PLANTECOL,2006,Richard,M,Cowling,,South Africa
PLANTECOL,2006,Martin,,Oesterheld,,Argentina
PLANTECOL,2007,Neil,J,Enright,,Australia
PLANTECOL,2007,Bryan,,Foster,,USA
PLANTECOL,2007,Fangliang,,He,,Canada
PLANTECOL,2007,Karel,,Prach,,Czech Republic
PLANTECOL,2007,Victor,,Rico-Gray,,Mexico
PLANTECOL,2007,Barry,,Warner,,Canada
PLANTECOL,2008,Johannes,,Kollmann,,Denmark
PLANTECOL,2008,Serge,,Payette,,Canada
PLANTECOL,2008,Evan,,Weiher,,USA
PLANTECOL,2009,Lauchlan,,Fraser,,Canada
PLANTECOL,2010,Ingolf,,Kuhn,,Germany
PLANTECOL,2011,Xiaofeng,,Cao,,China
PLANTECOL,2011,Laszlo,,Nagy,,United Kingdom
PLANTECOL,2011,Rebecca,,Ostertag,,USA
PLANTECOL,2011,Victor,,Parra-Tabla,,Mexico
PLANTECOL,2011,George,,Perry,,New Zealand
PLANTECOL,2011,Lesley,,Rigg,,USA
PLANTECOL,2012,Uta,,Berger,,Germany
PLANTECOL,2012,Anne,,Bonis,,France
PLANTECOL,2012,H,E,Epstein,,USA
PLANTECOL,2012,Jennifer,,Firn,,Australia
PLANTECOL,2012,Ray,,Froend,,Australia
PLANTECOL,2012,Steven,,Higgins,,Germany
PLANTECOL,2012,Siegy,,Krauss,,Australia
PLANTECOL,2012,J,,Rozema,,Netherlands
PLANTECOL,2012,Katja,,Schiffers,,France
PLANTECOL,2012,Glenn,H,Stewart,,New Zealand
PLANTECOL,2012,S,J,Walsh,,USA
PLANTECOL,2013,Philip,Green,Ladd,,Australia
PLANTECOL,2013,Mike,J,Lawes,,Australia
PLANTECOL,2013,Jodi,N,Price,,Australia
PLANTECOL,2013,Glenda,M,Wardle,,Australia
PLANTECOL,2013,Kathryn,,Yurkonis,,USA
PLANTECOL,2014,Lori,A,Biederman,,USA
PLANTECOL,2014,Anthony,M,Fowler,,New Zealand
PLANTECOL,2014,Santiago,C,Gonzales-Martinez,,USA
PLANTECOL,2014,Karen,,Harper,,Canada
PLANTECOL,2014,Shayne,M,Jacobs,,South Africa
PLANTECOL,2014,John,A,Kupfer,,USA
PLANTECOL,2014,Christopher,H,Lusk,,Australia
PLANTECOL,2014,Joy,N,Mast,,USA
PLANTECOL,2014,Scott,J,Meiners,,USA
PLANTECOL,2014,Joseph,P,Messina,,USA
PLANTECOL,2014,Peter,R,Minchin,,USA
PLANTECOL,2014,Thijs,L,Pons,,Netherlands
PLANTECOL,2014,Palayanoor,S,Ramakrishnan,,India
PLANTECOL,2014,William,E,Rogers,,USA
PLANTECOL,2014,Benjamin,L,Turner,,Panama
PLANTECOL,2014,Edward,TF,Witkowski,,South Africa
,1995,NA,NA,NA,,