INST,INST_CORR,UNIT_CORR,COUNTRY_CORR,COUNTRY,
Adelaide,,,,Australia,
Agriculture and Agri Food,,,,Canada,
Agriculture and Agri Food Canada,,,,Canada,
Albert Ludwigs Universit_t Freiburg,,,,Germany,
Alberta,,,,Canada,
Alterra,ALTERRA Research Institute for the Green World,,,Netherlands,
ALTERRA Research Instituut voor de groene ruimte,ALTERRA Research Institute for the Green World,,,Netherlands,
Amherst,,,,USA,
Amsterdam,,,,Switzerland,
Antwerp,,,,Belgium,
ANUTECH,,,,Australia,
Arizona,,,,USA,
Arizona State University west,Arizona State University West Campus,,,USA,
ART Research Stationn,,,,Switzerland,
ASA CSSA SSSA,,,,USA,
Ascot,,,,England,
Auckland,,,,New Zealand,
BASF Plant Science,,,,Australia,
BASF Plant Science,,,,USA,
Beijing,,,,China,
Bethesda,,,,USA,
Bialystok,,,,Poland,
Bidhan Chandra Krishi Viswavid,,,,India,
Bristol,,,,England,
California,,,,USA,
Cambridge,,,,England,
Canberra,,,,Australia,
Cardiff,,,,Wales,
Centre for Ecology and Hydrology,,,,United Kingdom,
Chicago,,,,USA,
China Agricultural University,,,,China,
Christchurch,,,,New Zealand,
Ciudad Universitaria,,,,Spain,
CNRS Centre dEcologie des Ressources Renouvelables,,,,France,
Colorado,,,,USA,
Commonwealth Scientific and Industrial Research Organisation ,Commonwealth Scientific and Industrial Research Organisation,,,Australia,
Copenhagen,,,,Denmark,
CUNY College of Staten Island,,,,USA,
Dartmouth,,,,USA,
Dartmouth University,Dartmouth College,,,USA,
Davis,,,,USA,
Duke,,,,USA,
Duke University,,,,USA,
Dundee,,,,Scotland,
Field Museum Of Natural History,Field Museum of Natural History,,,USA,
Florida,,,,USA,
Free University Amsterdam,,,,Switzerland,
Freie UniversitÔøΩt Berlin,Freie University of Berlin,,,Germany,
French Institute of Pondicherry,,,,India,
Gatty Marine Lab (University of Saint Andrews),University of Saint Andrews,Gatty Marine Lab,,Scotland,
Georgia State University,,,,USA,
Gorgan University of Agric. Sci.,,,,Iran,
Guelph,,,,Canada,
Hawaii,,,,USA,
Helmholtz Centre for Environmental Research UFZ,,,,Germany,
Helmholtz Centre for Environmental Research UFZ Leipzig Halle,,,,Germany,
Henan University,,,,China,
Hokkaido,,,,Japan,
Hokkaido University,,,,Japan,
Illinois,,,,USA,
Imperial College London Silwood Park,,,,United Kingdom,
Indiana,,,,USA,
Innsbruck,,,,Austria,
Instituto Mediterraneo de Estudios Avanzados (IMEDEA),,,,Spain,
Instituto Nacional de Tecnologia Agropecua,,,,Argentina,
Instituto Nacional de Tecnologia Agropecua EEA Oliveros,,,,Argentina,
Instituto Venezolano de Investigaciones Cientificas,,,,Venezuela,
Instituto Venezolano Investigaciones Cientificas,,,,Venezuela,
Iowa State University,,,,Argentina,
Iowa State University,,,USA,UsA,
Jawaharial Nehru University,Jawaharlal Nehru University,,,India,
Jena,,,,Germany,
Journal of Tropical Ecology,,,,United Kingdom,
Kansas State University ,Kansas State University,,,USA,
Krakow,,,,Poland,
Kyoto,,,,Japan,
Laboratoire Associe de Modelisation des Plantes<a0>(AMAP),,,,France,
Lakehead University,,,,Canada,
Lakehead University,,,,USA,
Lancaster,,,,England,
Lancaster University,,,,United Kingdom,
Lancaster University,,,,USA,
Landcare Research  Lincoln,Landcare Research Ltd,,,New Zealand,
Landcaster University,,,,United Kingdom,
Landolakes,,,,USA,
Lehman College,Lehman College CUNY,,,USA,
Leibniz Centre for Agricultural Landscape Research,,,,Germany,
Leibniz Centre for Agricultural Landscape Research,,,,USA,
LGL Ecological Research Associates,,,,USA,
Lincoln University,,,,New Zealand,
Mammal Research Institute (University of Pretoria),University of Pretoria,Mammal Research Institute,,South Africa,
Massey,,,,New Zealand,
Massey University,,,,New Zealand,
Millbrook,,,,USA,
Minnesota,,,,USA,
Mississippi State Univ.,Mississippi State University,,,USA,
Monash,,,,Australia,
Monash University,,,,Australia,
Monks Wood,Monks Wood Experiment Station,,,England,
Montana,,,,USA,
Montpellier,,,,France,
Museum National dHistoire Naturelle,,,,France,
National University of Rosario,,,,Argentina,
National University of Rosario,,,,USA,
National University of Singapore,,,,China,
National University of Singapore,,,,Singapore,
Natural Environment Research Council,,,,United Kingdom,
Natural History Museum,,,,England,
Natural History Museum,,,,United Kingdom,
Natural History Museum,,,,USA,
Natural History Museum London,,,,United Kingdom,
Natural History Museum UK,,,,NA,
Nebraska,,,,USA,
New York Botanical Garden,,,,United Kingdom,
New York Botanical Garden,,,,USA,
Newfoundland,,,,Canada,
no one by this name,,,,Australia,
no one by this name,,,,Canada,
no one by this name,,,,Finland,
no one by this name,,,,New Zealand,
no one by this name,,,,United Kingdom,
no one by this name,,,,USA,
North Carolina,,,,USA,
North Carolina Agricultural and Technical State University,,,,USA,
North Carolina State University,,,,USA,
Notre Dame,,,,USA,
Notre Dame University,,,,United Kingdom,
Oklahoma State,Oklahoma State University,,,USA,
Oregon Trail,,,,USA,
Pekinn,,,,China,
Pennsylvania State University,,,,Costa Rica,
Pennsylvania State University,,,,USA,
Pepperdine,,,,USA,
Pepperdine University,,,,USA,
Philadelphia,,,,USA,
Pittsburgh,,,,USA,
Plymouth,,,,England,
Portland State University,,,,United Kingdom,
Portland State University,,,,USA,
Pretoria,,,,South Africa,
Princeton,,,,USA,
Queens University,,,,Canada,
Queens University,,,,USA,
Queens University of Belfast,,,,N. Ireland,Northern Ireland
Queensland,,,,Australia,
Reading,,,,England,
Regina,,,,Canada,
Rice University,,,,Canada,
Rice University,,,,USA,
Riso DTUniversity of National Laboratory for Sustainable Energy,,,,Denmark,
Riverside,,,,USA,
Rose Hulman Institute of Technology,,,,USA,
Rothamsted Research,,,,England,
Rothamsted Research,,,,United Kingdom,
Royal Botanic Gardens Kew,,,,Australia,
Royal Botanic Gardens Kew,,,,United Kingdom,
Royal Botanic Gardens Kew,,,,USA,
Royal Society for the Protection of Bitds,,,,United Kingdom,
Russian Academy of Sciences,,,,Russia,
Russian Academy of Sciences Siberian Branch,,,,Russia,
Sackville,,,,Canada,
Santa Cruz,,,,USA,
Santiago,,,,Chile,
Saskatchewan,,,,Canada,
School of Biological Sciences,,,,Australia,
School of Environment and Nat Resources,,,,USA,
School of Environmental Science,,,,Australia,
Seattle WA,,,,USA,
Seoul,,,,Republic of Korea,
Simon Fraser University,,,,Canada,
Simon Fraser University,,,,Canada,
South Florida,,,,USA,
St. de Pytosociologie Fondamental,,,,France,
State University of New York College of Environmental Science and Forestry,,,,USA,
State University of New York Stony Brook,,,,USA,
Swedish Agricultural University,,,,Sweden,
Swedish University of Agricultural Sciences,,,,Sweden,
Syngenta Crop Protection Inc,Syngenta Crop Protection Inc.,,,USA,
Tartu,,,,Estonia,
Tartu University,,,,Estonia,
Tennessee,,,,USA,
Texas Tech,Texas Tech University,,,USA,
Toronto,,,,Canada,
Truman State,,,,USA,
Tufts,,,,USA,
Tufts University,,,,USA,
Tulane,,,,USA,
Tulane University,,,,USA,
TUniversity of Dresden,,,,Germany,
Uc Santa Cruz,University of California Santa Cruz,,,USA,
Ulm,,,,Germany,
Ulster,,,,Northern Ireland,
Universidad National Autonoma de Mexico,Universidad Nacional Autonoma de Mexico,,,Mexico,
Universidade Federal De Alagoas,Universidade Federal de Alagoas,,,Brazil,
Universidade Federal do Rio de Janeiro Museu Nacional,,,,Brazil,
Universit√© de Montreal,Universite de Montreal,,,Canada,
Universit√© Joseph Fourier,Universite Joseph Fourier,,,France,
Universite Claude Bernard Lyon 1,,,,France,
Universite Claude Bernard Lyons,,,,France,
Universite du Quebec en Abitibi Temiscamingue,,,,Canada,
Universite Laval Quebec,,,,Canada,
Universite Laval Quebec,,,,USA,
Universite Montpellier,,,,France,
Universite Montpellier II,,,,France,
Universite Pierre and Marie Curie,Universite Pierre Et Marie Curie,,,France,
University College London,,,,United Kingdom,
University College London,,,,USA,
University of Alaska Fairbanks,,,,Norway,
University of Alaska Fairbanks,,,,USA,
University of Bonn,,,,Germany,
University of Bonn,,,,USA,
University of Buenos Aires and IFEVA,,,,Argentina,
University of Cambridge,,,,NA,
University of Cape Town,,,,South Africa,
University of Cape Town,,,,United Kingdom,
University of Connecticut,,,,United Kingdom,
University of Connecticut,,,,USA,
University of Durham,,,,NA,
University of East Angolia,,,,United Kingdom,
University of Edinburhg,University of Edinburgh,,,United Kingdom,
University of Georgia,,,,United Kingdom,
University of ibadan,,,,Nigeria,
University of Kentucky,,,,Australia,
University of Leuvenn,University of Leuven,,,Belgium,
University of Los Andes Bogota,University of Los Andes,,,Colombia,
University of Maryland,,,,Canada,
University of Maryland Center for Environmental Science,,,,USA,
University of Missisippi,University of Mississippi,,,USA,
University of Montanna,University of Montana,,,USA,
University of Natural Resources and Life Sciences Vienna,,,,Austria,
University of Oldenberg,,,,Germany,
University of Oldenburg,,,,Germany,
University of Oldenburg,,,,Switzerland,
University of Oxford,,,,Australia,
University of Oxford,,,,England,
University of Pennsylvania,,,,Australia,
University of Pennsylvania,,,,USA,
University of Regina,,,,Canada,
University of Regina,,,,USA,
University of Sheffield,,,,United Kingdom,
University of Sheffield,,,,USA,
University of Southampton,,,,United Kingdom,
University of Southampton,,,,USA,
University of St Andrews,University of St. Andrews,,,United Kingdom,
University of St. Andrews,,,,Canada,
University of Stirlinng,University of Stirling,,,United Kingdom,
University of Tenessee,University of Tennessee,,,USA,
University of Tennessee,,,,Denmark,
University of Texas At Austin,University of Texas Austin,,,USA,
University of Toronto,,,,Canada,
University of Toronto,,,,USA,
University of Tubingen,,,,Germany,
University of Tubingen,,,,United Kingdom,
University of Western Ontario,,,,Canada,
University of Western Ontario,,,,Germany,
University of Western Ontario,,,,USA,
University of Wisconsin,University of Wisconsin,,,USA,
University of Wyoming,,,,Canada,
University of Wyoming,,,,USA,
University of Zuidema,,,,Netherlands,
University of Zurich,,,,Switzerland,
University of Zurich Irchel,,,,Switzerland,
Unsw,University of New South Wales,,,Australia,
US Geological Survey and University of California Santa Barbara,,,,USA,
Utah,,,,USA,
Utrecht,,,,Netherlands,
Vancouver,,,,Canada,
Vermont,,,,USA,
Victoria University of Wellington,,,,Australia,
Victoria University of Wellington,,,,New Zealand,
Victorian School of forestry,Victorian School of Forestry,,,Australia,
Vigo,,,,Spain,
VRije Universiteit Amsterdam,Vrije Universiteit Amsterdam,,,Netherlands,
Vrije Universiteit Amsterdam,,,,Australia,
Vrije Universiteit Amsterdam,,,,Switzerland,
Wageningen,,,,Netherlands,
Wageningen Agricultural University and Research Center Alterra,,,,Netherlands,
Wageningen University and Instituto Boliviano de Investigacion Forestal,,,,Netherlands,
Wageningen University and Research,,,,Netherlands,
Washington U St Louis,Washington University,,,USA,
Washington University School of Medicine,,,,USA,
Western Cotton Research Lab.,Western Cotton Research Lab,,,USA,
Western Michigan University,Western Michigan University,,,,USA
Woods Hole,Woods Hole Oceanographic Institution,,,USA,
WWF,World Wildlife Fund,,,Italy,
Wyoming,,,,USA,
York,,,,England,
York University,,,,Canada,
York University,,,,United Kingdom,
Zurich,,,,Switzerland,
,,,,USA,