,JOURNAL,YEAR,editor_id,FIRST_NAME,MIDDLE_NAME,LAST_NAME,INST,UNIT,CITY,STATE,COUNTRY,NOTES
1,JAPE,1985,24,Anthony,David,Bradshaw,missing,missing,missing,missing,United Kingdom,
2,JAPE,1986,24,Anthony,David,Bradshaw,,,missing,missing,United Kingdom,
3,JAPE,1987,24,Anthony,David,Bradshaw,,,missing,missing,United Kingdom,
4,JAPE,1988,24,Anthony,David,Bradshaw,,,missing,missing,United Kingdom,
5,JAPE,2006,65,Andreas,NA,Erhardt,missing,missing,Basel,missing,Switzerland,
6,JAPE,2007,65,Andreas,NA,Erhardt,,,missing,missing,Switzerland,
7,JAPE,2008,65,Andreas,NA,Erhardt,,,missing,missing,Switzerland,
8,JAPE,2009,65,Andreas,NA,Erhardt,,,missing,missing,Switzerland,
9,JAPE,1996,104,Alison,NA,Hester,missing,missing,Aberdeen,missing,United Kingdom,
10,JAPE,1997,104,Alison,NA,Hester,,,missing,missing,United Kingdom,
11,JAPE,1998,104,Alison,NA,Hester,,,missing,missing,United Kingdom,
12,JAPE,1999,104,Alison,NA,Hester,,,missing,missing,United Kingdom,
13,JAPE,2000,104,Alison,NA,Hester,,,missing,missing,United Kingdom,
14,JAPE,2001,104,Alison,NA,Hester,,,missing,missing,United Kingdom,
15,JAPE,2002,104,Alison,NA,Hester,,,missing,missing,United Kingdom,
16,JAPE,2013,150,Ailsa,NA,McKenzie,Newcastle University,missing,missing,missing,United Kingdom,
17,JAPE,2014,150,Ailsa,NA,McKenzie,,,missing,missing,United Kingdom,
18,JAPE,2015,150,Ailsa,NA,McKenzie,,,missing,missing,United Kingdom,
19,JAPE,2006,174,Andres,NA,Punt,missing,missing,Seattle,missing,USA,
20,JAPE,2007,174,Andres,NA,Punt,,,missing,missing,USA,
21,JAPE,2008,174,Andres,NA,Punt,,,missing,missing,USA,
22,JAPE,2009,174,Andres,NA,Punt,,,missing,missing,USA,
23,JAPE,2010,174,Andres,NA,Punt,University of Washington,missing,missing,missing,USA,
24,JAPE,2011,174,Andres,NA,Punt,,,missing,missing,USA,
25,JAPE,2012,174,Andres,NA,Punt,,,missing,missing,USA,
26,JAPE,2013,174,Andres,NA,Punt,,,missing,missing,USA,
27,JAPE,2014,174,Andres,NA,Punt,,,missing,missing,USA,
28,JAPE,2015,174,Andres,NA,Punt,,,missing,missing,USA,
29,JAPE,1985,186,Arthur,John,Rutter,missing,missing,missing,missing,United Kingdom,
30,JAPE,1986,186,Arthur,John,Rutter,,,missing,missing,United Kingdom,
31,JAPE,1987,186,Arthur,John,Rutter,,,missing,missing,United Kingdom,
32,JAPE,1988,186,Arthur,John,Rutter,,,missing,missing,United Kingdom,
33,JAPE,2007,196,Andy,NA,Sheppard,CSIRO,missing,missing,missing,Australia,
34,JAPE,2008,196,Andy,NA,Sheppard,,,missing,missing,Australia,
35,JAPE,2009,196,Andy,NA,Sheppard,,,missing,missing,Australia,
36,JAPE,2010,196,Andy,NA,Sheppard,,,missing,missing,Australia,
37,JAPE,2011,196,Andy,NA,Sheppard,,,missing,missing,Australia,
38,JAPE,2012,196,Andy,NA,Sheppard,,,missing,missing,Australia,
39,JAPE,2013,196,Andy,NA,Sheppard,,,missing,missing,Australia,
40,JAPE,2014,196,Andy,NA,Sheppard,,,missing,missing,Australia,
41,JAPE,2015,196,Andy,NA,Sheppard,,,missing,missing,Australia,
42,JAPE,2013,209,Angela,NA,Strecker,missing,missing,missing,missing,,
43,JAPE,2015,209,Angela,NA,Strecker,,,missing,missing,USA,
44,JAPE,1996,225,Andrew,R,Watkinson,University of East Anglia,School of Biological Sciences,missing,missing,United Kingdom,
45,JAPE,1997,225,Andrew,R,Watkinson,,,missing,missing,United Kingdom,
46,JAPE,1998,225,Andrew,R,Watkinson,,,missing,missing,United Kingdom,
47,JAPE,1999,225,Andrew,R,Watkinson,,,missing,missing,United Kingdom,
48,JAPE,2000,225,Andrew,R,Watkinson,,,missing,missing,United Kingdom,
49,JAPE,1985,242,B,L,Bayne,missing,missing,missing,missing,United Kingdom,
50,JAPE,1986,242,B,L,Bayne,,,missing,missing,United Kingdom,
51,JAPE,1987,242,B,L,Bayne,,,missing,missing,United Kingdom,
52,JAPE,1988,242,B,L,Bayne,,,missing,missing,United Kingdom,
53,JAPE,1989,242,B,L,Bayne,,,missing,missing,United Kingdom,
54,JAPE,1990,242,B,L,Bayne,,,missing,missing,United Kingdom,
55,JAPE,1991,242,B,L,Bayne,,,missing,missing,United Kingdom,
56,JAPE,1992,242,B,L,Bayne,,,Playmouth,missing,United Kingdom,
57,JAPE,1993,242,B,L,Bayne,,,missing,missing,United Kingdom,
58,JAPE,1994,242,B,L,Bayne,,,missing,missing,United Kingdom,
59,JAPE,1995,242,B,L,Bayne,,,missing,missing,United Kingdom,
60,JAPE,2011,376,Brian,NA,Wilsey,missing,missing,missing,missing,USA,
61,JAPE,2012,376,Brian,NA,Wilsey,,,missing,missing,USA,
62,JAPE,2013,376,Brian,NA,Wilsey,,,missing,missing,USA,
63,JAPE,2014,376,Brian,NA,Wilsey,,,missing,missing,USA,
64,JAPE,2015,376,Brian,NA,Wilsey,,,missing,missing,USA,
65,JAPE,2008,377,Brenden,NA,Wintle,,,Melbourne,missing,Australia,
66,JAPE,2009,377,Brenden,NA,Wintle,missing,missing,missing,missing,Australia,
67,JAPE,2010,377,Brenden,NA,Wintle,University of Melbourne,missing,missing,missing,Australia,
68,JAPE,2011,377,Brenden,NA,Wintle,,,missing,missing,Australia,
69,JAPE,2012,377,Brenden,NA,Wintle,,,missing,missing,Australia,
70,JAPE,2013,377,Brenden,NA,Wintle,,,missing,missing,Australia,
71,JAPE,2014,377,Brenden,NA,Wintle,,,missing,missing,Australia,
72,JAPE,2015,377,Brenden,NA,Wintle,,,missing,missing,Australia,
73,JAPE,2013,390,Christina,NA,Banks-Leite,Imperial College London,NA,NA,missing,United Kingdom,
74,JAPE,2014,390,Christina,NA,Banks-Leite,,,NA,missing,United Kingdom,
75,JAPE,2015,390,Christina,NA,Banks-Leite,,,NA,missing,United Kingdom,
76,JAPE,2009,437,Christl,NA,Donnelly,NA,NA,London,missing,United Kingdom,
77,JAPE,2010,437,Christl,NA,Donnelly,Imperial College London,NA,NA,missing,United Kingdom,
78,JAPE,2006,454,Chris,LJ,Frid,NA,NA,Liverpool,missing,United Kingdom,
79,JAPE,2007,454,Chris,LJ,Frid,,,NA,missing,United Kingdom,
80,JAPE,2008,454,Chris,LJ,Frid,,,NA,missing,United Kingdom,
81,JAPE,2009,454,Chris,LJ,Frid,,,NA,missing,United Kingdom,
82,JAPE,2010,454,Chris,LJ,Frid,University of Liverpool,NA,NA,missing,United Kingdom,
83,JAPE,2011,454,Chris,LJ,Frid,,,NA,missing,United Kingdom,
84,JAPE,2012,454,Chris,LJ,Frid,,,NA,missing,United Kingdom,
85,JAPE,2013,454,Chris,LJ,Frid,,,NA,missing,United Kingdom,
86,JAPE,2014,454,Chris,LJ,Frid,,,NA,missing,United Kingdom,
87,JAPE,2015,454,Chris,LJ,Frid,,,NA,missing,United Kingdom,
88,JAPE,1989,521,Christopher,NA,Mason,NA,NA,NA,missing,United Kingdom,
89,JAPE,1990,521,Christopher,NA,Mason,,,NA,missing,United Kingdom,
90,JAPE,1991,521,Christopher,NA,Mason,,,NA,missing,United Kingdom,
91,JAPE,1992,521,Christopher,NA,Mason,,,Colchester,missing,United Kingdom,
92,JAPE,1993,521,Christopher,NA,Mason,,,NA,missing,United Kingdom,
93,JAPE,1994,521,Christopher,NA,Mason,,,NA,missing,United Kingdom,
94,JAPE,1995,521,Christopher,NA,Mason,,,NA,missing,United Kingdom,
95,JAPE,1996,521,Christopher,NA,Mason,,,NA,missing,United Kingdom,
96,JAPE,2007,593,Chris,NA,Wilcox,NA,NA,Hobart,missing,Australia,
97,JAPE,2008,593,Chris,NA,Wilcox,,,NA,missing,Australia,
98,JAPE,2009,593,Chris,NA,Wilcox,,,NA,missing,Australia,
99,JAPE,2010,593,Chris,NA,Wilcox,CSIRO Marine and Atmospheric Research,NA,NA,missing,Australia,
100,JAPE,2011,593,Chris,NA,Wilcox,,,NA,missing,Australia,
101,JAPE,2012,593,Chris,NA,Wilcox,,,NA,missing,Australia,
102,JAPE,2011,608,David,NA,Angeler,NA,NA,Uppsala,missing,,
103,JAPE,2012,608,David,NA,Angeler,,,NA,missing,Sweden,
104,JAPE,2013,608,David,NA,Angeler,,,NA,missing,Sweden,
105,JAPE,2014,608,David,NA,Angeler,,,NA,missing,Sweden,
106,JAPE,2015,608,David,NA,Angeler,,,NA,missing,Sweden,
107,JAPE,1985,629,David,E,Bignell,NA,NA,NA,missing,United Kingdom,
108,JAPE,1986,629,David,E,Bignell,,,NA,missing,United Kingdom,
109,JAPE,1987,629,David,E,Bignell,,,NA,missing,United Kingdom,
110,JAPE,1988,629,David,E,Bignell,,,NA,missing,United Kingdom,
111,JAPE,1989,629,David,E,Bignell,,,NA,missing,United Kingdom,
112,JAPE,1990,629,David,E,Bignell,,,NA,missing,United Kingdom,
113,JAPE,1991,629,David,E,Bignell,,,NA,missing,United Kingdom,
114,JAPE,1992,629,David,E,Bignell,,,London,missing,United Kingdom,
115,JAPE,1993,629,David,E,Bignell,,,NA,missing,United Kingdom,
116,JAPE,1994,629,David,E,Bignell,,,NA,missing,United Kingdom,
117,JAPE,1995,629,David,E,Bignell,,,NA,missing,United Kingdom,
118,JAPE,2008,718,Daniel,NA,Haydon,NA,NA,NA,missing,United Kingdom,
119,JAPE,2009,718,Daniel,NA,Haydon,,,Glasgow,missing,United Kingdom,
120,JAPE,1993,722,David,A,Hill,NA,NA,Thetford,missing,United Kingdom,
121,JAPE,1994,722,David,A,Hill,,,NA,missing,United Kingdom,
122,JAPE,1995,722,David,A,Hill,,,Cambridge,missing,United Kingdom,
123,JAPE,1996,722,David,A,Hill,,,NA,missing,United Kingdom,
124,JAPE,1997,722,David,A,Hill,,,NA,missing,United Kingdom,
125,JAPE,1998,722,David,A,Hill,,,NA,missing,United Kingdom,
126,JAPE,1999,722,David,A,Hill,,,NA,missing,United Kingdom,
127,JAPE,2011,727,Danny,NA,Hooftman,NA,NA,Wallingford,missing,,
128,JAPE,2012,727,Danny,NA,Hooftman,,,NA,missing,United Kingdom,
129,JAPE,2013,727,Danny,NA,Hooftman,,,NA,missing,United Kingdom,
130,JAPE,2014,727,Danny,NA,Hooftman,,,NA,missing,United Kingdom,
131,JAPE,2015,727,Danny,NA,Hooftman,,,NA,missing,United Kingdom,
132,JAPE,2007,747,David,NA,Kleijn,NA,NA,Nijmegen,missing,Netherlands,
133,JAPE,2008,747,David,NA,Kleijn,,,NA,missing,Netherlands,
134,JAPE,2009,747,David,NA,Kleijn,,,NA,missing,Netherlands,
135,JAPE,2010,747,David,NA,Kleijn,,,NA,missing,,
136,JAPE,2011,747,David,NA,Kleijn,,,NA,missing,Netherlands,
137,JAPE,2012,747,David,NA,Kleijn,,,NA,missing,Netherlands,
138,JAPE,2013,747,David,NA,Kleijn,,,NA,missing,Netherlands,
139,JAPE,2014,747,David,NA,Kleijn,,,NA,missing,Netherlands,
140,JAPE,2015,747,David,NA,Kleijn,,,NA,missing,Netherlands,
141,JAPE,2010,755,Doug,NA,Landis,Michigan State University,NA,NA,missing,USA,
142,JAPE,2011,755,Doug,NA,Landis,,,NA,missing,USA,
143,JAPE,2013,755,Doug,NA,Landis,,,NA,missing,USA,
144,JAPE,1996,785,David,I,McCracken,NA,NA,Auchincruive,missing,United Kingdom,
145,JAPE,1997,785,David,I,McCracken,,,NA,missing,United Kingdom,
146,JAPE,1998,785,David,I,McCracken,,,NA,missing,United Kingdom,
147,JAPE,1999,785,David,I,McCracken,,,NA,missing,United Kingdom,
148,JAPE,2000,785,David,I,McCracken,,,NA,missing,United Kingdom,
149,JAPE,2001,785,David,I,McCracken,,,NA,missing,United Kingdom,
150,JAPE,2002,785,David,I,McCracken,,,NA,missing,United Kingdom,
151,JAPE,2003,785,David,I,McCracken,,,NA,missing,United Kingdom,
152,JAPE,2004,785,David,I,McCracken,,,NA,missing,United Kingdom,
153,JAPE,2005,785,David,I,McCracken,,,NA,missing,United Kingdom,
154,JAPE,2006,785,David,I,McCracken,,,NA,missing,United Kingdom,
155,JAPE,2007,785,David,I,McCracken,Scottish Agricultural College,NA,NA,missing,United Kingdom,
156,JAPE,2008,785,David,I,McCracken,,,NA,missing,United Kingdom,
157,JAPE,2009,785,David,I,McCracken,,,NA,missing,United Kingdom,
158,JAPE,2010,785,David,I,McCracken,,,NA,missing,United Kingdom,
159,JAPE,2011,785,David,I,McCracken,,,NA,missing,United Kingdom,
160,JAPE,2012,785,David,I,McCracken,,,NA,missing,United Kingdom,
161,JAPE,2006,890,Des,NA,Thompson,NA,NA,Edinburgh,missing,United Kingdom,
162,JAPE,2007,890,Des,NA,Thompson,,,NA,missing,United Kingdom,
163,JAPE,2008,890,Des,NA,Thompson,,,NA,missing,United Kingdom,
164,JAPE,2009,890,Des,NA,Thompson,,,NA,missing,United Kingdom,
165,JAPE,2010,890,Des,NA,Thompson,Scottish Natural Heritage,NA,NA,missing,United Kingdom,
166,JAPE,2011,890,Des,NA,Thompson,,,NA,missing,United Kingdom,
167,JAPE,2012,890,Des,NA,Thompson,,,NA,missing,United Kingdom,
168,JAPE,2014,890,Des,NA,Thompson,,,NA,missing,United Kingdom,
169,JAPE,2015,890,Des,NA,Thompson,,,NA,missing,United Kingdom,
170,JAPE,1988,910,David,NA,Welch,NA,NA,NA,missing,United Kingdom,
171,JAPE,1989,910,David,NA,Welch,,,NA,missing,United Kingdom,
172,JAPE,1990,910,David,NA,Welch,,,NA,missing,United Kingdom,
173,JAPE,1991,910,David,NA,Welch,,,NA,missing,United Kingdom,
174,JAPE,1992,910,David,NA,Welch,,,Banchory,missing,United Kingdom,
175,JAPE,1993,910,David,NA,Welch,,,NA,missing,United Kingdom,
176,JAPE,1994,910,David,NA,Welch,,,NA,missing,United Kingdom,
177,JAPE,1995,910,David,NA,Welch,,,NA,missing,United Kingdom,
178,JAPE,1996,910,David,NA,Welch,,,NA,missing,United Kingdom,
179,JAPE,2012,951,Erika,NA,Crispo,University of Calgary,NA,NA,missing,Canada,
180,JAPE,2013,951,Erika,NA,Crispo,,,NA,missing,Canada,
181,JAPE,2014,951,Erika,NA,Crispo,,,NA,missing,Canada,
182,JAPE,2015,951,Erika,NA,Crispo,,,NA,missing,Canada,
183,JAPE,2008,965,Esteban,NA,Fernandez-Juricic,NA,NA,Long Beach,California,USA,
184,JAPE,2009,965,Esteban,NA,Fernandez-Juricic,,,NA,missing,USA,
185,JAPE,2010,965,Esteban,NA,Fernandez-Juricic,Purdue University,NA,NA,missing,USA,
186,JAPE,2011,965,Esteban,NA,Fernandez-Juricic,,,NA,missing,USA,
187,JAPE,2012,965,Esteban,NA,Fernandez-Juricic,,,NA,missing,USA,
188,JAPE,2013,965,Esteban,NA,Fernandez-Juricic,,,NA,missing,USA,
189,JAPE,2014,965,Esteban,NA,Fernandez-Juricic,,,NA,missing,USA,
190,JAPE,2015,965,Esteban,NA,Fernandez-Juricic,,,NA,missing,USA,
191,JAPE,2002,1004,Eleanor,Jane,Milner-Gulland,NA,NA,London,missing,United Kingdom,
192,JAPE,2003,1004,Eleanor,Jane,Milner-Gulland,,,NA,missing,United Kingdom,
193,JAPE,2004,1004,Eleanor,Jane,Milner-Gulland,,,NA,missing,United Kingdom,
194,JAPE,2005,1004,Eleanor,Jane,Milner-Gulland,,,NA,missing,United Kingdom,
195,JAPE,2006,1004,Eleanor,Jane,Milner-Gulland,,,NA,missing,United Kingdom,
196,JAPE,2007,1004,Eleanor,Jane,Milner-Gulland,,,NA,missing,United Kingdom,
197,JAPE,2008,1004,Eleanor,Jane,Milner-Gulland,Imperial College London,NA,NA,missing,United Kingdom,
198,JAPE,2009,1004,Eleanor,Jane,Milner-Gulland,,,NA,missing,United Kingdom,
199,JAPE,2010,1004,Eleanor,Jane,Milner-Gulland,,,NA,missing,United Kingdom,
200,JAPE,2011,1004,Eleanor,Jane,Milner-Gulland,,,NA,missing,United Kingdom,
201,JAPE,2012,1004,Eleanor,Jane,Milner-Gulland,,,NA,missing,United Kingdom,
202,JAPE,2013,1004,Eleanor,Jane,Milner-Gulland,,,NA,missing,United Kingdom,
203,JAPE,2014,1004,Eleanor,Jane,Milner-Gulland,,,NA,missing,United Kingdom,
204,JAPE,2010,1006,Eric,NA,Morgan,University of Bristol,NA,NA,missing,United Kingdom,
205,JAPE,2011,1006,Eric,NA,Morgan,,,NA,missing,United Kingdom,
206,JAPE,2012,1006,Eric,NA,Morgan,,,NA,missing,United Kingdom,
207,JAPE,2013,1006,Eric,NA,Morgan,,,NA,missing,United Kingdom,
208,JAPE,2014,1006,Eric,NA,Morgan,,,NA,missing,United Kingdom,
209,JAPE,2007,1079,Fangliang,NA,He,NA,NA,Alberta,missing,Canada,
210,JAPE,2008,1079,Fangliang,NA,He,,,NA,missing,Canada,
211,JAPE,2009,1079,Fangliang,NA,He,,,NA,missing,Canada,
212,JAPE,2010,1079,Fangliang,NA,He,University of Alberta,NA,NA,missing,Canada,
213,JAPE,2000,1209,Glenn,R,Iason,NA,NA,Aberdeen,missing,United Kingdom,
214,JAPE,2001,1209,Glenn,R,Iason,,,NA,missing,United Kingdom,
215,JAPE,2002,1209,Glenn,R,Iason,,,NA,missing,United Kingdom,
216,JAPE,2003,1209,Glenn,R,Iason,,,NA,missing,United Kingdom,
217,JAPE,2004,1209,Glenn,R,Iason,,,NA,missing,United Kingdom,
218,JAPE,2005,1260,Graham,NA,Smith,NA,NA,York,missing,United Kingdom,
219,JAPE,2006,1260,Graham,NA,Smith,,,NA,missing,United Kingdom,
220,JAPE,2010,1290,Harald,NA,Bugmann,Swiss Federal Institute of Technology Zurich,NA,NA,missing,Switzerland,
221,JAPE,2011,1290,Harald,NA,Bugmann,,,NA,missing,Switzerland,
222,JAPE,2012,1290,Harald,NA,Bugmann,,,NA,missing,Switzerland,
223,JAPE,2013,1290,Harald,NA,Bugmann,,,NA,missing,Switzerland,
224,JAPE,2014,1290,Harald,NA,Bugmann,,,NA,missing,Switzerland,
225,JAPE,2015,1290,Harald,NA,Bugmann,,,NA,missing,Switzerland,
226,JAPE,1992,1316,Hugh,AP,Ingram,University of Dundee,Department of Biological Scences,NA,missing,United Kingdom,
227,JAPE,1993,1316,Hugh,AP,Ingram,,,NA,missing,United Kingdom,
228,JAPE,1994,1316,Hugh,AP,Ingram,,,NA,missing,United Kingdom,
229,JAPE,1995,1316,Hugh,AP,Ingram,,,NA,missing,United Kingdom,
230,JAPE,1996,1316,Hugh,AP,Ingram,,,NA,missing,United Kingdom,
231,JAPE,2013,1339,Hamish,NA,McCallum,Griffith University,NA,NA,missing,Australia,
232,JAPE,2014,1339,Hamish,NA,McCallum,,,NA,missing,Australia,
233,JAPE,2015,1339,Hamish,NA,McCallum,,,NA,missing,Australia,
234,JAPE,1989,1368,Henry,NA,Thomas,NA,NA,NA,missing,United Kingdom,
235,JAPE,1990,1368,Henry,NA,Thomas,,,NA,missing,United Kingdom,
236,JAPE,1991,1368,Henry,NA,Thomas,,,NA,missing,United Kingdom,
237,JAPE,1992,1368,Henry,NA,Thomas,,,Aberystwyth,missing,United Kingdom,
238,JAPE,1993,1368,Henry,NA,Thomas,,,NA,missing,United Kingdom,
239,JAPE,1994,1368,Henry,NA,Thomas,,,NA,missing,United Kingdom,
240,JAPE,1995,1368,Henry,NA,Thomas,,,NA,missing,United Kingdom,
241,JAPE,1996,1368,Henry,NA,Thomas,,,NA,missing,United Kingdom,
242,JAPE,1997,1368,Henry,NA,Thomas,,,NA,missing,United Kingdom,
243,JAPE,2014,1403,Ian,NA,Kaplan,Purdue University,NA,NA,missing,USA,
244,JAPE,2015,1403,Ian,NA,Kaplan,,,NA,missing,USA,
245,JAPE,1988,1420,Ian,F,Spellerberg,NA,NA,NA,missing,United Kingdom,
246,JAPE,1989,1420,Ian,F,Spellerberg,,,NA,missing,United Kingdom,
247,JAPE,1990,1420,Ian,F,Spellerberg,,,NA,missing,United Kingdom,
248,JAPE,1991,1420,Ian,F,Spellerberg,,,NA,missing,United Kingdom,
249,JAPE,1992,1420,Ian,F,Spellerberg,,,Southampton,missing,United Kingdom,
250,JAPE,1993,1420,Ian,F,Spellerberg,,,NA,missing,United Kingdom,
251,JAPE,1994,1420,Ian,F,Spellerberg,,,Canterbury,missing,New Zealand,
252,JAPE,1995,1420,Ian,F,Spellerberg,,,NA,missing,New Zealand,
253,JAPE,1996,1420,Ian,F,Spellerberg,,,NA,missing,New Zealand,
254,JAPE,2006,1421,Ingolf,NA,Steffan-Dewenter,NA,NA,Gottingen,missing,Germany,
255,JAPE,2007,1421,Ingolf,NA,Steffan-Dewenter,,,NA,missing,Germany,
256,JAPE,2008,1421,Ingolf,NA,Steffan-Dewenter,,,NA,missing,Germany,
257,JAPE,2009,1421,Ingolf,NA,Steffan-Dewenter,,,Bayreuth,missing,Germany,
258,JAPE,2010,1421,Ingolf,NA,Steffan-Dewenter,University of Bayreuth,NA,NA,missing,Germany,
259,JAPE,2011,1421,Ingolf,NA,Steffan-Dewenter,,,NA,missing,Germany,
260,JAPE,2012,1421,Ingolf,NA,Steffan-Dewenter,,,NA,missing,Germany,
261,JAPE,2013,1421,Ingolf,NA,Steffan-Dewenter,University of Wurzburg,NA,NA,missing,Germany,
262,JAPE,2014,1421,Ingolf,NA,Steffan-Dewenter,,,NA,missing,Germany,
263,JAPE,2008,1452,Jos,NA,Barlow,NA,NA,Lancaster,missing,United Kingdom,
264,JAPE,2009,1452,Jos,NA,Barlow,,,NA,missing,United Kingdom,
265,JAPE,2010,1452,Jos,NA,Barlow,,,NA,missing,,
266,JAPE,2011,1452,Jos,NA,Barlow,,,NA,missing,United Kingdom,
267,JAPE,2012,1452,Jos,NA,Barlow,,,NA,missing,United Kingdom,
268,JAPE,2013,1452,Jos,NA,Barlow,,,NA,missing,United Kingdom,
269,JAPE,2014,1452,Jos,NA,Barlow,,,NA,missing,United Kingdom,
270,JAPE,2015,1452,Jos,NA,Barlow,,,NA,missing,United Kingdom,
271,JAPE,2013,1470,Julia,NA,Blanchard,NA,NA,NA,missing,,
272,JAPE,2014,1470,Julia,NA,Blanchard,,,NA,missing,United Kingdom,
273,JAPE,2015,1470,Julia,NA,Blanchard,,,NA,missing,United Kingdom,
274,JAPE,2000,1490,James,M,Bullock,NA,NA,Furzebrook,missing,United Kingdom,
275,JAPE,2001,1490,James,M,Bullock,,,NA,missing,United Kingdom,
276,JAPE,2002,1490,James,M,Bullock,,,NA,missing,United Kingdom,
277,JAPE,2003,1490,James,M,Bullock,,,NA,missing,United Kingdom,
278,JAPE,2007,1494,Javier,NA,Bustamante,NA,NA,Seville,missing,Spain,
279,JAPE,2008,1494,Javier,NA,Bustamante,,,NA,missing,Spain,
280,JAPE,2009,1494,Javier,NA,Bustamante,,,NA,missing,Spain,
281,JAPE,1985,1521,J,P,Cooper,NA,NA,NA,missing,United Kingdom,
282,JAPE,1986,1521,J,P,Cooper,,,NA,missing,United Kingdom,
283,JAPE,1987,1521,J,P,Cooper,,,NA,missing,United Kingdom,
284,JAPE,2006,1522,Joan,NA,Cossentine,NA,NA,Summerland,missing,Canada,
285,JAPE,2007,1522,Joan,NA,Cossentine,,,NA,missing,Canada,
286,JAPE,2008,1522,Joan,NA,Cossentine,,,NA,missing,,
287,JAPE,2009,1522,Joan,NA,Cossentine,,,NA,missing,Canada,
288,JAPE,2010,1522,Joan,NA,Cossentine,Pacific Agri Food Research Centre,NA,NA,missing,Canada,
289,JAPE,2011,1522,Joan,NA,Cossentine,,,NA,missing,Canada,
290,JAPE,2012,1522,Joan,NA,Cossentine,,,NA,missing,Canada,
291,JAPE,1985,1531,John,Patrick,Croxall,NA,NA,NA,missing,United Kingdom,
292,JAPE,1986,1531,John,Patrick,Croxall,,,NA,missing,United Kingdom,
293,JAPE,1987,1531,John,Patrick,Croxall,,,NA,missing,United Kingdom,
294,JAPE,1988,1531,John,Patrick,Croxall,,,NA,missing,United Kingdom,
295,JAPE,1989,1531,John,Patrick,Croxall,,,NA,missing,United Kingdom,
296,JAPE,1990,1531,John,Patrick,Croxall,,,NA,missing,United Kingdom,
297,JAPE,1991,1531,John,Patrick,Croxall,,,NA,missing,United Kingdom,
298,JAPE,1992,1531,John,Patrick,Croxall,,,Cambridge,missing,United Kingdom,
299,JAPE,1993,1531,John,Patrick,Croxall,,,NA,missing,United Kingdom,
300,JAPE,1994,1531,John,Patrick,Croxall,,,NA,missing,United Kingdom,
301,JAPE,1995,1531,John,Patrick,Croxall,,,NA,missing,United Kingdom,
302,JAPE,2014,1572,John,NA,Finn,Teagasc,NA,NA,missing,Ireland,
303,JAPE,2015,1572,John,NA,Finn,,,NA,missing,Ireland,
304,JAPE,2010,1573,Jennifer,NA,Firn,CISRO Sustainable Ecosystems,NA,NA,missing,Australia,
305,JAPE,2011,1573,Jennifer,NA,Firn,,,NA,missing,Australia,
306,JAPE,2012,1573,Jennifer,NA,Firn,,,NA,missing,Australia,
307,JAPE,2013,1573,Jennifer,NA,Firn,,,NA,missing,Australia,
308,JAPE,2014,1573,Jennifer,NA,Firn,,,NA,missing,Australia,
309,JAPE,2015,1573,Jennifer,NA,Firn,,,NA,missing,Australia,
310,JAPE,2013,1578,Jacqui,NA,Frair,University of New York,NA,NA,missing,USA,
311,JAPE,2014,1578,Jacqui,NA,Frair,,,NA,missing,USA,
312,JAPE,2015,1578,Jacqui,NA,Frair,,,NA,missing,USA,
313,JAPE,2005,1597,Jennifer,NA,Gill,NA,NA,Norwich,missing,United Kingdom,
314,JAPE,2006,1597,Jennifer,NA,Gill,,,NA,missing,United Kingdom,
315,JAPE,2007,1597,Jennifer,NA,Gill,,,NA,missing,United Kingdom,
316,JAPE,2008,1597,Jennifer,NA,Gill,,,NA,missing,United Kingdom,
317,JAPE,2009,1597,Jennifer,NA,Gill,,,NA,missing,United Kingdom,
318,JAPE,2010,1597,Jennifer,NA,Gill,,,NA,missing,,
319,JAPE,2011,1597,Jennifer,NA,Gill,,,NA,missing,United Kingdom,
320,JAPE,2012,1597,Jennifer,NA,Gill,,,NA,missing,United Kingdom,
321,JAPE,2008,1659,Julia,NA,Jones,NA,NA,Bangor,missing,United Kingdom,
322,JAPE,2009,1659,Julia,NA,Jones,,,NA,missing,United Kingdom,
323,JAPE,2010,1659,Julia,NA,Jones,Bangor University,NA,NA,missing,United Kingdom,
324,JAPE,2011,1659,Julia,NA,Jones,,,NA,missing,United Kingdom,
325,JAPE,2013,1659,Julia,NA,Jones,,,NA,missing,United Kingdom,
326,JAPE,2014,1659,Julia,NA,Jones,,,NA,missing,United Kingdom,
327,JAPE,2015,1659,Julia,NA,Jones,NA,NA,NA,missing,United Kingdom,
328,JAPE,2006,1708,Jack,J,Lennon,,,Aberdeen,missing,United Kingdom,
329,JAPE,2007,1708,Jack,J,Lennon,,,NA,missing,United Kingdom,
330,JAPE,2008,1708,Jack,J,Lennon,,,NA,missing,United Kingdom,
331,JAPE,2009,1708,Jack,J,Lennon,,,NA,missing,United Kingdom,
332,JAPE,2010,1708,Jack,J,Lennon,Macaulay Land Use Research Institute,NA,Aberdeen,missing,United Kingdom,
333,JAPE,2011,1708,Jack,J,Lennon,,,NA,missing,United Kingdom,
334,JAPE,2006,1709,Jan,NA,Leps,NA,NA,Ceske Budejovice,missing,Czech Republic,
335,JAPE,2007,1709,Jan,NA,Leps,,,NA,missing,Czech Republic,
336,JAPE,2008,1709,Jan,NA,Leps,,,NA,missing,Czech Republic,
337,JAPE,2009,1709,Jan,NA,Leps,,,NA,missing,Czech Republic,
338,JAPE,2010,1709,Jan,NA,Leps,University of South Bohemia,NA,NA,missing,Czech Republic,
339,JAPE,2011,1709,Jan,NA,Leps,,,NA,missing,Czech Republic,
340,JAPE,2012,1709,Jan,NA,Leps,,,NA,missing,Czech Republic,
341,JAPE,2008,1748,Jason,NA,Matthiopoulos,NA,NA,St. Andrews,missing,United Kingdom,
342,JAPE,2009,1748,Jason,NA,Matthiopoulos,,,NA,missing,United Kingdom,
343,JAPE,2010,1748,Jason,NA,Matthiopoulos,University of St. Andrews,NA,NA,missing,United Kingdom,
344,JAPE,2011,1748,Jason,NA,Matthiopoulos,,,NA,missing,United Kingdom,
345,JAPE,2012,1748,Jason,NA,Matthiopoulos,,,NA,missing,United Kingdom,
346,JAPE,2013,1748,Jason,NA,Matthiopoulos,,,NA,missing,United Kingdom,
347,JAPE,2014,1748,Jason,NA,Matthiopoulos,,,NA,missing,United Kingdom,
348,JAPE,2009,1757,Jane,NA,Memmott,University of Bristol,NA,NA,missing,United Kingdom,
349,JAPE,2010,1757,Jane,NA,Memmott,,,NA,missing,United Kingdom,
350,JAPE,2011,1757,Jane,NA,Memmott,,,NA,missing,United Kingdom,
351,JAPE,1988,1767,John,NA,Miles,NA,NA,NA,missing,United Kingdom,
352,JAPE,1989,1767,John,NA,Miles,,,NA,missing,United Kingdom,
353,JAPE,1990,1767,John,NA,Miles,,,NA,missing,United Kingdom,
354,JAPE,1991,1767,John,NA,Miles,,,NA,missing,United Kingdom,
355,JAPE,2013,1770,Jeroen,NA,Minderman,University of Stirling,NA,NA,missing,United Kingdom,
356,JAPE,2014,1770,Jeroen,NA,Minderman,,,NA,missing,United Kingdom,
357,JAPE,2015,1770,Jeroen,NA,Minderman,,,NA,missing,United Kingdom,
358,JAPE,1985,1773,John,Lennox,Monteith,NA,NA,NA,missing,United Kingdom,
359,JAPE,1986,1773,John,Lennox,Monteith,,,NA,missing,United Kingdom,
360,JAPE,1987,1773,John,Lennox,Monteith,,,NA,missing,United Kingdom,
361,JAPE,2010,1793,Juliet,NA,Osborne,NA,NA,NA,missing,,
362,JAPE,2011,1793,Juliet,NA,Osborne,,,NA,missing,United Kingdom,
363,JAPE,2012,1793,Juliet,NA,Osborne,,,NA,missing,United Kingdom,
364,JAPE,2013,1793,Juliet,NA,Osborne,,,NA,missing,United Kingdom,
365,JAPE,2014,1793,Juliet,NA,Osborne,,,NA,missing,United Kingdom,
366,JAPE,2008,1831,Jonathan,NA,Rhodes,NA,NA,NA,missing,Australia,
367,JAPE,2009,1831,Jonathan,NA,Rhodes,,,NA,missing,Australia,
368,JAPE,2010,1831,Jonathan,NA,Rhodes,University of Queensland,NA,NA,missing,Australia,
369,JAPE,2011,1831,Jonathan,NA,Rhodes,,,NA,missing,Australia,
370,JAPE,2012,1831,Jonathan,NA,Rhodes,,,NA,missing,Australia,
371,JAPE,2013,1831,Jonathan,NA,Rhodes,,,NA,missing,Australia,
372,JAPE,2014,1831,Jonathan,NA,Rhodes,,,NA,missing,Australia,
373,JAPE,2015,1831,Jonathan,NA,Rhodes,,,NA,missing,Australia,
374,JAPE,1985,1884,Janet,I,Sprent,NA,NA,NA,missing,United Kingdom,
375,JAPE,1986,1884,Janet,I,Sprent,,,NA,missing,United Kingdom,
376,JAPE,1987,1884,Janet,I,Sprent,,,NA,missing,United Kingdom,
377,JAPE,1988,1884,Janet,I,Sprent,,,NA,missing,United Kingdom,
378,JAPE,1989,1884,Janet,I,Sprent,,,NA,missing,United Kingdom,
379,JAPE,1990,1884,Janet,I,Sprent,,,NA,missing,United Kingdom,
380,JAPE,1991,1884,Janet,I,Sprent,,,NA,missing,United Kingdom,
381,JAPE,1992,1884,Janet,I,Sprent,,,Dundee,missing,United Kingdom,
382,JAPE,1993,1884,Janet,I,Sprent,,,NA,missing,United Kingdom,
383,JAPE,1994,1884,Janet,I,Sprent,,,NA,missing,United Kingdom,
384,JAPE,1995,1884,Janet,I,Sprent,,,NA,missing,United Kingdom,
385,JAPE,1996,1884,Janet,I,Sprent,,,NA,missing,United Kingdom,
386,JAPE,1997,1884,Janet,I,Sprent,,,NA,missing,United Kingdom,
387,JAPE,1996,1913,Jo,NA,Treweek,NA,NA,Furzebrook,missing,United Kingdom,
388,JAPE,1997,1913,Jo,NA,Treweek,,,NA,missing,United Kingdom,
389,JAPE,1998,1913,Jo,NA,Treweek,,,NA,missing,United Kingdom,
390,JAPE,1999,1913,Jo,NA,Treweek,,,Monks Wood,missing,United Kingdom,
391,JAPE,2000,1913,Jo,NA,Treweek,,,Monks Wood,missing,United Kingdom,
392,JAPE,2010,2125,Lesley,NA,Batty,Unviersity of Birmingham,NA,NA,missing,United Kingdom,
393,JAPE,2011,2125,Lesley,NA,Batty,,,NA,missing,United Kingdom,
394,JAPE,2012,2125,Lesley,NA,Batty,,,NA,missing,United Kingdom,
395,JAPE,2013,2125,Lesley,NA,Batty,,,NA,missing,United Kingdom,
396,JAPE,1997,2145,Les,Green,Firbank,NA,NA,Merlewood,missing,United Kingdom,
397,JAPE,1998,2145,Les,Green,Firbank,,,NA,missing,United Kingdom,
398,JAPE,1999,2145,Les,Green,Firbank,,,NA,missing,United Kingdom,
399,JAPE,2000,2145,Les,Green,Firbank,,,Merlewood,missing,United Kingdom,
400,JAPE,2001,2145,Les,Green,Firbank,,,NA,missing,United Kingdom,
401,JAPE,2002,2145,Les,Green,Firbank,,,NA,missing,United Kingdom,
402,JAPE,1996,2250,Les,Green,Underhill,NA,NA,Cape Town,missing,South Africa,
403,JAPE,1997,2250,Les,Green,Underhill,,,NA,missing,South Africa,
404,JAPE,1998,2250,Les,Green,Underhill,,,NA,missing,South Africa,
405,JAPE,1999,2250,Les,Green,Underhill,,,NA,missing,South Africa,
406,JAPE,2000,2250,Les,Green,Underhill,,,Cape Town,missing,South Africa,
407,JAPE,2011,2280,Mel,NA,Austen,Plymouth Marine Laboratory,NA,Playmouth,missing,United Kingdom,
408,JAPE,2012,2280,Mel,NA,Austen,,,NA,missing,United Kingdom,
409,JAPE,2012,2294,Malcom,NA,Bennett,NA,NA,NA,missing,United Kingdom,
410,JAPE,2012,2303,Michael,NA,Bode,University of Melbourne,NA,NA,missing,Australia,
411,JAPE,2013,2303,Michael,NA,Bode,,,NA,missing,Australia,
412,JAPE,2014,2303,Michael,NA,Bode,,,NA,missing,Australia,
413,JAPE,2006,2322,Marc,NA,Cadotte,NA,NA,Knoxville,missing,USA,
414,JAPE,2007,2322,Marc,NA,Cadotte,,,NA,missing,USA,
415,JAPE,2008,2322,Marc,NA,Cadotte,,,NA,missing,USA,
416,JAPE,2010,2322,Marc,NA,Cadotte,,,NA,missing,,
417,JAPE,2011,2322,Marc,NA,Cadotte,,,NA,missing,USA,
418,JAPE,2012,2322,Marc,NA,Cadotte,,,NA,missing,USA,
419,JAPE,2013,2322,Marc,NA,Cadotte,,,NA,missing,USA,
420,JAPE,2014,2322,Marc,NA,Cadotte,,,NA,missing,USA,
421,JAPE,2015,2322,Marc,NA,Cadotte,,,NA,missing,USA,
422,JAPE,2008,2378,Morten,NA,Frederiksen,NA,NA,Roakslide,missing,Denmark,
423,JAPE,2009,2378,Morten,NA,Frederiksen,,,NA,missing,Denmark,
424,JAPE,2010,2378,Morten,NA,Frederiksen,National Environmental Research Institute,NA,NA,missing,Denmark,
425,JAPE,2011,2378,Morten,NA,Frederiksen,,,NA,missing,Denmark,
426,JAPE,2012,2378,Morten,NA,Frederiksen,,,NA,missing,Denmark,
427,JAPE,2013,2378,Morten,NA,Frederiksen,,,NA,missing,Denmark,
428,JAPE,2014,2378,Morten,NA,Frederiksen,,,NA,missing,Denmark,
429,JAPE,2007,2407,Mark,NA,Hebblewhite,NA,NA,Montana,missing,USA,
430,JAPE,2008,2407,Mark,NA,Hebblewhite,,,NA,missing,USA,
431,JAPE,2009,2407,Mark,NA,Hebblewhite,,,NA,missing,USA,
432,JAPE,2010,2407,Mark,NA,Hebblewhite,University of Montana,NA,NA,missing,USA,
433,JAPE,2011,2407,Mark,NA,Hebblewhite,,,NA,missing,USA,
434,JAPE,2012,2407,Mark,NA,Hebblewhite,,,NA,missing,USA,
435,JAPE,1988,2410,Mark,O,Hill,NA,NA,NA,missing,United Kingdom,
436,JAPE,1989,2410,Mark,O,Hill,,,NA,missing,United Kingdom,
437,JAPE,1990,2410,Mark,O,Hill,,,NA,missing,United Kingdom,
438,JAPE,1991,2410,Mark,O,Hill,,,NA,missing,United Kingdom,
439,JAPE,1992,2410,Mark,O,Hill,,,Monks Wood,missing,United Kingdom,
440,JAPE,1993,2410,Mark,O,Hill,,,NA,missing,United Kingdom,
441,JAPE,1994,2410,Mark,O,Hill,,,NA,missing,United Kingdom,
442,JAPE,1995,2410,Mark,O,Hill,,,NA,missing,United Kingdom,
443,JAPE,1996,2410,Mark,O,Hill,,,NA,missing,United Kingdom,
444,JAPE,1997,2410,Mark,O,Hill,,,NA,missing,United Kingdom,
445,JAPE,1998,2410,Mark,O,Hill,,,NA,missing,United Kingdom,
446,JAPE,1999,2410,Mark,O,Hill,,,NA,missing,United Kingdom,
447,JAPE,2000,2410,Mark,O,Hill,,,NA,missing,United Kingdom,
448,JAPE,2001,2410,Mark,O,Hill,,,NA,missing,United Kingdom,
449,JAPE,2002,2410,Mark,O,Hill,,,NA,missing,United Kingdom,
450,JAPE,2003,2410,Mark,O,Hill,,,NA,missing,United Kingdom,
451,JAPE,2004,2410,Mark,O,Hill,,,NA,missing,United Kingdom,
452,JAPE,2005,2410,Mark,O,Hill,,,NA,missing,United Kingdom,
453,JAPE,2006,2410,Mark,O,Hill,,,NA,missing,United Kingdom,
454,JAPE,1985,2484,Michael,Green,Morris,NA,NA,NA,missing,United Kingdom,
455,JAPE,1986,2484,Michael,Green,Morris,,,NA,missing,United Kingdom,
456,JAPE,1987,2484,Michael,Green,Morris,,,NA,missing,United Kingdom,
457,JAPE,1988,2484,Michael,Green,Morris,,,NA,missing,United Kingdom,
458,JAPE,1989,2484,Michael,Green,Morris,,,NA,missing,United Kingdom,
459,JAPE,1990,2484,Michael,Green,Morris,,,NA,missing,United Kingdom,
460,JAPE,1991,2484,Michael,Green,Morris,,,NA,missing,United Kingdom,
461,JAPE,1992,2484,Michael,Green,Morris,,,Wareham,missing,United Kingdom,
462,JAPE,1993,2484,Michael,Green,Morris,,,Fuzerbrook,missing,United Kingdom,
463,JAPE,1994,2484,Michael,Green,Morris,,,NA,missing,United Kingdom,
464,JAPE,1995,2484,Michael,Green,Morris,,,NA,missing,United Kingdom,
465,JAPE,1996,2513,Mike,W,Pienkowski,NA,NA,Peterborough,missing,United Kingdom,
466,JAPE,1997,2513,Mike,W,Pienkowski,,,NA,missing,United Kingdom,
467,JAPE,1998,2513,Mike,W,Pienkowski,,,NA,missing,United Kingdom,
468,JAPE,1999,2513,Mike,W,Pienkowski,,,NA,missing,United Kingdom,
469,JAPE,2000,2513,Mike,W,Pienkowski,,,NA,missing,United Kingdom,
470,JAPE,2010,2517,Michael,NA,Pocock,University of Bristol,NA,NA,missing,United Kingdom,
471,JAPE,2011,2517,Michael,NA,Pocock,,,NA,missing,United Kingdom,
472,JAPE,2012,2517,Michael,NA,Pocock,,,NA,missing,United Kingdom,
473,JAPE,2013,2517,Michael,NA,Pocock,,,NA,missing,United Kingdom,
474,JAPE,2014,2517,Michael,NA,Pocock,,,NA,missing,United Kingdom,
475,JAPE,2015,2517,Michael,NA,Pocock,,,Wallingford,missing,,
476,JAPE,2006,2598,Matthew,J,Walpole,NA,NA,Cambridge,missing,United Kingdom,
477,JAPE,2007,2598,Matthew,J,Walpole,,,NA,missing,United Kingdom,
478,JAPE,2008,2598,Matthew,J,Walpole,,,NA,missing,United Kingdom,
479,JAPE,2009,2598,Matthew,J,Walpole,,,NA,missing,United Kingdom,
480,JAPE,2007,2608,Mark,NA,Whittingham,NA,NA,Newcastle upon Tyne,missing,United Kingdom,
481,JAPE,2008,2608,Mark,NA,Whittingham,,,NA,missing,United Kingdom,
482,JAPE,2009,2608,Mark,NA,Whittingham,,,NA,missing,United Kingdom,
483,JAPE,2010,2608,Mark,NA,Whittingham,Newcastle University,NA,NA,missing,United Kingdom,
484,JAPE,2011,2608,Mark,NA,Whittingham,,,NA,missing,United Kingdom,
485,JAPE,2012,2608,Mark,NA,Whittingham,,,NA,missing,United Kingdom,
486,JAPE,2013,2608,Mark,NA,Whittingham,,,NA,missing,United Kingdom,
487,JAPE,2014,2608,Mark,NA,Whittingham,,,NA,missing,United Kingdom,
488,JAPE,2015,2608,Mark,NA,Whittingham,,,NA,missing,United Kingdom,
489,JAPE,1986,2629,Nigel,NA,Bonner,NA,NA,NA,missing,United Kingdom,
490,JAPE,1987,2629,Nigel,NA,Bonner,,,NA,missing,United Kingdom,
491,JAPE,1988,2629,Nigel,NA,Bonner,,,NA,missing,United Kingdom,
492,JAPE,1989,2629,Nigel,NA,Bonner,,,NA,missing,United Kingdom,
493,JAPE,1990,2629,Nigel,NA,Bonner,,,NA,missing,United Kingdom,
494,JAPE,1991,2629,Nigel,NA,Bonner,,,NA,missing,United Kingdom,
495,JAPE,1992,2629,Nigel,NA,Bonner,,,Cambridge,missing,United Kingdom,
496,JAPE,1993,2629,Nigel,NA,Bonner,,,NA,missing,United Kingdom,
497,JAPE,1994,2629,Nigel,NA,Bonner,,,NA,missing,United Kingdom,
498,JAPE,1995,2629,Nigel,NA,Bonner,,,NA,missing,United Kingdom,
499,JAPE,2009,2640,Nicholas,NA,Dulvy,NA,NA,Vancouver,missing,Canada,
500,JAPE,2010,2640,Nicholas,NA,Dulvy,,,NA,Vancouver,,
501,JAPE,2011,2640,Nicholas,NA,Dulvy,,,NA,missing,Canada,
502,JAPE,2012,2640,Nicholas,NA,Dulvy,,,NA,missing,Canada,
503,JAPE,2013,2640,Nicholas,NA,Dulvy,,,NA,missing,Canada,
504,JAPE,2008,2679,Nathalie,NA,Pettorelli,NA,NA,London,missing,United Kingdom,
505,JAPE,2009,2679,Nathalie,NA,Pettorelli,,,NA,missing,United Kingdom,
506,JAPE,2010,2679,Nathalie,NA,Pettorelli,Zoological Society of London,NA,NA,missing,United Kingdom,
507,JAPE,2011,2679,Nathalie,NA,Pettorelli,,,NA,missing,United Kingdom,
508,JAPE,2012,2679,Nathalie,NA,Pettorelli,,,NA,missing,United Kingdom,
509,JAPE,2013,2679,Nathalie,NA,Pettorelli,,,NA,missing,United Kingdom,
510,JAPE,2014,2679,Nathalie,NA,Pettorelli,,,NA,missing,United Kingdom,
511,JAPE,1990,2703,Nigel,NA,Webb,NA,NA,NA,missing,United Kingdom,
512,JAPE,1991,2703,Nigel,NA,Webb,,,NA,missing,United Kingdom,
513,JAPE,1992,2703,Nigel,NA,Webb,Institute of Terrestrial Ecology,Furzebrook Research Station,Wareham,missing,United Kingdom,
514,JAPE,1993,2703,Nigel,NA,Webb,,,NA,missing,United Kingdom,
515,JAPE,1994,2703,Nigel,NA,Webb,,,NA,missing,United Kingdom,
516,JAPE,1995,2703,Nigel,NA,Webb,,,NA,missing,United Kingdom,
517,JAPE,1996,2703,Nigel,NA,Webb,,,NA,missing,United Kingdom,
518,JAPE,1998,2703,Nigel,NA,Webb,,,NA,missing,United Kingdom,
519,JAPE,1999,2703,Nigel,NA,Webb,,,NA,missing,United Kingdom,
520,JAPE,2000,2703,Nigel,NA,Webb,,,NA,missing,United Kingdom,
521,JAPE,2001,2703,Nigel,NA,Webb,,,NA,missing,United Kingdom,
522,JAPE,2002,2703,Nigel,NA,Webb,,,NA,missing,United Kingdom,
523,JAPE,2010,2726,Owen,NA,Lewis,University of Oxford,NA,NA,missing,United Kingdom,
524,JAPE,2011,2726,Owen,NA,Lewis,,,NA,missing,United Kingdom,
525,JAPE,2012,2726,Owen,NA,Lewis,,,NA,missing,United Kingdom,
526,JAPE,2013,2726,Owen,NA,Lewis,,,NA,missing,United Kingdom,
527,JAPE,2014,2726,Owen,NA,Lewis,,,NA,missing,United Kingdom,
528,JAPE,2015,2726,Owen,NA,Lewis,,,NA,missing,United Kingdom,
529,JAPE,2010,2757,Paul,NA,Armsworth,University of Tennessee,NA,NA,missing,,
530,JAPE,2011,2757,Paul,NA,Armsworth,,,NA,missing,USA,
531,JAPE,2012,2757,Paul,NA,Armsworth,,,NA,missing,USA,
532,JAPE,2013,2757,Paul,NA,Armsworth,,,NA,missing,USA,
533,JAPE,2014,2757,Paul,NA,Armsworth,,,NA,missing,USA,
534,JAPE,2012,2771,Paulo,NA,Brando,Instituto de Pesquisa Ambiental da Amazonia,NA,NA,missing,Brazil,
535,JAPE,2013,2771,Paulo,NA,Brando,,,NA,missing,Brazil,
536,JAPE,2014,2771,Paulo,NA,Brando,,,NA,missing,Brazil,
537,JAPE,2015,2771,Paulo,NA,Brando,,,NA,missing,Brazil,
538,JAPE,2005,2813,Paul,NA,Giller,University College Cork,NA,NA,missing,Ireland,
539,JAPE,2006,2813,Paul,NA,Giller,,,NA,missing,Ireland,
540,JAPE,2007,2813,Paul,NA,Giller,,,NA,missing,Ireland,
541,JAPE,2008,2813,Paul,NA,Giller,,,NA,missing,Ireland,
542,JAPE,2003,2827,Pall,NA,Hersteinsson,NA,NA,Reykjavik,missing,Iceland,
543,JAPE,2004,2827,Pall,NA,Hersteinsson,,,NA,missing,Iceland,
544,JAPE,2005,2827,Pall,NA,Hersteinsson,,,NA,missing,Iceland,
545,JAPE,2006,2827,Pall,NA,Hersteinsson,,,NA,missing,Iceland,
546,JAPE,2005,2836,Phil,NA,Hulme,CEH Banchory,NA,Aberdeenshire,missing,United Kingdom,
547,JAPE,2006,2836,Phil,NA,Hulme,,,NA,missing,United Kingdom,
548,JAPE,2007,2836,Phil,NA,Hulme,,,NA,missing,United Kingdom,
549,JAPE,2008,2836,Phil,NA,Hulme,,,NA,missing,,
550,JAPE,2009,2836,Phil,NA,Hulme,,,NA,missing,United Kingdom,
551,JAPE,2010,2836,Phil,NA,Hulme,,,NA,missing,United Kingdom,
552,JAPE,2011,2836,Phil,NA,Hulme,,,NA,missing,United Kingdom,
553,JAPE,2012,2836,Phil,NA,Hulme,,,NA,missing,United Kingdom,
554,JAPE,2013,2836,Phil,NA,Hulme,,,NA,missing,United Kingdom,
555,JAPE,2014,2836,Phil,NA,Hulme,,,NA,missing,United Kingdom,
556,JAPE,1988,2840,Paul,Gordon,Jarvis,NA,NA,NA,missing,United Kingdom,
557,JAPE,1989,2840,Paul,Gordon,Jarvis,,,NA,missing,United Kingdom,
558,JAPE,1990,2840,Paul,Gordon,Jarvis,,,NA,missing,United Kingdom,
559,JAPE,1991,2840,Paul,Gordon,Jarvis,,,NA,missing,United Kingdom,
560,JAPE,1992,2840,Paul,Gordon,Jarvis,,,Edinburgh,missing,United Kingdom,
561,JAPE,1993,2840,Paul,Gordon,Jarvis,,,NA,missing,United Kingdom,
562,JAPE,1994,2840,Paul,Gordon,Jarvis,,,NA,missing,United Kingdom,
563,JAPE,1995,2840,Paul,Gordon,Jarvis,,,NA,missing,United Kingdom,
564,JAPE,1996,2840,Paul,Gordon,Jarvis,,,NA,missing,United Kingdom,
565,JAPE,1997,2840,Paul,Gordon,Jarvis,,,NA,missing,United Kingdom,
566,JAPE,2012,2844,Paul,NA,Kardol,NA,NA,NA,missing,,
567,JAPE,2013,2844,Paul,NA,Kardol,,,NA,missing,Sweden,
568,JAPE,2014,2844,Paul,NA,Kardol,,,NA,missing,Sweden,
569,JAPE,2015,2844,Paul,NA,Kardol,,,NA,missing,Sweden,
570,JAPE,2008,2860,Paul,NA,Lukacs,NA,NA,Fort Collins,Colorado,USA,
571,JAPE,2009,2860,Paul,NA,Lukacs,,,NA,missing,USA,
572,JAPE,2010,2860,Paul,NA,Lukacs,Colorado Division of Wildlife,NA,NA,missing,USA,
573,JAPE,2011,2860,Paul,NA,Lukacs,,,NA,missing,USA,
574,JAPE,2012,2860,Paul,NA,Lukacs,,,NA,missing,USA,
575,JAPE,2013,2860,Paul,NA,Lukacs,,,NA,missing,USA,
576,JAPE,2014,2860,Paul,NA,Lukacs,,,NA,missing,USA,
577,JAPE,2015,2860,Paul,NA,Lukacs,,,NA,missing,USA,
578,JAPE,1986,2910,Peter,NA,Rothery,NA,NA,NA,missing,United Kingdom,
579,JAPE,1987,2910,Peter,NA,Rothery,,,NA,missing,United Kingdom,
580,JAPE,1988,2910,Peter,NA,Rothery,,,NA,missing,United Kingdom,
581,JAPE,1989,2910,Peter,NA,Rothery,,,NA,missing,United Kingdom,
582,JAPE,1990,2910,Peter,NA,Rothery,,,NA,missing,United Kingdom,
583,JAPE,1991,2910,Peter,NA,Rothery,,,NA,missing,United Kingdom,
584,JAPE,1992,2910,Peter,NA,Rothery,,,Cambridge,missing,United Kingdom,
585,JAPE,1993,2910,Peter,NA,Rothery,,,NA,missing,United Kingdom,
586,JAPE,1994,2910,Peter,NA,Rothery,,,NA,missing,United Kingdom,
587,JAPE,1995,2910,Peter,NA,Rothery,,,NA,missing,United Kingdom,
588,JAPE,1996,2910,Peter,NA,Rothery,,,NA,missing,United Kingdom,
589,JAPE,1997,2910,Peter,NA,Rothery,,,NA,missing,United Kingdom,
590,JAPE,1998,2910,Peter,NA,Rothery,,,NA,missing,United Kingdom,
591,JAPE,1999,2910,Peter,NA,Rothery,,,NA,missing,United Kingdom,
592,JAPE,2000,2910,Peter,NA,Rothery,,,NA,missing,United Kingdom,
593,JAPE,2001,2910,Peter,NA,Rothery,,,NA,missing,United Kingdom,
594,JAPE,2002,2910,Peter,NA,Rothery,,,NA,missing,United Kingdom,
595,JAPE,2003,2910,Peter,NA,Rothery,,,NA,missing,United Kingdom,
596,JAPE,2004,2910,Peter,NA,Rothery,,,NA,missing,United Kingdom,
597,JAPE,2005,2910,Peter,NA,Rothery,,,NA,missing,United Kingdom,
598,JAPE,2006,2910,Peter,NA,Rothery,,,NA,missing,United Kingdom,
599,JAPE,2005,2923,Philip,A,Stephens,NA,NA,Bristol,missing,United Kingdom,
600,JAPE,2006,2923,Philip,A,Stephens,,,NA,missing,United Kingdom,
601,JAPE,2007,2923,Philip,A,Stephens,University of Bristol,NA,NA,missing,United Kingdom,
602,JAPE,2008,2923,Philip,A,Stephens,,,Durham,missing,United Kingdom,
603,JAPE,2009,2923,Philip,A,Stephens,,,NA,missing,United Kingdom,
604,JAPE,2010,2923,Philip,A,Stephens,Durham University,NA,NA,missing,United Kingdom,
605,JAPE,2011,2923,Philip,A,Stephens,,,NA,missing,United Kingdom,
606,JAPE,2012,2923,Philip,A,Stephens,,,NA,missing,United Kingdom,
607,JAPE,2013,2923,Philip,A,Stephens,,,NA,missing,United Kingdom,
608,JAPE,2014,2923,Philip,A,Stephens,,,NA,missing,United Kingdom,
609,JAPE,2015,2923,Philip,A,Stephens,,,NA,missing,,
610,JAPE,2006,2936,Paul,M,Thompson,NA,NA,Aberdeen,missing,United Kingdom,
611,JAPE,2007,2936,Paul,M,Thompson,,,NA,missing,United Kingdom,
612,JAPE,2008,2936,Paul,M,Thompson,,,NA,missing,United Kingdom,
613,JAPE,2009,2936,Paul,M,Thompson,,,NA,missing,United Kingdom,
614,JAPE,2008,2964,Quentin,NA,Paynter,NA,NA,Auckland,missing,New Zealand,
615,JAPE,2009,2964,Quentin,NA,Paynter,,,NA,missing,New Zealand,
616,JAPE,2010,2964,Quentin,NA,Paynter,Landcare Research Ltd,NA,NA,missing,New Zealand,
617,JAPE,2011,2964,Quentin,NA,Paynter,,,NA,missing,New Zealand,
618,JAPE,2012,2964,Quentin,NA,Paynter,,,NA,missing,New Zealand,
619,JAPE,2013,2964,Quentin,NA,Paynter,,,NA,missing,New Zealand,
620,JAPE,2014,2964,Quentin,NA,Paynter,,,NA,missing,New Zealand,
621,JAPE,2015,2964,Quentin,NA,Paynter,,,NA,missing,New Zealand,
622,JAPE,1989,3020,Ralph,T,Clarke,NA,NA,NA,missing,United Kingdom,
623,JAPE,1990,3020,Ralph,T,Clarke,,,NA,missing,United Kingdom,
624,JAPE,1991,3020,Ralph,T,Clarke,,,NA,missing,United Kingdom,
625,JAPE,1992,3020,Ralph,T,Clarke,,,Wareham,missing,United Kingdom,
626,JAPE,1993,3020,Ralph,T,Clarke,,,Furzebrook,missing,United Kingdom,
627,JAPE,1994,3020,Ralph,T,Clarke,,,NA,missing,United Kingdom,
628,JAPE,1995,3020,Ralph,T,Clarke,,,NA,missing,United Kingdom,
629,JAPE,1996,3020,Ralph,T,Clarke,,,NA,missing,United Kingdom,
630,JAPE,1997,3020,Ralph,T,Clarke,,,NA,missing,United Kingdom,
631,JAPE,1985,3048,Ron,W,Edwards,NA,NA,NA,missing,United Kingdom,
632,JAPE,1986,3048,Ron,W,Edwards,,,NA,missing,United Kingdom,
633,JAPE,1987,3048,Ron,W,Edwards,,,NA,missing,United Kingdom,
634,JAPE,1988,3048,Ron,W,Edwards,,,NA,missing,United Kingdom,
635,JAPE,2000,3063,Robert,P,Freckleton,NA,NA,Norwich,missing,United Kingdom,
636,JAPE,2001,3063,Robert,P,Freckleton,,,Oxford,missing,United Kingdom,
637,JAPE,2002,3063,Robert,P,Freckleton,,,NA,missing,United Kingdom,
638,JAPE,2003,3063,Robert,P,Freckleton,,,NA,missing,United Kingdom,
639,JAPE,2004,3063,Robert,P,Freckleton,,,NA,missing,United Kingdom,
640,JAPE,2005,3063,Robert,P,Freckleton,University of Oxford,NA,NA,missing,United Kingdom,
641,JAPE,2006,3063,Robert,P,Freckleton,,,NA,missing,United Kingdom,
642,JAPE,2007,3063,Robert,P,Freckleton,,,NA,missing,,
643,JAPE,2008,3063,Robert,P,Freckleton,,,NA,missing,United Kingdom,
644,JAPE,2009,3063,Robert,P,Freckleton,,,NA,missing,United Kingdom,
645,JAPE,1996,3075,Rhys,E,Green,NA,NA,Edinburgh,missing,United Kingdom,
646,JAPE,1997,3075,Rhys,E,Green,,,NA,missing,United Kingdom,
647,JAPE,1998,3075,Rhys,E,Green,,,NA,missing,United Kingdom,
648,JAPE,1999,3075,Rhys,E,Green,,,NA,missing,United Kingdom,
649,JAPE,2000,3075,Rhys,E,Green,,,Cambridge,missing,United Kingdom,
650,JAPE,2001,3075,Rhys,E,Green,,,NA,missing,United Kingdom,
651,JAPE,2002,3075,Rhys,E,Green,,,NA,missing,United Kingdom,
652,JAPE,1988,3143,Rob,H,Marrs,NA,NA,NA,missing,United Kingdom,
653,JAPE,1989,3143,Rob,H,Marrs,,,NA,missing,United Kingdom,
654,JAPE,1990,3143,Rob,H,Marrs,,,NA,missing,United Kingdom,
655,JAPE,1991,3143,Rob,H,Marrs,,,NA,missing,United Kingdom,
656,JAPE,1992,3143,Rob,H,Marrs,,,Liverpool,missing,United Kingdom,
657,JAPE,1993,3143,Rob,H,Marrs,,,NA,missing,United Kingdom,
658,JAPE,1994,3143,Rob,H,Marrs,,,NA,missing,United Kingdom,
659,JAPE,1995,3143,Rob,H,Marrs,,,NA,missing,United Kingdom,
660,JAPE,1996,3143,Rob,H,Marrs,,,NA,missing,United Kingdom,
661,JAPE,1997,3143,Rob,H,Marrs,,,NA,missing,United Kingdom,
662,JAPE,1998,3143,Rob,H,Marrs,,,NA,missing,United Kingdom,
663,JAPE,1999,3143,Rob,H,Marrs,,,NA,missing,United Kingdom,
664,JAPE,1985,3150,Roger,NA,Mead,NA,NA,NA,missing,United Kingdom,
665,JAPE,1986,3150,Roger,NA,Mead,,,NA,missing,United Kingdom,
666,JAPE,1987,3150,Roger,NA,Mead,,,NA,missing,United Kingdom,
667,JAPE,2006,3198,Richard,F,Pywell,NA,NA,Cambridge,missing,United Kingdom,
668,JAPE,2007,3198,Richard,F,Pywell,,,NA,missing,United Kingdom,
669,JAPE,2004,3211,Roy,NA,Sanderson,NA,NA,Newcastle upon Tyne,missing,United Kingdom,
670,JAPE,2005,3211,Roy,NA,Sanderson,,,NA,missing,United Kingdom,
671,JAPE,2006,3211,Roy,NA,Sanderson,,,NA,missing,United Kingdom,
672,JAPE,1985,3222,Roy,W,Snaydon,NA,NA,NA,missing,United Kingdom,
673,JAPE,1986,3222,Roy,W,Snaydon,,,NA,missing,United Kingdom,
674,JAPE,1987,3222,Roy,W,Snaydon,,,NA,missing,United Kingdom,
675,JAPE,1988,3222,Roy,W,Snaydon,,,NA,missing,United Kingdom,
676,JAPE,1989,3222,Roy,W,Snaydon,,,NA,missing,United Kingdom,
677,JAPE,1990,3222,Roy,W,Snaydon,,,NA,missing,United Kingdom,
678,JAPE,1991,3222,Roy,W,Snaydon,,,NA,missing,United Kingdom,
679,JAPE,1992,3222,Roy,W,Snaydon,,,Reading,missing,United Kingdom,
680,JAPE,1993,3222,Roy,W,Snaydon,,,NA,missing,United Kingdom,
681,JAPE,1994,3222,Roy,W,Snaydon,,,NA,missing,United Kingdom,
682,JAPE,1995,3222,Roy,W,Snaydon,,,NA,missing,United Kingdom,
683,JAPE,1996,3222,Roy,W,Snaydon,,,NA,missing,United Kingdom,
684,JAPE,1997,3222,Roy,W,Snaydon,,,NA,missing,United Kingdom,
685,JAPE,1998,3222,Roy,W,Snaydon,,,NA,missing,United Kingdom,
686,JAPE,1999,3222,Roy,W,Snaydon,,,NA,missing,United Kingdom,
687,JAPE,2010,3272,Shelley,NA,Arnott,NA,NA,NA,Ontario,,
688,JAPE,2011,3272,Shelley,NA,Arnott,,,NA,missing,Canada,
689,JAPE,2012,3272,Shelley,NA,Arnott,,,NA,missing,Canada,
690,JAPE,2013,3272,Shelley,NA,Arnott,,,NA,missing,Canada,
691,JAPE,2014,3272,Shelley,NA,Arnott,,,NA,missing,Canada,
692,JAPE,2015,3272,Shelley,NA,Arnott,,,NA,missing,Canada,
693,JAPE,1996,3422,Steve,J,Ormerod,NA,NA,Cardiff,missing,United Kingdom,
694,JAPE,1997,3422,Steve,J,Ormerod,,,NA,missing,United Kingdom,
695,JAPE,1998,3422,Steve,J,Ormerod,,,NA,missing,United Kingdom,
696,JAPE,1999,3422,Steve,J,Ormerod,,,NA,missing,United Kingdom,
697,JAPE,2000,3422,Steve,J,Ormerod,Cardiff University,School of Biosciencies,NA,missing,United Kingdom,
698,JAPE,2001,3422,Steve,J,Ormerod,,,NA,missing,United Kingdom,
699,JAPE,2002,3422,Steve,J,Ormerod,,,NA,missing,United Kingdom,
700,JAPE,2003,3422,Steve,J,Ormerod,,,NA,missing,United Kingdom,
701,JAPE,2004,3422,Steve,J,Ormerod,,,NA,missing,United Kingdom,
702,JAPE,2001,3456,Stephen,P,Rushton,NA,NA,Newcastle upon Tyne,missing,United Kingdom,
703,JAPE,2002,3456,Stephen,P,Rushton,University of Newcastle upon Tuyne,NA,NA,missing,United Kingdom,
704,JAPE,2002,3456,Stephen,P,Rushton,,,NA,missing,United Kingdom,
705,JAPE,2003,3456,Stephen,P,Rushton,,,NA,missing,United Kingdom,
706,JAPE,2004,3456,Stephen,P,Rushton,,,NA,missing,United Kingdom,
707,JAPE,2005,3456,Stephen,P,Rushton,,,NA,missing,United Kingdom,
708,JAPE,2012,3461,Santiago,NA,Saura,Universidad Politecnica de Madrid,NA,NA,missing,Spain,
709,LECO,2012,3461,S,NA,Saura,Universidad Politecnica de Madrid,NA,NA,missing,Spain,
710,JAPE,2013,3461,Santiago,NA,Saura,,,NA,missing,Spain,
711,JAPE,2014,3461,Santiago,NA,Saura,,,NA,missing,Spain,
712,JAPE,2006,3486,Simon,NA,Thirgood,Macaulay Land Use Research Institute,NA,NA,missing,United Kingdom,
713,JAPE,2007,3486,Simon,NA,Thirgood,,,NA,missing,United Kingdom,
714,JAPE,2008,3486,Simon,NA,Thirgood,,,NA,missing,United Kingdom,
715,JAPE,2009,3486,Simon,NA,Thirgood,,,NA,missing,United Kingdom,
716,JAPE,2012,3495,Steve,NA,Votier,University of Plymouth,NA,NA,missing,United Kingdom,
717,JAPE,2013,3495,Steve,NA,Votier,,,NA,missing,United Kingdom,
718,JAPE,2014,3495,Steve,NA,Votier,University of Exeter,NA,NA,missing,United Kingdom,
719,JAPE,2015,3495,Steve,NA,Votier,,,NA,missing,United Kingdom,
720,JAPE,2013,3498,Shiqiang,NA,Wan,NA,NA,NA,missing,,
721,JAPE,2014,3498,Shiqiang,NA,Wan,,,NA,missing,China,
722,JAPE,2015,3498,Shiqiang,NA,Wan,,,NA,missing,China,
723,JAPE,2015,3503,Steve,NA,Wills,NA,NA,Durham,missing,United Kingdom,
724,JAPE,2013,3619,Tomas,NA,Part,NA,NA,NA,missing,,
725,JAPE,2014,3619,Tomas,NA,Part,,,NA,missing,Sweden,
726,JAPE,2015,3619,Tomas,NA,Part,,,NA,missing,Sweden,
727,JAPE,1985,3630,T,M,Roberts,NA,NA,NA,missing,United Kingdom,
728,JAPE,1986,3630,T,M,Roberts,,,NA,missing,United Kingdom,
729,JAPE,1987,3630,T,M,Roberts,,,NA,missing,United Kingdom,
730,JAPE,2003,3648,Teja,NA,Tscharntke,NA,NA,Gottingen,missing,Germany,
731,JAPE,2004,3648,Teja,NA,Tscharntke,,,NA,missing,Germany,
732,JAPE,2005,3648,Teja,NA,Tscharntke,,,NA,missing,Germany,
733,JAPE,2006,3648,Teja,NA,Tscharntke,,,NA,missing,Germany,
734,JAPE,2013,3681,Vincent,NA,Devictor,CNRS,NA,NA,missing,France,
735,JAPE,2014,3681,Vincent,NA,Devictor,,,NA,missing,France,
736,JAPE,2015,3681,Vincent,NA,Devictor,,,NA,missing,France,
737,JAPE,1985,3714,William,C,Block,NA,NA,NA,missing,United Kingdom,
738,JAPE,1986,3714,William,C,Block,,,NA,missing,United Kingdom,
739,JAPE,1987,3714,William,C,Block,,,NA,missing,United Kingdom,
740,JAPE,1988,3714,William,C,Block,,,NA,missing,United Kingdom,
741,JAPE,1989,3714,William,C,Block,,,NA,missing,United Kingdom,
742,JAPE,1988,3730,W,NA,Day,NA,NA,NA,missing,United Kingdom,
743,JAPE,1989,3730,W,NA,Day,,,NA,missing,United Kingdom,
744,JAPE,1990,3730,W,NA,Day,,,NA,missing,United Kingdom,
745,JAPE,1991,3730,W,NA,Day,,,NA,missing,United Kingdom,
746,JAPE,1992,3730,W,NA,Day,,,Silsoe,missing,United Kingdom,
747,JAPE,1993,3730,W,NA,Day,,,NA,missing,United Kingdom,
748,JAPE,1994,3730,W,NA,Day,,,NA,missing,United Kingdom,
749,JAPE,1995,3730,W,NA,Day,,,NA,missing,United Kingdom,
750,JAPE,1996,3730,W,NA,Day,,,NA,missing,United Kingdom,
751,JAPE,1997,3766,W,M,Lonsdale,CSIRO European Laboratory,NA,Montpellier,missing,France,
752,JAPE,1999,3766,W,M,Lonsdale,,,Canberra,missing,Australia,
753,JAPE,2007,3772,William,NA,Montevecchi,NA,NA,Newfoundland,missing,Canada,
754,JAPE,2008,3772,William,NA,Montevecchi,,,NA,missing,Canada,
755,JAPE,2009,3772,William,NA,Montevecchi,,,NA,missing,Canada,
756,JAPE,2010,3772,William,NA,Montevecchi,Memorial University of Newfoundland,NA,NA,missing,Canada,
757,JAPE,2011,3772,William,NA,Montevecchi,,,NA,missing,Canada,
758,JAPE,2012,3772,William,NA,Montevecchi,,,NA,missing,Canada,
759,JAPE,2005,3829,Yvonne,NA,Buckley,NA,NA,Brisbane,missing,Australia,
760,JAPE,2006,3829,Yvonne,NA,Buckley,,,NA,missing,Australia,
761,JAPE,2007,3829,Yvonne,NA,Buckley,,,NA,missing,Australia,
762,JAPE,2008,3829,Yvonne,NA,Buckley,,,NA,missing,Australia,
763,JAPE,2009,3829,Yvonne,NA,Buckley,,,NA,missing,Australia,
764,JAPE,2011,3829,Yvonne,NA,Buckley,,,NA,missing,Australia,
765,JAPE,2012,3829,Yvonne,NA,Buckley,,,NA,missing,Australia,
766,JAPE,2013,3829,Yvonne,NA,Buckley,,,NA,missing,Australia,
767,JECOL,2014,3829,Yvonne,NA,Buckley,University of Queensland,NA,NA,missing,Australia,
768,JAPE,2008,3833,Yann,NA,Clough,NA,NA,Gottingen,missing,Germany,
769,JAPE,2009,3833,Yann,NA,Clough,,,NA,missing,Germany,
770,JAPE,2010,3833,Yann,NA,Clough,Gottingen University,NA,NA,missing,Germany,
771,JAPE,2011,3833,Yann,NA,Clough,,,NA,missing,Germany,
772,JAPE,2012,3833,Yann,NA,Clough,,,NA,missing,Germany,
773,JAPE,2013,3833,Yann,NA,Clough,,,NA,missing,Germany,
774,JAPE,2014,3833,Yann,NA,Clough,,,NA,missing,Germany,
775,JAPE,2015,3833,Yann,NA,Clough,CEC Lund,NA,NA,missing,Sweden,
776,JAPE,2002,3881,Jacques,NA,Baudry,NA,NA,Rennes,missing,France,
777,JAPE,2003,3881,Jacques,NA,Baudry,,,NA,missing,France,
778,JAPE,2004,3881,Jacques,NA,Baudry,,,NA,missing,France,
779,JAPE,2005,3881,Jacques,NA,Baudry,,,NA,missing,France,
780,JAPE,2006,3881,Jacques,NA,Baudry,,,NA,missing,France,
781,JAPE,2014,3882,Joseph,NA,Bennett,University of Queensland,NA,NA,missing,Australia,
782,JAPE,2015,3882,Joseph,NA,Bennett,,,NA,missing,Australia,
783,JAPE,2001,3898,Jon,NA,Marshall,University of Bristol,Department of Agricultural Sciences,NA,missing,United Kingdom,
784,JAPE,2002,3898,Jon,NA,Marshall,Marshall Agroecology,NA,Somerset,missing,United Kingdom,
785,JAPE,2003,3898,Jon,NA,Marshall,,,NA,missing,United Kingdom,
786,JAPE,2004,3898,Jon,NA,Marshall,,,NA,missing,United Kingdom,
787,JAPE,2002,3914,Jeremy,NA,Wilson,NA,NA,Edinburgh,missing,United Kingdom,
788,JAPE,2003,3914,Jeremy,NA,Wilson,,,NA,missing,United Kingdom,
789,JAPE,2004,3914,Jeremy,NA,Wilson,,,NA,missing,United Kingdom,
790,JAPE,2005,3914,Jeremy,NA,Wilson,,,NA,missing,United Kingdom,
791,JAPE,2006,3914,Jeremy,NA,Wilson,,,NA,missing,United Kingdom,
792,JAPE,2007,3914,Jeremy,NA,Wilson,,,NA,missing,United Kingdom,
793,JAPE,2010,3914,Jeremy,NA,Wilson,,,NA,missing,,
794,JAPE,2011,3914,Jeremy,NA,Wilson,,,NA,missing,United Kingdom,
795,JAPE,2012,3914,Jeremy,NA,Wilson,,,NA,missing,United Kingdom,
796,JAPE,2013,3914,Jeremy,NA,Wilson,,,NA,missing,United Kingdom,
797,JAPE,2014,3914,Jeremy,NA,Wilson,,,NA,missing,United Kingdom,
798,JAPE,2015,3914,Jeremy,NA,Wilson,,,NA,missing,United Kingdom,
799,JAPE,2013,3930,Richard,NA,Fuller,University of Queensland,NA,NA,missing,Australia,
800,JAPE,2014,3930,Richard,NA,Fuller,,,NA,missing,Australia,
801,JAPE,2015,3930,Richard,NA,Fuller,,,NA,missing,Australia,