last_name,first_name,editor_id,n_id
abbot,patrick,2749,2
abbot,jessica,1430,2
abrams,peter,2750,2
abrams,marc,2263,2
adams,eldridge,927,4
adams,jean,1432,4
adams,dean,606,4
adams,mark,2264,4
adler,fredrick,1046,3
adler,lynn,2120,3
adler,peter,2752,3
agrawal,anurag,2,2
agrawal,aneil,3847,2
alfaro,rene,2970,2
alfaro,mike,2268,2
allen,l,2122,4
allen,mike,2269,4
allen,edith,929,4
allen,h,1283,4
anderson,irvin,1387,10
anderson,gregory,1146,10
anderson,bruce,240,10
anderson,james,1438,10
anderson,anthony,5,10
anderson,christopher,382,10
anderson,d,607,10
anderson,marti,2270,10
anderson,william,3707,10
anderson,ted,3951,10
arnold,dean,613,4
arnold,jonathan,1442,4
arnold,todd,3953,4
arnold,elizabeth,931,4
ashton,peter,2758,2
ashton,mark,2278,2
austen,douglas,614,2
austen,mel,2280,2
austin,mike,2281,3
austin,amy,9,3
austin,jane,3956,3
ayres,peter,2760,2
ayres,mathew,2283,2
baker,john,3879,6
baker,jeffrey,1446,6
baker,allan,3960,6
baker,richard,2976,6
baker,julia,3880,6
baker,william,3710,6
bakker,eduard,932,2
bakker,jan,1447,2
baldwin,ian,1389,2
baldwin,christian,388,2
ball,i,3963,3
ball,marilyn,2287,3
ball,james,1449,3
barbour,margaret,3917,2
barbour,michael,2289,2
barker,r,2978,4
barker,martin,2290,4
barker,david,616,4
barker,allen,12,4
barlow,nigel,2625,2
barlow,jos,1452,2
barrett,wilfredo,3966,2
barrett,spencer,3276,2
bauer,armand,13,3
bauer,philip,2764,3
bauer,silke,3277,3
beard,james,1457,3
beard,t,3513,3
beard,karen,1977,3
bell,michael,2293,2
bell,james,1458,2
bennett,jerry,1460,8
bennett,albert,16,8
bennett,david,624,8
bennett,peter,2766,8
bennett,nigel,2627,8
bennett,malcom,2294,8
bennett,joseph,3882,8
bennett,alison,3848,8
berg,ronald,2982,2
berg,matty,2297,2
berger,joel,1463,2
berger,uta,3663,2
berry,charles,396,4
berry,paul,2767,4
berry,pam,3927,4
berry,r,2983,4
blair,rb,2986,2
blair,john,1468,2
bowers,m,2306,2
bowers,glenn,1154,2
bradford,joe,1479,2
bradford,mike,2309,2
bradshaw,anthony,24,4
bradshaw,corey,403,4
bradshaw,richard,2994,4
bradshaw,william,3719,4
brewer,steve,3289,3
brewer,carol,404,3
brewer,j,1483,3
briggs,david,636,5
briggs,winslow,3720,5
briggs,j,1484,5
briggs,christin,4005,5
briggs,christopher,4006,5
brink,per,2772,2
brink,geoffrey,1156,2
brown,wesley,3721,11
brown,james,1486,11
brown,bradford,250,11
brown,sandra,3290,11
brown,nick,2631,11
brown,daniel,637,11
brown,joel,3883,11
brown,jonathan,3884,11
brown,mark,2312,11
brown,justin,4010,11
brown,charles,408,11
bryan,rorke,2999,2
bryan,c,410,2
buckley,pa,2774,2
buckley,yvonne,3829,2
bullock,don,638,3
bullock,james,1490,3
bullock,david,3864,3
burger,alan,4016,2
burger,reinhard,3004,2
burke,ingrid,1393,3
burke,terry,3517,3
burke,ann,28,3
burt,austin,29,2
burt,edward,4017,2
bustamante,mercedes,2319,2
bustamante,javier,1494,2
butler,david,640,4
butler,twain,3518,4
butler,simon,3292,4
butler,luke,4020,4
byers,john,1495,2
byers,bruce,4022,2
cabrera,miguel,2321,2
cabrera,sergio,4024,2
campbell,allan,31,2
campbell,diane,642,2
cao,kun-fang,1988,4
cao,weixing,3722,4
cao,xiaofeng,3825,4
cao,yong,3830,4
carr,a,32,3
carr,patrick,2781,3
carr,mark,2328,3
carroll,c,3855,4
carroll,sean,3294,4
carroll,scott,3936,4
carroll,carlos,417,4
case,ted,3521,2
case,andrea,33,2
casey,ashley,4029,2
casey,timothy,3522,2
chapman,russell,3015,5
chapman,colin,421,5
chapman,ben,253,5
chapman,daniel,647,5
chapman,samantha,3298,5
charlesworth,deborah,648,2
charlesworth,brian,254,2
chen,yong-lin,3832,6
chen,rongjun,3017,6
chen,charles,3856,6
chen,chengci,422,6
chen,jiquan,3885,6
chen,jin,1508,6
christie,william,3724,2
christie,john,1510,2
clark,colin,424,10
clark,richard,3019,10
clark,andrew,40,10
clark,david,650,10
clark,james,1512,10
clark,robert,4041,10
clark,j,3887,10
clark,douglas,3865,10
clark,christopher,4040,10
clark,deborah,3866,10
clarke,ralph,3020,3
clarke,andrew,41,3
clarke,peter,2783,3
clay,patricia,2784,4
clay,david,651,4
clay,sharon,3301,4
clay,keith,1991,4
clutton-brock,tim,3525,2
clutton-brock,juliet,1515,2
collins,m,2334,3
collins,james,1517,3
collins,scott,3302,3
colwell,robert,3022,2
colwell,mark,4045,2
connolly,john,1519,3
connolly,r,4046,3
connolly,sean,3305,3
cooper,edwin,949,3
cooper,j,1521,3
cooper,robert,4047,3
costello,j,4050,2
costello,mark,2336,2
cox,c,426,5
cox,william,3727,5
cox,sean,3307,5
cox,jim,4053,5
cox,george,1164,5
craig,john,1526,2
craig,tim,3528,2
crozier,rossiter,3027,2
crozier,carl,427,2
curry,r,3031,3
curry,robert,4056,3
curry,claire,4055,3
dale,j,1535,4
dale,michael,2340,4
dale,virginia,3678,4
dale,james,4059,4
daszak,richard,3035,2
daszak,peter,2791,2
davidson,diane,662,2
davidson,eric,4062,2
davies,n,2638,2
davies,m,2342,2
davis,b,260,6
davis,frank,1064,6
davis,jessica,1537,6
davis,todd,3531,6
davis,vince,3679,6
davis,amy,4063,6
dawson,verdel,3680,5
dawson,todd,3532,5
dawson,alistair,51,5
dawson,russell,4064,5
dawson,michael,2343,5
day,w,3730,2
day,troy,3533,2
dean,thomas,3534,2
dean,antony,52,2
devries,dennis,667,2
devries,philip,2794,2
diamond,jared,1545,2
diamond,sarah,3314,2
dick,warren,3732,2
dick,christopher,434,2
dobson,andrew,58,2
dobson,f,1066,2
doherty,peter,2796,2
doherty,paul,4074,2
donovan,therese,3538,2
donovan,lisa,2141,2
drake,bert,263,2
drake,donald,672,2
duffy,meghan,2354,2
duffy,j,1551,2
dunn,peter,2798,2
dunn,rob,3045,2
dunning,john,1553,2
dunning,dennis,676,2
dutoit,lindsey,2142,2
dutoit,johan,1554,2
dyer,lee,2143,5
dyer,alan,60,5
dyer,kelly,1999,5
dyer,andrew,3849,5
dyer,rodney,3046,5
eckert,donald,678,2
eckert,christopher,440,2
edwards,ron,3048,5
edwards,marcia,3918,5
edwards,scott,3937,5
edwards,steven,3319,5
edwards,mary,2357,5
elser,allen,64,2
elser,james,1560,2
emerson,sharon,3322,2
emerson,brent,266,2
ernst,carl,443,2
ernst,susan,3323,2
estrada,m,4099,2
estrada,alejandro,66,2
evans,p,2802,4
evans,alistair,67,4
evans,edward,962,4
evans,r,3055,4
feder,martin,2362,2
feder,jeffrey,1569,2
fenchel,t,4107,2
fenchel,tom,3544,2
fiedler,konrad,2001,2
fiedler,peggy,2805,2
field,chris,447,3
field,richard,3057,3
field,katie,2002,3
fischer,markus,2369,2
fischer,klaus,2003,2
fisher,daniel,3867,5
fisher,richard,3059,5
fisher,c,4109,5
fisher,dwight,686,5
fisher,s,3329,5
fleming,theodore,3546,2
fleming,p,2807,2
foster,david,690,3
foster,mercedes,2374,3
foster,bryan,273,3
fowler,anthony,78,2
fowler,norma,2646,2
fox,john,1576,6
fox,charles,452,6
fox,jeremy,3888,6
fox,laurel,2148,6
fox,barry,274,6
fox,gordon,1181,6
franco,augusto,80,2
franco,miguel,2376,2
frank,peter,2809,2
frank,steven,3330,2
franklin,jerry,1580,4
franklin,janet,3889,4
franklin,donald,692,4
franklin,craig,453,4
friedman,william,3741,2
friedman,matt,2379,2
fry,james,3891,2
fry,jack,1584,2
fuller,rebecca,3065,2
fuller,richard,3930,2
fulton,david,695,2
fulton,john,1586,2
funk,fritz,1068,2
funk,daniel,696,2
gardner,r,3067,4
gardner,andy,81,4
gardner,toby,3551,4
gardner,david,699,4
gates,john,1592,2
gates,roger,3068,2
gerber,leah,2152,2
gerber,monica,4124,2
gibb,john,1595,2
gibb,heloise,1300,2
gibson,david,703,2
gibson,greg,1183,2
gilbert,john,1596,2
gilbert,gregory,1184,2
gill,jennifer,1597,3
gill,andrew,84,3
gill,sharon,4126,3
grace,james,1604,2
grace,john,3893,2
graham,p,2816,6
graham,linda,2159,6
graham,sean,3342,6
graham,catherine,466,6
graham,j,1605,6
graham,michael,2389,6
gray,j,4131,2
gray,alan,89,2
green,rhys,3075,3
green,allan,90,3
green,david,709,3
greenberg,cathryn,467,2
greenberg,russell,3076,2
greene,erick,4132,2
greene,harry,1304,2
griffin,david,711,2
griffin,kevin,2010,2
griffith,stephen,3343,2
griffith,simon,3938,2
grigg,r,4133,2
grigg,gordon,1188,2
grimm,volker,3684,2
grimm,nancy,2649,2
griswold,bernard,286,2
griswold,carolyn,468,2
gross,katherine,3915,3
gross,kevin,2011,3
gross,louis,2160,3
grubb,peter,2818,2
grubb,thomas,4136,2
gurney,bill,287,2
gurney,w,3743,2
haase,robert,3080,2
haase,g,1192,2
hahn,tom,4142,4
hahn,d,4140,4
hahn,thomas,4141,4
hahn,matthew,2393,4
hale,r,3082,3
hale,stephen,3345,3
hale,amanda,4144,3
hall,john,3894,10
hall,charles,473,10
hall,james,1616,10
hall,steve,3939,10
hall,pamela,2821,10
hall,robert,3083,10
hall,linnea,4146,10
hall,spencer,3346,10
hall,david,3868,10
hall,donald,715,10
halle,francis,1077,2
halle,stefan,3347,2
handel,steven,3348,3
handel,colleen,4147,3
handel,collen,4148,3
hansen,andrew,96,6
hansen,michael,2395,6
hansen,thomas,3561,6
hansen,soren,3350,6
hansen,lara,2163,6
hansen,dennis,716,6
hanson,paul,4149,2
hanson,james,1622,2
hansson,lennart,2162,2
hansson,lars-anders,3916,2
hare,frederick,1078,3
hare,j,1623,3
hare,matt,2396,3
harmon,mark,2397,2
harmon,luke,2166,2
harms,kyle,2013,2
harms,tyler,4150,2
harper,l,2167,3
harper,john,1624,3
harper,karen,2014,3
harrison,carolyn,475,5
harrison,richard,3084,5
harrison,susan,3351,5
harrison,m,2399,5
harrison,maria,2398,5
hart,r,3085,3
hart,stephen,3352,3
hart,mike,2400,3
harvey,paul,2823,2
harvey,chris,477,2
harwood,j,1626,2
harwood,james,1625,2
havel,j,3895,2
havel,john,1628,2
hawkins,stephen,3355,2
hawkins,bradford,288,2
hayes,daniel,719,2
hayes,jack,1629,2
hayward,robert,3087,2
hayward,mattew,2404,2
he,fangliang,1079,2
he,h,1306,2
heard,stephen,3356,3
heard,geoff,1197,3
heard,matt,2406,3
henry,william,3747,2
henry,hugh,1310,2
hester,alison,104,2
hester,susan,3357,2
hewitt,godfrey,1202,2
hewitt,david,721,2
hill,mark,2410,4
hill,david,722,4
hill,gary,1203,4
hill,russell,3090,4
hoffmann,l,2173,3
hoffmann,william,3748,3
hoffmann,ary,106,3
holbrook,michele,2412,2
holbrook,sally,3362,2
holland,peter,2832,2
holland,j,1640,2
holmes,richard,3094,2
holmes,elizabeth,980,2
honeycutt,rodney,3096,2
honeycutt,c,482,2
hopkins,b,289,3
hopkins,t,4165,3
hopkins,william,3750,3
horton,robert,3099,2
horton,gregg,1205,2
howard,richard,3100,2
howard,daniel,729,2
hu,yuegao,3834,2
hu,feng,1083,2
hughes,janice,1645,6
hughes,roger,3931,6
hughes,nicholas,2653,6
hughes,robert,3102,6
hughes,kimberly,2017,6
hughes,alice,109,6
humphries,christopher,485,2
humphries,murray,2416,2
hunt,kevin,2018,4
hunt,e,981,4
hunt,gene,1206,4
hunt,john,1647,4
hutchings,michael,2419,2
hutchings,jeffrey,1648,2
irwin,rebecca,3104,2
irwin,darren,732,2
jackson,jeremy,1652,4
jackson,robert,3105,4
jackson,sue,3940,4
jackson,stephen,3365,4
jacobson,susan,3367,5
jacobson,george,1210,5
jacobson,lawrence,2179,5
jacobson,peter,2837,5
jacobson,richard,3106,5
jaeger,william,3753,2
jaeger,j,1653,2
james,frances,1085,3
james,helen,4171,3
james,jeremy,1655,3
janzen,dan,735,2
janzen,frederic,1086,2
jenkins,robert,3109,2
jenkins,stephen,3369,2
jiang,qingzhen,2962,2
jiang,zhi-gang,3845,2
joern,brad,297,2
joern,anthony,112,2
johnson,richard,3111,14
johnson,gordon,1212,14
johnson,douglas,741,14
johnson,barry,298,14
johnson,c,492,14
johnson,brett,3854,14
johnson,donn,3869,14
johnson,lucinda,2181,14
johnson,kevin,4176,14
johnson,jane,1657,14
johnson,christopher,3857,14
johnson,steven,3370,14
johnson,marc,2421,14
johnson,e,983,14
johnston,richard,3112,3
johnston,tom,3572,3
johnston,mark,2422,3
jones,david,742,11
jones,charles,493,11
jones,t,3573,11
jones,clive,3859,11
jones,hefin,4178,11
jones,michael,2423,11
jones,robert,3113,11
jones,jason,4180,11
jones,julia,1659,11
jones,james,3896,11
jones,cynthia,3858,11
jordan,david,743,2
jordan,w,3755,2
kalisz,paul,2843,2
kalisz,susan,3374,2
keeley,ernest,986,2
keeley,jon,1663,2
kelly,j,3897,4
kelly,john,1664,4
kelly,marcella,2431,4
kelly,jeff,4183,4
keough,m,4185,2
keough,michael,2432,2
kephart,kevin,2027,2
kephart,susan,3379,2
kirkpatrick,mark,2435,2
kirkpatrick,jamie,1670,2
kissling,daniel,4190,2
kissling,w,3758,2
klein,alexandra-maria,123,2
klein,carissa,497,2
knick,steve,4194,2
knick,steven,4195,2
knight,richard,3121,3
knight,tiffany,3581,3
knight,dennis,749,3
koenig,walter,3760,2
koenig,richard,3122,2
kohn,josh,1675,2
kohn,deborah,750,2
krauss,siegy,3382,2
krauss,j,1682,2
krebs,c,500,2
krebs,j,1683,2
kumar,b,305,3
kumar,kuldip,2036,3
kumar,chitranjan,502,3
lamb,john,1690,2
lamb,david,754,2
larson,allan,133,2
larson,katherine,2038,2
lauer,david,756,2
lauer,joseph,1700,2
law,richard,3129,2
law,beverly,307,2
lawler,j,1701,2
lawler,sharon,3386,2
lawton,marcy,2443,3
lawton,j,1702,3
lawton,robert,3130,3
lee,john,1704,7
lee,dokyoung,758,7
lee,soon,3388,7
lee,carol,3860,7
lee,kwang,2039,7
lee,tien,3588,7
lee,charlotte,505,7
lessells,c,507,2
lessells,kate,2040,2
lester,nigel,2661,2
lester,philip,2858,2
levin,bruce,308,3
levin,s,3392,3
levin,l,4219,3
lewis,d,762,6
lewis,william,3765,6
lewis,louise,2195,6
lewis,sara,3393,6
lewis,owen,2726,6
lewis,mark,2448,6
li,qing-jun,2963,6
li,h,1327,6
li,baoguo,309,6
li,yiqing,3836,6
li,feng-min,1098,6
li,jin-tian,1712,6
lieberman,d,763,2
lieberman,milton,2449,2
linder,randal,3137,2
linder,h,1330,2
lindsey,keith,2042,2
lindsey,laura,2196,2
liston,charles,509,2
liston,aaron,136,2
liu,j,1718,3
liu,haibo,1331,3
liu,hong,3876,3
lloyd,jon,1719,2
lloyd,andrea,138,2
long,stephen,3395,3
long,james,1722,3
long,daniel,767,3
ludwig,j,1728,2
ludwig,donald,770,2
lynch,j,4231,4
lynch,michael,2456,4
lynch,kathleen,4232,4
lynch,john,1730,4
lyon,drew,772,2
lyon,bruce,312,2
ma,bao-luo,313,3
ma,liwang,2198,3
ma,keeping,2044,3
maas,stephan,3399,2
maas,andrea,140,2
maguire,lynn,2199,2
maguire,douglas,775,2
makela,annikki,142,2
makela,pirjo,2862,2
mann,r,3141,2
mann,guillermo,1224,2
manning,david,778,2
manning,peter,2863,2
maron,john,1740,2
maron,martine,4243,2
marshall,adrian,146,5
marshall,jon,3898,5
marshall,justin,1742,5
marshall,dustin,3870,5
marshall,diane,780,5
martin,francis,1105,11
martin,thomas,4247,11
martin,kathy,4245,11
martin,steven,3402,11
martin,tara,3598,11
martin,lynn,2202,11
martin,john,1743,11
martin,nicolas,2665,11
martin,kristen,4246,11
martin,noland,3925,11
martin,jack,3899,11
massey,ray,3144,2
massey,fergus,1106,2
may,robert,3147,2
may,georgiana,1227,2
mccarthy,brian,318,2
mccarthy,michael,2468,2
mcdonald,david,4251,2
mcdonald,victoria,4252,2
mcintyre,a,149,3
mcintyre,john,1752,3
mcintyre,n,2668,3
messina,frank,1109,2
messina,joseph,1762,2
meyer,judy,1764,2
meyer,axel,151,2
michener,charles,530,2
michener,william,3771,2
midgley,guy,1231,2
midgley,jeremy,1766,2
miles,philip,2867,3
miles,john,1767,3
miles,donald,789,3
miller,thomas,3604,6
miller,jeffrey,1768,6
miller,grady,1232,6
miller,matthew,4260,6
miller,j,3900,6
miller,lee,2207,6
mills,nicholas,2670,2
mills,m,2479,2
miyamoto,michael,2481,2
miyamoto,seiichi,3409,2
mock,d,4263,2
mock,douglas,791,2
mooney,harold,1340,2
mooney,kailen,2054,2
moore,william,3774,10
moore,p,4269,10
moore,peter,2869,10
moore,kenneth,2055,10
moore,allen,158,10
moore,frank,4268,10
moore,jonathan,3901,10
moore,ignacio,1408,10
moore,joslin,1774,10
moore,ben,328,10
moran,nancy,2671,2
moran,paul,2870,2
morgan,n,2672,5
morgan,raymond,3163,5
morgan,martin,2483,5
morgan,eric,1006,5
morgan,steven,3410,5
morris,michael,2484,4
morris,william,3775,4
morris,rebecca,3164,4
morris,douglas,794,4
morrow,patrice,2872,2
morrow,ted,3608,2
morton,martin,4271,2
morton,b,329,2
moyle,peter,2874,2
moyle,leonie,2211,2
mueller,gordon,1235,4
mueller,ulrich,3668,4
mueller,thomas,3610,4
mueller,caroline,534,4
mukai,terumi,3611,2
mukai,h,4273,2
mullen,michael,2485,2
mullen,robert,3165,2
muller,peter,2877,3
muller,wendt,3776,3
muller,jorg,1778,3
murphy,dennis,796,5
murphy,mary,4274,5
murphy,michael,4275,5
murphy,kevin,2056,5
murphy,troy,4276,5
myers,norman,2673,3
myers,judith,1779,3
myers,randy,3168,3
nagy,kenneth,2058,3
nagy,laura,4279,3
nagy,laszlo,2213,3
nelson,l,2214,3
nelson,gareth,1237,3
nelson,douglas,4281,3
newman,edward,1011,3
newman,jonathan,1785,3
newman,ken,2059,3
nichols,brian,332,2
nichols,james,1786,2
nielsen,c,538,2
nielsen,david,801,2
nilsson,matt,2490,2
nilsson,christer,539,2
norris,ken,2063,2
norris,ryan,3175,2
norton,bryan,335,2
norton,david,803,2
o'brien,dan,805,2
o'brien,eileen,1013,2
oksanen,jari,1789,2
oksanen,lauri,2216,2
orr,david,809,2
orr,h,1342,2
osborne,colin,542,3
osborne,shannon,3423,3
osborne,juliet,1793,3
otto,christian,544,2
otto,sarah,3425,2
palmer,a,163,3
palmer,jeff,1797,3
palmer,todd,3618,3
parker,geoffrey,1240,3
parker,matthew,2503,3
parker,patricia,2888,3
parr,catherine,546,2
parr,kate,2067,2
parsons,peter,2889,2
parsons,bradford,338,2
payne,r,4303,2
payne,william,3778,2
pearson,calvin,548,3
pearson,david,813,3
pearson,richard,3189,3
peck,t,3620,3
peck,james,1805,3
peck,lloyd,2220,3
pedersen,jeffrey,1806,2
pedersen,palle,2891,2
peet,robert,3190,2
peet,m,2509,2
perry,j,1808,3
perry,david,817,3
perry,george,1243,3
peters,james,1809,3
peters,david,818,3
peters,debra,3871,3
peterson,g,1245,7
peterson,charles,3861,7
peterson,chris,553,7
peterson,paul,2893,7
peterson,merrill,2511,7
peterson,douglas,819,7
peterson,robert,3191,7
phillips,jfv,1810,4
phillips,steve,3435,4
phillips,patrick,2894,4
phillips,ryan,3192,4
poorter,hendrik,1346,2
poorter,lourens,2224,2
porter,john,1815,3
porter,adam,169,3
porter,michael,2519,3
post,boyd,341,4
post,wilfred,3782,4
post,david,826,4
post,eric,1017,4
power,james,1816,2
power,mary,2521,2
powers,robert,3195,3
powers,mike,4319,3
powers,jennifer,1817,3
prentice,iain,1415,3
prentice,honor,1349,3
prentice,colin,4321,3
price,mary,2525,4
price,trevor,3625,4
price,jodi,1818,4
price,andrew,171,4
proctor,john,1819,2
proctor,michael,2526,2
ramakrishnan,p,2900,2
ramakrishnan,uma,3670,2
rasmussen,paul,2902,3
rasmussen,lennart,2225,3
rasmussen,joseph,1824,3
raven,peter,2903,2
raven,john,1825,2
read,jennifer,1826,2
read,andrew,180,2
reddy,gudigopuram,1251,2
reddy,k,2072,2
reed,david,835,4
reed,michael,2533,4
reed,j,1827,4
reed,wendy,4331,4
rees,wendy,3784,2
rees,mark,2534,2
rice,james,1832,3
rice,william,3786,3
rice,sean,3450,3
richards,paul,2906,3
richards,jennifer,1833,3
richards,james,3903,3
richardson,david,840,4
richardson,john,3904,4
richardson,anthony,181,4
richardson,james,1834,4
riley,margaret,2537,2
riley,stephen,3453,2
roberts,t,3630,5
roberts,kenneth,2077,5
roberts,callum,562,5
roberts,darrin,843,5
roberts,david,3872,5
robertson,gregory,4338,2
robertson,g,1253,2
robinson,john,1838,6
robinson,scott,3455,6
robinson,david,844,6
robinson,sharon,4339,6
robinson,w,3789,6
robinson,robin,3205,6
rocha,oscar,2734,2
rocha,luiz,2232,2
roche,laurence,2233,2
roche,erin,4340,2
rodriguez,jon,1839,2
rodriguez,rafael,3206,2
rogers,d,848,5
rogers,hugo,1354,5
rogers,christopher,4343,5
rogers,john,1840,5
rogers,william,3790,5
roper,t,3632,3
roper,brett,346,3
roper,james,4346,3
rosen,brian,347,2
rosen,carl,563,2
roth,v,3697,2
roth,james,1846,2
roy,kaustuv,2079,2
roy,barbara,348,2
ruark,greg,1255,2
ruark,matthew,2542,2
russell,scott,3457,3
russell,ann,185,3
russell,andy,3852,3
sack,fred,1125,2
sack,lawren,2237,2
sadler,e,1021,2
sadler,jonathan,1852,2
sakai,ann,188,3
sakai,satoki,3941,3
sakai,shoko,3460,3
sala,osvaldo,2737,2
sala,enric,1022,2
sanders,dale,854,3
sanders,ian,1416,3
sanders,nathan,2687,3
sanderson,matt,2549,3
sanderson,michael,3920,3
sanderson,roy,3211,3
sargent,robert,3932,2
sargent,risa,3213,2
sauer,jonathan,3906,2
sauer,john,1854,2
savolainen,outi,2739,2
savolainen,vincent,3699,2
schaefer,matthias,2551,2
schaefer,hanno,1356,2
schneider,james,1858,4
schneider,stephen,3942,4
schneider,sally,3463,4
schneider,christopher,565,4
schreiber,k,2083,2
schreiber,sebastian,3465,2
schwartz,mark,3921,2
schwartz,michael,2555,2
scott,peter,2914,2
scott,m,2556,2
shaffer,jay,1863,5
shaffer,brad,352,5
shaffer,mark,2560,5
shaffer,h,1360,5
shaffer,terry,4373,5
shaw,ruth,3218,2
shaw,kerry,2089,2
sheldon,frederick,4375,2
sheldon,ben,353,2
shipley,ryan,4376,2
shipley,bill,355,2
silk,wendy,3799,2
silk,joan,1871,2
simmons,ian,1418,4
simmons,steve,3472,4
simmons,nancy,2690,4
simmons,mark,2563,4
simpson,beryl,358,2
simpson,stephen,3473,2
sims,albert,200,2
sims,david,868,2
smith,j,1877,24
smith,albert,201,24
smith,james,3907,24
smith,danny,4384,24
smith,kimberly,2094,24
smith,terrence,3640,24
smith,robert,3933,24
smith,loren,4389,24
smith,thomas,3945,24
smith,david,3947,24
smith,graham,1260,24
smith,c,4383,24
smith,david,4385,24
smith,nathan,2692,24
smith,richard,3221,24
smith,melinda,2566,24
smith,susan,4390,24
smith,jennifer,4387,24
smith,christopher,569,24
smith,william,3801,24
smith,david,870,24
smith,val,3700,24
smith,stanley,3475,24
smith,felisa,1133,24
soltis,pamela,2921,2
soltis,doug,871,2
sommer,ulrich,3672,2
sommer,s,4398,2
steiner,jean,3908,2
steiner,jeffrey,1890,2
stephens,philip,2923,2
stephens,s,3480,2
stevens,lori,2245,4
stevens,peter,2924,4
stevens,richard,3228,4
stevens,carly,572,4
stewart,glenn,1261,2
stewart,john,1891,2
stone,earl,1030,3
stone,john,1893,3
stone,lloyd,2246,3
stott,philip,2927,2
stott,diane,877,2
stouffer,philip,2928,2
stouffer,dan,878,2
strauss,sharon,3482,2
strauss,steven,3943,2
sullivan,brian,365,4
sullivan,michael,2573,4
sullivan,dana,883,4
sullivan,kimberly,2101,4
sun,osbert,2743,2
sun,mei,2574,2
talbot,l,2248,2
talbot,nicholas,2697,2
taylor,l,2249,8
taylor,donavon,888,8
taylor,douglas,3873,8
taylor,peter,2933,8
taylor,andrea,3853,8
taylor,james,1902,8
taylor,sabrina,4417,8
taylor,andrew,212,8
terrill,thomas,3646,2
terrill,ryan,4418,2
thomas,henry,1368,6
thomas,howard,3877,6
thomas,sean,3487,6
thomas,chris,577,6
thomas,ian,1424,6
thomas,daniel,4420,6
thompson,christopher,4421,8
thompson,ken,2104,8
thompson,frank,4422,8
thompson,curtis,578,8
thompson,des,890,8
thompson,paul,2936,8
thompson,john,3909,8
thompson,j,1906,8
townsend,charley,581,2
townsend,andrea,4427,2
travis,joseph,1912,2
travis,justin,3910,2
turner,neil,2699,7
turner,fred,1135,7
turner,m,2580,7
turner,j,4430,7
turner,ian,1425,7
turner,paul,2942,7
turner,benjamin,371,7
tyler,albert,218,2
tyler,p,4434,2
underwood,anthony,219,2
underwood,nora,2700,2
urban,dean,896,2
urban,mark,2581,2
vanwilgenburg,steve,4439,3
vanwilgenburg,steven,4440,3
vanwilgenburg,eric,4438,3
vitt,dale,899,2
vitt,laurie,2252,2
vlek,p,2947,2
vlek,paul,3240,2
vos,c,588,2
vos,matthijs,2594,2
wagner,gunter,1269,2
wagner,helene,1373,2
walker,donald,900,4
walker,lawrence,2253,4
walker,jeffrey,1934,4
walker,timothy,3654,4
walsh,j,1935,3
walsh,stephen,3497,3
walsh,olga,2747,3
walters,jeffrey,1936,3
walters,eric,4448,3
walters,christina,590,3
wang,lizhu,2254,2
wang,dehua,902,2
ward,frank,1141,4
ward,david,903,4
ward,joy,1938,4
ward,michael,4451,4
wardle,glenda,1272,2
wardle,david,904,2
warren,philip,2949,3
warren,melvin,2599,3
warren,jason,1940,3
waser,peter,2950,2
waser,nickolas,2702,2
watson,maxine,2600,2
watson,james,1943,2
watts,david,906,2
watts,phill,2951,2
webb,nigel,2703,4
webb,thompson,3655,4
webb,mark,2602,4
webb,tom,3946,4
webster,grady,1273,4
webster,michael,3924,4
webster,mark,2603,4
webster,jackson,1944,4
west,r,3247,3
west,neil,2705,3
west,stuart,3500,3
white,thomas,3656,7
white,james,3911,7
white,robert,3248,7
white,jeffrey,1950,7
white,piran,3929,7
white,andrew,229,7
white,peter,2954,7
whittaker,j,1951,2
whittaker,robert,3249,2
whittingham,mark,2608,2
whittingham,linda,4457,2
wiens,j,3912,2
wiens,john,1954,2
wilcox,bruce,375,2
wilcox,chris,593,2
williams,d,3874,13
williams,mimi,2610,13
williams,paul,2957,13
williams,charles,594,13
williams,erik,1041,13
williams,tony,3661,13
williams,robert,3251,13
williams,jack,3913,13
williams,dick,3875,13
williams,joseph,1957,13
williams,caroline,3863,13
williams,rob,3934,13
williams,david,919,13
willis,arthur,230,3
willis,david,920,3
willis,john,1958,3
wilsey,brian,376,2
wilsey,c,596,2
wilson,j,1959,8
wilson,charles,597,8
wilson,edward,1042,8
wilson,scott,3504,8
wilson,jeremy,3914,8
wilson,will,3821,8
wilson,ken,2111,8
wilson,robbie,3252,8
winter,jimmy,1960,2
winter,maiken,4461,2
wirth,rainer,3253,2
wirth,christian,599,2
wolf,blair,378,3
wolf,jason,1962,3
wolf,larry,2256,3
wolfe,david,922,2
wolfe,lorne,2257,2
woods,art,233,3
woods,h,1381,3
woods,kerry,2114,3
woodward,f,1144,2
woodward,guy,1276,2
wootton,robin,3254,2
wootton,j,1964,2
wright,r,3255,6
wright,s,3506,6
wright,jon,1965,6
wright,alan,234,6
wright,stephanie,4467,6
wright,timothy,4468,6
wu,chung-i,601,4
wu,jianguo,1966,4
wu,lianhai,2258,4
wu,rongling,3256,4
wyatt,robert,3257,2
wyatt,sarah,3507,2
young,john,1970,6
young,michael,2619,6
young,andrew,236,6
young,c,4470,6
young,truman,3662,6
young,c,602,6
zhang,hailin,1383,2
zhang,li,2261,2
zhu,jinming,1971,3
zhu,yuanda,3843,3
zhu,chengsong,604,3
