JOURNAL,YEAR,VOLUME,ISSUE,editor_id,FIRST_NAME,MIDDLE_NAME,LAST_NAME,NAME,TITLE.x,CATEGORY,INST,UNIT,CITY,STATE,COUNTRY,geo.code,
BIOCON,1985,31,1,1057,F,,BOURLIERE,F BOURLIERE,EB,SE,NoInst,NoUnit,Paris,,France,FRA,
BIOCON,1985,31,1,1157,G,,BUDOWSKI,G BUDOWSKI,EB,SE,Tropical Research and Training Center,NoUnit,Turrialba,,Costa Rica,CRI,
BIOCON,1985,31,1,32,A,,CARR,A CARR,EB,SE,University of Florida,Zoology,Gainesville,Florida,USA,USA,
BIOCON,1985,31,1,34,AW,Fabio,Cassola,AW Fabio Cassola,EB,SE,WWF,Italian Appeal,Rome,,Italy,ITA,
BIOCON,1985,31,1,2333,M,J,COE,M J COE,EB,SE,University of Oxford,Zoology,Oxford ,,UK,GBR,
BIOCON,1985,31,1,1525,JB,,CRAGG,JB CRAGG,EB,SE,University of Calgary,Faculty of Environmental Design,Alberta,Ontario,Canada,CAN,
BIOCON,1985,31,1,1294,H,,CRUSZ,H CRUSZ,EB,SE,University of Peradeniya,NoUnit,Peradeniya,,Sri Lanka,LKA,
BIOCON,1985,31,1,1540,JC,,DeM-Carvalho,JC DeM-Carvalho,EB,SE,Museu Nacional,NoUnit,Rio de Janeiro,,Brazil,BRA,
BIOCON,1985,31,1,2346,Manuel,G,DeViedma,Manuel G DeViedma,EB,SE,Universidad Politecnica de Madrid,Entomology,Madrid,,Spain,ESP,
BIOCON,1985,31,1,56,A,,DeVos,A DeVos,EB,SE,NoInst,NoUnit,Auckland,,New Zealand,NZL,
BIOCON,1985,31,1,3734,WH,,DRURY,WH DRURY,EB,SE,College of the Atlantic,NoUnit,Bar Harbor,Maine,USA,USA,
BIOCON,1985,31,1,958,Eric,,Duffey,Eric Duffey,EIC,EIC,Monks Wood Experiment Station,NoUnit,Huntingdon,,UK,GBR,
BIOCON,1985,31,1,3738,W,,ERZ,W ERZ,EB,SE,Federal Research Center for Nature Conservation and Landscape Ecology,NoUnit,Bonn,,Germany,DEU,
BIOCON,1985,31,1,1595,JOHN,A,GIBB,JOHN A GIBB,EB,SE,Department of Scientific and Industrial Research,Ecology Division,Lower Hutt,,New Zealand,NZL,
BIOCON,1985,31,1,1071,F,B,Goldsmith,F B Goldsmith,EB,SE,University College, Botany and Microbiology,London,,UK,GBR,
BIOCON,1985,31,1,2164,Lennart,,Hansson,Lennart Hansson,EB,SE,Swedish University of Agricultural Sciences,Wildlife Ecology,Uppsala,,Sweden,SWE,
BIOCON,1985,31,1,2173,L,,HOFFMANN,L HOFFMANN,EB,SE,Station Biologique de la Tour du Valat,,Arles,,France,FRA,
BIOCON,1985,31,1,2722,OSAMU,,IKENOUYE,OSAMU IKENOUYE,EB,SE,Marine Parks Center of Japan,NoUnit,Tokyo,,Japan,JPN,
BIOCON,1985,31,1,753,DJ,,KUENEN,DJ KUENEN,EB,SE,NoInst,NoUnit,Leiden,,Netherlands,NLD,
BIOCON,1985,31,1,2050,K,,MELLANBY,K MELLANBY,EB,SE,Monks Wood Experiment Station,NoUnit,Huntingdon,,UK,GBR,
BIOCON,1985,31,1,3607,TH,,MONOD,TH MONOD,EB,SE,Labratory of General and Apllied Ichthyology,NoUnit,Paris,,France,FRA,
BIOCON,1985,31,1,333,B,,NIEVERGELT,B NIEVERGELT,EB,SE,University of Zurich-Irchel,Ethology and Wildlife Research,Zurich,,Switzerland,CHE,
BIOCON,1985,31,1,1796,JD,,OVINGTON,JD OVINGTON,EB,SE,Australian National Parks and Wildlife Service,,Canberra,,Australia,AUS,
BIOCON,1985,31,1,1810,JFV,,PHILLIPS,JFV PHILLIPS,EB,SE,University of Natal,NoUnit,Pietermaritzburg,,South Africa,ZAF,
BIOCON,1985,31,1,2914,Peter,,Scott,Peter Scott,EB,SE,NoInst,NoUnit,Gloucester,,UK,GBR,
BIOCON,1985,31,1,2242,LK,,SHAPOSHNIKOV,LK SHAPOSHNIKOV,EB,SE,Ministry of Agriculture of the USSR,NoUnit,Moscow,,USSR,RUS,
BIOCON,1985,31,1,2248,L,M,TALBOT,L M TALBOT,EB,SE,International Union for Conservation of Nature and Natural Resources,,Gland,,Switzerland,CHE,
BIOCON,1985,31,1,3705,V,,WESTHOFF,V WESTHOFF,EB,SE,NoInst,NoUnit,Groesbeek,,Netherlands,NLD,
BIOCON,1986,35,1,1057,F,,BOURLIERE,F BOURLIERE,EB,SE,,,,,France,FRA,
BIOCON,1986,35,1,1157,G,,BUDOWSKI,G BUDOWSKI,EB,SE,,,,,Costa Rica,CRI,
BIOCON,1986,35,1,32,A,,CARR,A CARR,EB,SE,,,,,USA,USA,
BIOCON,1986,35,1,34,AW,Fabio,Cassola,AW Fabio Cassola,EB,SE,,,,,Italy,ITA,
BIOCON,1986,35,1,2333,M,J,COE,M J COE,EB,SE,,,,,UK,GBR,
BIOCON,1986,35,1,1525,JB,,CRAGG,JB CRAGG,EB,SE,,,,,Canada,CAN,
BIOCON,1986,35,1,1294,H,,CRUSZ,H CRUSZ,EB,SE,,,,,Sri Lanka,LKA,
BIOCON,1986,35,1,1540,JC,,DeM-Carvalho,JC DeM-Carvalho,EB,SE,,,,,Brazil,BRA,
BIOCON,1986,35,1,2346,Manuel,G,DeViedma,Manuel G DeViedma,EB,SE,,,,,Spain,ESP,
BIOCON,1986,35,1,56,A,,DeVos,A DeVos,EB,SE,,,,,New Zealand,NZL,
BIOCON,1986,35,1,3734,WH,,DRURY,WH DRURY,EB,SE,,,,,USA,USA,
BIOCON,1986,35,1,958,Eric,,Duffey,Eric Duffey,EIC,EIC,,,,,UK,GBR,
BIOCON,1986,35,1,3738,W,,ERZ,W ERZ,EB,SE,,,,,Germany,DEU,
BIOCON,1986,35,1,1595,JOHN,A,GIBB,JOHN A GIBB,EB,SE,,,,,New Zealand,NZL,
BIOCON,1986,35,1,1071,F,B,Goldsmith,F B Goldsmith,EB,SE,,,,,UK,GBR,
BIOCON,1986,35,1,2164,Lennart,,Hansson,Lennart Hansson,EB,SE,,,,,Sweden,SWE,
BIOCON,1986,35,1,2173,L,,HOFFMANN,L HOFFMANN,EB,SE,,,,,France,FRA,
BIOCON,1986,35,1,2722,OSAMU,,IKENOUYE,OSAMU IKENOUYE,EB,SE,,,,,Japan,JPN,
BIOCON,1986,35,1,753,DJ,,KUENEN,DJ KUENEN,EB,SE,,,,,Netherlands,NLD,
BIOCON,1986,35,1,2050,K,,MELLANBY,K MELLANBY,EB,SE,,,,,UK,GBR,
BIOCON,1986,35,1,3607,TH,,MONOD,TH MONOD,EB,SE,,,,,France,FRA,
BIOCON,1986,35,1,333,B,,NIEVERGELT,B NIEVERGELT,EB,SE,,,,,Switzerland,CHE,
BIOCON,1986,35,1,1796,JD,,OVINGTON,JD OVINGTON,EB,SE,,,,,Australia,AUS,
BIOCON,1986,35,1,1810,JFV,,PHILLIPS,JFV PHILLIPS,EB,SE,,,,,South Africa,ZAF,
BIOCON,1986,35,1,2914,Peter,,Scott,Peter Scott,EB,SE,,,,,UK,GBR,
BIOCON,1986,35,1,2242,LK,,SHAPOSHNIKOV,LK SHAPOSHNIKOV,EB,SE,,,,,USSR,RUS,
BIOCON,1986,35,1,3705,V,,WESTHOFF,V WESTHOFF,EB,SE,,,,,Netherlands,NLD,
BIOCON,1987,39,1,34,AW,Fabio,Cassola,AW Fabio Cassola,EB,SE,,,,,Italy,ITA,
BIOCON,1987,39,1,3832,YONG-LIN,,CHEN,YONG-LIN CHEN,EB,SE,Academica Sinica,NoUnit,Beijing,,China,CHN,
BIOCON,1987,39,1,2333,M,J,COE,M J COE,EB,SE,,,,,UK,GBR,
BIOCON,1987,39,1,1294,H,,CRUSZ,H CRUSZ,EB,SE,,,,,Sri Lanka,LKA,
BIOCON,1987,39,1,2346,Manuel,G,DeViedma,Manuel G DeViedma,EB,SE,,,,,Spain,ESP,
BIOCON,1987,39,1,3734,WH,,DRURY,WH DRURY,EB,SE,,,,,USA,USA,
BIOCON,1987,39,1,958,Eric,,Duffey,Eric Duffey,EIC,EIC,,,,,UK,GBR,
BIOCON,1987,39,1,3738,W,,ERZ,W ERZ,EB,SE,,,,,Germany,DEU,
BIOCON,1987,39,1,1595,JOHN,A,GIBB,JOHN A GIBB,EB,SE,,,,,New Zealand,NZL,
BIOCON,1987,39,1,1071,F,B,Goldsmith,F B Goldsmith,EB,SE,,,,,UK,GBR,
BIOCON,1987,39,1,2164,Lennart,,Hansson,Lennart Hansson,EB,SE,,,,,Sweden,SWE,
BIOCON,1987,39,1,1626,J,,HARWOOD,J HARWOOD,EB,SE,Natural Environment Research Council,NoUnit,Cambridge,,UK,GBR,
BIOCON,1987,39,1,2050,K,,MELLANBY,K MELLANBY,EB,SE,,,,,UK,GBR,
BIOCON,1987,39,1,1765,JD,,MIDDLETON,JD MIDDLETON,EB,SE,Brock University,NoUnit,St. Catharines,Ontario,Canada,CAN,
BIOCON,1987,39,1,2672,NC,,MORGAN,NC MORGAN,EB,SE,NoInst,NoUnit,Saulxures sur Moselotte,,UK,GBR,
BIOCON,1987,39,1,3614,Tim,R,New,Tim R New,EB,SE,La Trobe University,Zoology,Victoria,,Australia,AUS,
BIOCON,1987,39,1,333,B,,NIEVERGELT,B NIEVERGELT,EB,SE,,,,,Switzerland,CHE,
BIOCON,1987,39,1,3840,Y,,ONO,Y ONO,EB,SE,Kyushu University,NoUnit,Fukuoka,,Japan,JPN,
BIOCON,1987,39,1,1121,F,,RAMADE,F RAMADE,EB,SE,Universite de Paris-Sud,NoUnit,Orsay,,France,FRA,
BIOCON,1987,39,1,566,CM,,SCHONEWALD,CM SCHONEWALD,EB,SE,University of California,NoUnit,,,USA,USA,
BIOCON,1987,39,1,3798,WR,,SIEGFRIED,WR SIEGFRIED,EB,SE,University of Cape Town,,Cape Town,,South Africa,ZAF,
BIOCON,1987,39,1,3705,V,,WESTHOFF,V WESTHOFF,EB,SE,,,,,Netherlands,NLD,
BIOCON,1987,39,1,3658,T,C,Whitmore,T C Whitmore,EB,SE,Oxford Forestry Institute,NoUnit,Oxford,,UK,GBR,
BIOCON,1988,43,1,34,AW,Fabio,Cassola,AW Fabio Cassola,EB,SE,,,,,Italy,ITA,
BIOCON,1988,43,1,3832,YONG-LIN,,CHEN,YONG-LIN CHEN,EB,SE,,,,,China,CHN,
BIOCON,1988,43,1,2333,M,J,COE,M J COE,EB,SE,,,,,UK,GBR,
BIOCON,1988,43,1,1294,H,,CRUSZ,H CRUSZ,EB,SE,,,,,Sri Lanka,LKA,
BIOCON,1988,43,1,2346,Manuel,G,DeViedma,Manuel G DeViedma,EB,SE,,,,,Spain,ESP,
BIOCON,1988,43,1,3734,WH,,DRURY,WH DRURY,EB,SE,,,,,USA,USA,
BIOCON,1988,43,1,958,Eric,,Duffey,Eric Duffey,EIC,EIC,,,,,UK,GBR,
BIOCON,1988,43,1,3738,W,,ERZ,W ERZ,EB,SE,,,,,Germany,DEU,
BIOCON,1988,43,1,1595,JOHN,A,GIBB,JOHN A GIBB,EB,SE,,,,,New Zealand,NZL,
BIOCON,1988,43,1,1071,F,B,Goldsmith,F B Goldsmith,EB,SE,,,,,UK,GBR,
BIOCON,1988,43,1,2164,Lennart,,Hansson,Lennart Hansson,EB,SE,,,,,Sweden,SWE,
BIOCON,1988,43,1,1626,J,,HARWOOD,J HARWOOD,EB,SE,,,,,UK,GBR,
BIOCON,1988,43,1,2050,K,,MELLANBY,K MELLANBY,EB,SE,,,,,UK,GBR,
BIOCON,1988,43,1,1765,JD,,MIDDLETON,JD MIDDLETON,EB,SE,,,,,Canada,CAN,
BIOCON,1988,43,1,2672,NC,,MORGAN,NC MORGAN,EB,SE,,,,,UK,GBR,
BIOCON,1988,43,1,3614,Tim,R,New,Tim R New,EB,SE,,,,,Australia,AUS,
BIOCON,1988,43,1,333,B,,NIEVERGELT,B NIEVERGELT,EB,SE,,,,,Switzerland,CHE,
BIOCON,1988,43,1,3840,Y,,ONO,Y ONO,EB,SE,,,,,Japan,JPN,
BIOCON,1988,43,1,1121,F,,RAMADE,F RAMADE,EB,SE,,,,,France,FRA,
BIOCON,1988,43,1,566,CM,,SCHONEWALD,CM SCHONEWALD,EB,SE,,,,,USA,USA,This should occur in 1989
BIOCON,1988,43,1,3798,WR,,SIEGFRIED,WR SIEGFRIED,EB,SE,,,,,South Africa,ZAF,
BIOCON,1988,43,1,3705,V,,WESTHOFF,V WESTHOFF,EB,SE,,,,,Netherlands,NLD,
BIOCON,1988,43,1,3658,T,C,Whitmore,T C Whitmore,EB,SE,,,,,UK,GBR,
BIOCON,1989,47,1,34,AW,Fabio,Cassola,AW Fabio Cassola,EB,SE,,,,,Italy,ITA,
BIOCON,1989,47,1,3832,YONG-LIN,,CHEN,YONG-LIN CHEN,EB,SE,,,,,China,CHN,
BIOCON,1989,47,1,2333,M,J,COE,M J COE,EB,SE,,,,,UK,GBR,
BIOCON,1989,47,1,1294,H,,CRUSZ,H CRUSZ,EB,SE,,,,,Sri Lanka,LKA,
BIOCON,1989,47,1,958,Eric,,Duffey,Eric Duffey,EIC,EIC,NoInst,NoUnit,Peterborough,,UK,GBR,
BIOCON,1989,47,1,3738,W,,ERZ,W ERZ,EB,SE,,,,,Germany,DEU,
BIOCON,1989,47,1,1595,JOHN,A,GIBB,JOHN A GIBB,EB,SE,,,,,New Zealand,NZL,
BIOCON,1989,47,1,2164,Lennart,,Hansson,Lennart Hansson,EB,SE,,,,,Sweden,SWE,
BIOCON,1989,47,1,1626,J,,HARWOOD,J HARWOOD,EB,SE,,,,,UK,GBR,
BIOCON,1989,47,1,2050,K,,MELLANBY,K MELLANBY,EB,SE,,,,,UK,GBR,
BIOCON,1989,47,1,1765,JD,,MIDDLETON,JD MIDDLETON,EB,SE,,,,,Canada,CAN,
BIOCON,1989,47,1,2672,NC,,MORGAN,NC MORGAN,EB,SE,,,,,UK,GBR,
BIOCON,1989,47,1,3614,Tim,R,New,Tim R New,EB,SE,,,,,Australia,AUS,
BIOCON,1989,47,1,333,B,,NIEVERGELT,B NIEVERGELT,EB,SE,,,,,Switzerland,CHE,
BIOCON,1989,47,1,3840,Y,,ONO,Y ONO,EB,SE,,,,,Japan,JPN,
BIOCON,1989,47,1,1121,F,,RAMADE,F RAMADE,EB,SE,,,,,France,FRA,
BIOCON,1989,47,1,566,CM,,SCHONEWALD,CM SCHONEWALD,AE,AE,University of California Davis,Institute of Ecology,Davis,California,USA,USA,
BIOCON,1989,47,1,3798,WR,,SIEGFRIED,WR SIEGFRIED,EB,SE,,,,,South Africa,ZAF,
BIOCON,1989,47,1,3658,T,C,Whitmore,T C Whitmore,EB,SE,,,,,UK,GBR,
BIOCON,1989,47,1,3822,WJ,,WOLFF,WJ WOLFF,EB,SE,Research Institute for Nature Management,NoUnit,Leersum,,Netherlands,NLD,
BIOCON,1990,51,1,1054,F,G,Bernaldez,F G Bernaldez,EB,SE,Universidad Autonoma,NoUnit,Madrid,,Spain,ESP,
BIOCON,1990,51,1,398,C,,BIBBY,C BIBBY,EB,SE,The Royal Society for the Protection of Birds,NoUnit,Bedfordshire,,UK,GBR,
BIOCON,1990,51,1,34,AW,Fabio,Cassola,AW Fabio Cassola,EB,SE,,,,,Italy,ITA,
BIOCON,1990,51,1,3832,YONG-LIN,,CHEN,YONG-LIN CHEN,EB,SE,,,,,China,CHN,
BIOCON,1990,51,1,2333,M,J,COE,M J COE,EB,SE,,,,,UK,GBR,
BIOCON,1990,51,1,958,Eric,,Duffey,Eric Duffey,EIC,EIC,,,,,UK,GBR,
BIOCON,1990,51,1,3738,W,,ERZ,W ERZ,EB,SE,,,,,Germany,DEU,
BIOCON,1990,51,1,1595,JOHN,A,GIBB,JOHN A GIBB,EB,SE,,,,,New Zealand,NZL,
BIOCON,1990,51,1,2164,Lennart,,Hansson,Lennart Hansson,EB,SE,,,,,Sweden,SWE,
BIOCON,1990,51,1,1626,J,,HARWOOD,J HARWOOD,EB,SE,,,,,UK,GBR,
BIOCON,1990,51,1,2473,MARTIN,K,MCNICHOLL,MARTIN K MCNICHOLL,EB,SE,NoInst,NoUnit,Toronto,Ontario,Canada,CAN,
BIOCON,1990,51,1,2050,K,,MELLANBY,K MELLANBY,EB,SE,,,,,UK,GBR,
BIOCON,1990,51,1,2672,NC,,MORGAN,NC MORGAN,EB,SE,,,,,UK,GBR,
BIOCON,1990,51,1,2875,PETER,B,MOYLE,PETER B MOYLE,EB,SE,University of California Davis,NoUnit,Davis,California,USA,USA,
BIOCON,1990,51,1,3614,Tim,R,New,Tim R New,EB,SE,,,,,Australia,AUS,
BIOCON,1990,51,1,333,B,,NIEVERGELT,B NIEVERGELT,EB,SE,,,,,Switzerland,CHE,
BIOCON,1990,51,1,3840,Y,,ONO,Y ONO,EB,SE,,,,,Japan,JPN,
BIOCON,1990,51,1,1121,F,,RAMADE,F RAMADE,EB,SE,,,,,France,FRA,
BIOCON,1990,51,1,566,CM,,SCHONEWALD,CM SCHONEWALD,AE,AE,,,,,USA,USA,
BIOCON,1990,51,1,3798,WR,,SIEGFRIED,WR SIEGFRIED,EB,SE,,,,,South Africa,ZAF,
BIOCON,1990,51,1,3658,T,C,Whitmore,T C Whitmore,EB,SE,,,,,UK,GBR,
BIOCON,1990,51,1,3822,WJ,,WOLFF,WJ WOLFF,EB,SE,,,,,Netherlands,NLD,
BIOCON,1991,55,1,1054,F,G,Bernaldez,F G Bernaldez,EB,SE,,,,,Spain,ESP,
BIOCON,1991,55,1,398,C,,BIBBY,C BIBBY,EB,SE,,,,,UK,GBR,
BIOCON,1991,55,1,34,AW,Fabio,Cassola,AW Fabio Cassola,EB,SE,,,,,Italy,ITA,
BIOCON,1991,55,1,3832,YONG-LIN,,CHEN,YONG-LIN CHEN,EB,SE,,,,,China,CHN,
BIOCON,1991,55,1,2333,M,J,COE,M J COE,EB,SE,,,,,UK,GBR,
BIOCON,1991,55,1,260,B,NK,Davis,B NK Davis,AE,AE,Monks Wood Experiment Station,NoUnit,Huntingdon,,UK,GBR,
BIOCON,1991,55,1,958,Eric,,Duffey,Eric Duffey,EIC,EIC,,,,,UK,GBR,
BIOCON,1991,55,1,3738,W,,ERZ,W ERZ,EB,SE,,,,,Germany,DEU,
BIOCON,1991,55,1,1595,JOHN,A,GIBB,JOHN A GIBB,EB,SE,,,,,New Zealand,NZL,
BIOCON,1991,55,1,2164,Lennart,,Hansson,Lennart Hansson,EB,SE,,,,,Sweden,SWE,
BIOCON,1991,55,1,1626,J,,HARWOOD,J HARWOOD,EB,SE,,,,,UK,GBR,
BIOCON,1991,55,1,2473,MARTIN,K,MCNICHOLL,MARTIN K MCNICHOLL,EB,SE,,,,,Canada,CAN,
BIOCON,1991,55,1,2050,K,,MELLANBY,K MELLANBY,EB,SE,,,,,UK,GBR,
BIOCON,1991,55,1,793,DJ,,MORAFKA,DJ MORAFKA,EB,SE,California State University Dominguez Hills,NoUnit,Carson,California,USA,USA,
BIOCON,1991,55,1,2672,NC,,MORGAN,NC MORGAN,EB,SE,,,,,UK,GBR,
BIOCON,1991,55,1,2875,PETER,B,MOYLE,PETER B MOYLE,EB,SE,,,,,USA,USA,
BIOCON,1991,55,1,3614,Tim,R,New,Tim R New,EB,SE,,,,,Australia,AUS,
BIOCON,1991,55,1,333,B,,NIEVERGELT,B NIEVERGELT,EB,SE,,,,,Switzerland,CHE,
BIOCON,1991,55,1,3840,Y,,ONO,Y ONO,EB,SE,,,,,Japan,JPN,
BIOCON,1991,55,1,1121,F,,RAMADE,F RAMADE,EB,SE,,,,,France,FRA,
BIOCON,1991,55,1,566,CM,,SCHONEWALD,CM SCHONEWALD,AE,AE,,,,,USA,USA,
BIOCON,1991,55,1,3798,WR,,SIEGFRIED,WR SIEGFRIED,EB,SE,,,,,South Africa,ZAF,
BIOCON,1991,55,1,3658,T,C,Whitmore,T C Whitmore,EB,SE,,,,,UK,GBR,
BIOCON,1991,55,1,3822,WJ,,WOLFF,WJ WOLFF,EB,SE,,,,,Netherlands,NLD,
BIOCON,1992,59,1,1054,F,G,Bernaldez,F G Bernaldez,EB,SE,,,,,Spain,ESP,
BIOCON,1992,59,1,398,C,,BIBBY,C BIBBY,EB,SE,,,,,UK,GBR,
BIOCON,1992,59,1,34,AW,Fabio,Cassola,AW Fabio Cassola,EB,SE,,,,,Italy,ITA,
BIOCON,1992,59,1,3832,YONG-LIN,,CHEN,YONG-LIN CHEN,EB,SE,,,,,China,CHN,
BIOCON,1992,59,1,2333,M,J,COE,M J COE,EB,SE,,,,,UK,GBR,
BIOCON,1992,59,1,260,B,NK,Davis,B NK Davis,AE,AE,,,,,UK,GBR,
BIOCON,1992,59,1,958,Eric,,Duffey,Eric Duffey,EIC,EIC,,,,,UK,GBR,
BIOCON,1992,59,1,3738,W,,ERZ,W ERZ,EB,SE,,,,,Germany,DEU,
BIOCON,1992,59,1,1595,JOHN,A,GIBB,JOHN A GIBB,EB,SE,,,,,New Zealand,NZL,
BIOCON,1992,59,1,2164,Lennart,,Hansson,Lennart Hansson,EB,SE,,,,,Sweden,SWE,
BIOCON,1992,59,1,1626,J,,HARWOOD,J HARWOOD,EB,SE,,,,,UK,GBR,
BIOCON,1992,59,1,2473,MARTIN,K,MCNICHOLL,MARTIN K MCNICHOLL,EB,SE,,,,,Canada,CAN,
BIOCON,1992,59,1,2050,K,,MELLANBY,K MELLANBY,EB,SE,,,,,UK,GBR,
BIOCON,1992,59,1,793,DJ,,MORAFKA,DJ MORAFKA,EB,SE,,,,,USA,USA,
BIOCON,1992,59,1,2875,PETER,B,MOYLE,PETER B MOYLE,EB,SE,,,,,USA,USA,
BIOCON,1992,59,1,3614,Tim,R,New,Tim R New,EB,SE,,,,,Australia,AUS,
BIOCON,1992,59,1,333,B,,NIEVERGELT,B NIEVERGELT,EB,SE,,,,,Switzerland,CHE,
BIOCON,1992,59,1,3840,Y,,ONO,Y ONO,EB,SE,,,,,Japan,JPN,
BIOCON,1992,59,1,1121,F,,RAMADE,F RAMADE,EB,SE,,,,,France,FRA,
BIOCON,1992,59,1,566,CM,,SCHONEWALD,CM SCHONEWALD,AE,AE,,,,,USA,USA,
BIOCON,1992,59,1,3798,WR,,SIEGFRIED,WR SIEGFRIED,EB,SE,,,,,South Africa,ZAF,
BIOCON,1992,59,1,3658,T,C,Whitmore,T C Whitmore,EB,SE,University of Cambridge,NoUnit,Cambridge,,UK,GBR,
BIOCON,1992,59,1,3822,WJ,,WOLFF,WJ WOLFF,EB,SE,,,,,Netherlands,NLD,
BIOCON,1993,64,1,398,C,,BIBBY,C BIBBY,EB,SE,,,,,UK,GBR,
BIOCON,1993,64,1,2774,PA,,BUCKLEY,PA BUCKLEY,EB,SE,University of Rhode Island,NoUnit,Narragansett,Rhode Island,USA,USA,
BIOCON,1993,64,1,34,AW,Fabio,Cassola,AW Fabio Cassola,EB,SE,,,,,Italy,ITA,
BIOCON,1993,64,1,3832,YONG-LIN,,CHEN,YONG-LIN CHEN,EB,SE,,,,,China,CHN,
BIOCON,1993,64,1,2333,M,J,COE,M J COE,EB,SE,,,,,UK,GBR,
BIOCON,1993,64,1,260,B,NK,Davis,B NK Davis,SE,SE,,,,,UK,GBR,
BIOCON,1993,64,1,958,Eric,,Duffey,Eric Duffey,EIC,EIC,,,,,UK,GBR,
BIOCON,1993,64,1,3738,W,,ERZ,W ERZ,EB,SE,,,,,Germany,DEU,
BIOCON,1993,64,1,2806,P,,FIELDER,P FIELDER,AE,AE,San Francisco State University,Biology,San Francisco,California,USA,USA,
BIOCON,1993,64,1,1595,JOHN,A,GIBB,JOHN A GIBB,EB,SE,,,,,New Zealand,NZL,
BIOCON,1993,64,1,2164,Lennart,,Hansson,Lennart Hansson,EB,SE,,,,,Sweden,SWE,
BIOCON,1993,64,1,1626,J,,HARWOOD,J HARWOOD,EB,SE,,,,,UK,GBR,
BIOCON,1993,64,1,2199,LYNN,A,MAGUIRE,LYNN A MAGUIRE,EB,SE,Duke University,NoUnit,Durham,North Carolina,USA,USA,
BIOCON,1993,64,1,2473,MARTIN,K,MCNICHOLL,MARTIN K MCNICHOLL,EB,SE,,,,,Canada,CAN,
BIOCON,1993,64,1,2672,NC,,MORGAN,NC MORGAN,EB,SE,,,,,UK,GBR,
BIOCON,1993,64,1,2875,PETER,B,MOYLE,PETER B MOYLE,EB,SE,,,,,USA,USA,
BIOCON,1993,64,1,3614,Tim,R,New,Tim R New,SE,SE,,,,,Australia,AUS,
BIOCON,1993,64,1,333,B,,NIEVERGELT,B NIEVERGELT,EB,SE,,,,,Switzerland,CHE,
BIOCON,1993,64,1,1121,F,,RAMADE,F RAMADE,EB,SE,,,,,France,FRA,
BIOCON,1993,64,1,566,CM,,SCHONEWALD,CM SCHONEWALD,SE,SE,,,,,USA,USA,
BIOCON,1993,64,1,1862,JOHN,,SEIDENSTZICKER,JOHN SEIDENSTZICKER,EB,SE,Smithsonian Institute,National Zoological Park,Washington,DC,USA,USA,
BIOCON,1993,64,1,3798,WR,,SIEGFRIED,WR SIEGFRIED,EB,SE,,,,,South Africa,ZAF,
BIOCON,1993,64,1,2093,K,SHAWN,SMALLWOOD,K SHAWN SMALLWOOD,EB,SE,University of California Davis,NoUnit,Davis,California,USA,USA,
BIOCON,1993,64,1,3658,T,C,Whitmore,T C Whitmore,EB,SE,,,,,UK,GBR,
BIOCON,1993,64,1,3822,WJ,,WOLFF,WJ WOLFF,EB,SE,,,,,Netherlands,NLD,
BIOCON,1993,64,1,3255,R,Gerald,Wright,R Gerald Wright,EB,SE,University of Idaho,NoUnit,Moscow,Idaho,USA,USA,
BIOCON,1994,67,1,398,C,,BIBBY,C BIBBY,EB,SE,Birdlife International,NoUnit,Cambridge,,UK,GBR,
BIOCON,1994,67,1,2774,PA,,BUCKLEY,PA BUCKLEY,EB,SE,,,,,USA,USA,
BIOCON,1994,67,1,34,AW,Fabio,Cassola,AW Fabio Cassola,EB,SE,,,,,Italy,ITA,
BIOCON,1994,67,1,3832,YONG-LIN,,CHEN,YONG-LIN CHEN,EB,SE,,,,,China,CHN,
BIOCON,1994,67,1,2333,M,J,COE,M J COE,EB,SE,,,,,UK,GBR,
BIOCON,1994,67,1,260,B,NK,Davis,B NK Davis,SE,SE,,,,,UK,GBR,
BIOCON,1994,67,1,958,Eric,,Duffey,Eric Duffey,EIC,EIC,,,,,UK,GBR,
BIOCON,1994,67,1,2806,P,,FIELDER,P FIELDER,AE,AE,,,,,USA,USA,
BIOCON,1994,67,1,1595,JOHN,A,GIBB,JOHN A GIBB,EB,SE,,,,,New Zealand,NZL,
BIOCON,1994,67,1,462,C,,GOMEZ-CAMPO,C GOMEZ-CAMPO,EB,SE,Universidad Politecnica de Madrid,NoUnit,Madrid,,Spain,ESP,
BIOCON,1994,67,1,2164,Lennart,,Hansson,Lennart Hansson,EB,SE,,,,,Sweden,SWE,
BIOCON,1994,67,1,1626,J,,HARWOOD,J HARWOOD,EB,SE,,,,,UK,GBR,
BIOCON,1994,67,1,489,C,,JERMY,C JERMY,EB,SE,Natural History Museum,NoUnit,London,,USA,USA,
BIOCON,1994,67,1,2199,LYNN,A,MAGUIRE,LYNN A MAGUIRE,EB,SE,,,,,USA,USA,
BIOCON,1994,67,1,2672,NC,,MORGAN,NC MORGAN,EB,SE,,,,,UK,GBR,
BIOCON,1994,67,1,2875,PETER,B,MOYLE,PETER B MOYLE,EB,SE,,,,,USA,USA,
BIOCON,1994,67,1,3614,Tim,R,New,Tim R New,SE,SE,,,,,Australia,AUS,
BIOCON,1994,67,1,333,B,,NIEVERGELT,B NIEVERGELT,EB,SE,,,,,Switzerland,CHE,
BIOCON,1994,67,1,1121,F,,RAMADE,F RAMADE,EB,SE,,,,,France,FRA,
BIOCON,1994,67,1,566,CM,,SCHONEWALD,CM SCHONEWALD,SE,SE,University of California Davis,Division of Environmental Studies,Davis,California,USA,USA,
BIOCON,1994,67,1,1862,JOHN,,SEIDENSTZICKER,JOHN SEIDENSTZICKER,EB,SE,,,,,USA,USA,
BIOCON,1994,67,1,3798,WR,,SIEGFRIED,WR SIEGFRIED,EB,SE,,,,,South Africa,ZAF,
BIOCON,1994,67,1,2093,K,SHAWN,SMALLWOOD,K SHAWN SMALLWOOD,EB,SE,,,,,USA,USA,
BIOCON,1994,67,1,3658,T,C,Whitmore,T C Whitmore,EB,SE,,,,,UK,GBR,
BIOCON,1994,67,1,3822,WJ,,WOLFF,WJ WOLFF,EB,SE,,,,,Netherlands,NLD,
BIOCON,1994,67,1,3255,R,Gerald,Wright,R Gerald Wright,EB,SE,,,,,USA,USA,
BIOCON,1995,71,1,398,C,,BIBBY,C BIBBY,EB,SE,,,,,UK,GBR,
BIOCON,1995,71,1,2774,PA,,BUCKLEY,PA BUCKLEY,EB,SE,,,,,USA,USA,
BIOCON,1995,71,1,34,AW,Fabio,Cassola,AW Fabio Cassola,EB,SE,,,,,Italy,ITA,
BIOCON,1995,71,1,3832,YONG-LIN,,CHEN,YONG-LIN CHEN,EB,SE,,,,,China,CHN,
BIOCON,1995,71,1,2333,M,J,COE,M J COE,EB,SE,,,,,UK,GBR,
BIOCON,1995,71,1,260,B,NK,Davis,B NK Davis,SE,SE,NoInst,NoUnit,Huntingdon,,UK,GBR,
BIOCON,1995,71,1,958,Eric,,Duffey,Eric Duffey,EIC,EIC,,,,,UK,GBR,
BIOCON,1995,71,1,2806,P,,FIELDER,P FIELDER,EB,SE,,,,,USA,USA,
BIOCON,1995,71,1,1595,JOHN,A,GIBB,JOHN A GIBB,EB,SE,NoInst,NoUnit,Lower Hutt,,New Zealand,NZL,
BIOCON,1995,71,1,462,C,,GOMEZ-CAMPO,C GOMEZ-CAMPO,EB,SE,,,,,Spain,ESP,
BIOCON,1995,71,1,2164,Lennart,,Hansson,Lennart Hansson,EB,SE,,,,,Sweden,SWE,
BIOCON,1995,71,1,1626,J,,HARWOOD,J HARWOOD,EB,SE,,,,,UK,GBR,
BIOCON,1995,71,1,2830,PAR,,HOCKEY,PAR HOCKEY,EB,SE,,,,,South Africa,ZAF,Not an editor until 1997
BIOCON,1995,71,1,489,C,,JERMY,C JERMY,EB,SE,,,,,USA,USA,
BIOCON,1995,71,1,2199,LYNN,A,MAGUIRE,LYNN A MAGUIRE,EB,SE,,,,,USA,USA,
BIOCON,1995,71,1,2672,NC,,MORGAN,NC MORGAN,EB,SE,,,,,UK,GBR,
BIOCON,1995,71,1,2875,PETER,B,MOYLE,PETER B MOYLE,EB,SE,,,,,USA,USA,
BIOCON,1995,71,1,3614,Tim,R,New,Tim R New,SE,SE,,,,,Australia,AUS,
BIOCON,1995,71,1,333,B,,NIEVERGELT,B NIEVERGELT,EB,SE,,,,,Switzerland,CHE,
BIOCON,1995,71,1,1121,F,,RAMADE,F RAMADE,EB,SE,,,,,France,FRA,
BIOCON,1995,71,1,566,CM,,SCHONEWALD,CM SCHONEWALD,SE,SE,,,,,USA,USA,
BIOCON,1995,71,1,1862,JOHN,,SEIDENSTZICKER,JOHN SEIDENSTZICKER,EB,SE,,,,,USA,USA,
BIOCON,1995,71,1,3798,WR,,SIEGFRIED,WR SIEGFRIED,EB,SE,,,,,South Africa,ZAF,
BIOCON,1995,71,1,2093,K,SHAWN,SMALLWOOD,K SHAWN SMALLWOOD,EB,SE,,,,,USA,USA,
BIOCON,1995,71,1,3658,T,C,Whitmore,T C Whitmore,EB,SE,,,,,UK,GBR,
BIOCON,1995,71,1,3822,WJ,,WOLFF,WJ WOLFF,EB,SE,,,,,Netherlands,NLD,
BIOCON,1995,71,1,3255,R,Gerald,Wright,R Gerald Wright,EB,SE,,,,,USA,USA,
BIOCON,1996,75,1,398,C,,BIBBY,C BIBBY,EB,SE,,,,,UK,GBR,
BIOCON,1996,75,1,2774,PA,,BUCKLEY,PA BUCKLEY,EB,SE,,,,,USA,USA,
BIOCON,1996,75,1,34,AW,Fabio,Cassola,AW Fabio Cassola,EB,SE,,,,,Italy,ITA,
BIOCON,1996,75,1,3832,YONG-LIN,,CHEN,YONG-LIN CHEN,EB,SE,,,,,China,CHN,
BIOCON,1996,75,1,2333,M,J,COE,M J COE,EB,SE,,,,,UK,GBR,
BIOCON,1996,75,1,260,B,NK,Davis,B NK Davis,SE,SE,,,,,UK,GBR,
BIOCON,1996,75,1,58,Andrew,P,Dobson,Andrew P Dobson,SE,SE,Princeton University,Ecology and Evoloutionary Biology,Princeton,New Jersey,USA,USA,
BIOCON,1996,75,1,958,Eric,,Duffey,Eric Duffey,EIC,EIC,,,,,UK,GBR,
BIOCON,1996,75,1,2806,P,,FIELDER,P FIELDER,EB,SE,,,,,USA,USA,
BIOCON,1996,75,1,1595,JOHN,A,GIBB,JOHN A GIBB,EB,SE,,,,,New Zealand,NZL,
BIOCON,1996,75,1,462,C,,GOMEZ-CAMPO,C GOMEZ-CAMPO,EB,SE,,,,,Spain,ESP,
BIOCON,1996,75,1,2164,Lennart,,Hansson,Lennart Hansson,EB,SE,,,,,Sweden,SWE,
BIOCON,1996,75,1,1626,J,,HARWOOD,J HARWOOD,EB,SE,,,,,UK,GBR,
BIOCON,1996,75,1,2830,PAR,,HOCKEY,PAR HOCKEY,EB,SE,,,,,South Africa,ZAF,Not an editor until 1997
BIOCON,1996,75,1,489,C,,JERMY,C JERMY,EB,SE,,,,,USA,USA,
BIOCON,1996,75,1,2199,LYNN,A,MAGUIRE,LYNN A MAGUIRE,EB,SE,,,,,USA,USA,
BIOCON,1996,75,1,2672,NC,,MORGAN,NC MORGAN,EB,SE,,,,,UK,GBR,
BIOCON,1996,75,1,2875,PETER,B,MOYLE,PETER B MOYLE,EB,SE,,,,,USA,USA,
BIOCON,1996,75,1,3614,Tim,R,New,Tim R New,SE,SE,,,,,Australia,AUS,
BIOCON,1996,75,1,333,B,,NIEVERGELT,B NIEVERGELT,EB,SE,,,,,Switzerland,CHE,
BIOCON,1996,75,1,1121,F,,RAMADE,F RAMADE,EB,SE,,,,,France,FRA,
BIOCON,1996,75,1,1862,JOHN,,SEIDENSTZICKER,JOHN SEIDENSTZICKER,EB,SE,,,,,USA,USA,
BIOCON,1996,75,1,2093,K,SHAWN,SMALLWOOD,K SHAWN SMALLWOOD,EB,SE,NoInst,NoUnit,Davis,California,USA,USA,
BIOCON,1996,75,1,3658,T,C,Whitmore,T C Whitmore,EB,SE,,,,,UK,GBR,
BIOCON,1996,75,1,3822,WJ,,WOLFF,WJ WOLFF,EB,SE,,,,,Netherlands,NLD,
BIOCON,1996,75,1,3255,R,Gerald,Wright,R Gerald Wright,EB,SE,,,,,USA,USA,
BIOCON,1997,79,1,1388,I,,ATKINSON,I ATKINSON,EB,SE,,,,,New Zealand,NZL,Begins in 1998
BIOCON,1997,79,1,398,C,,BIBBY,C BIBBY,EB,SE,,,,,UK,GBR,
BIOCON,1997,79,1,2774,PA,,BUCKLEY,PA BUCKLEY,EB,SE,,,,,USA,USA,
BIOCON,1997,79,1,34,AW,Fabio,Cassola,AW Fabio Cassola,EB,SE,,,,,Italy,ITA,
BIOCON,1997,79,1,3832,YONG-LIN,,CHEN,YONG-LIN CHEN,EB,SE,,,,,China,CHN,
BIOCON,1997,79,1,2333,M,J,COE,M J COE,EB,SE,,,,,UK,GBR,
BIOCON,1997,79,1,260,B,NK,Davis,B NK Davis,SE,SE,,,,,UK,GBR,
BIOCON,1997,79,1,58,Andrew,P,Dobson,Andrew P Dobson,SE,SE,,,,,USA,USA,
BIOCON,1997,79,1,958,Eric,,Duffey,Eric Duffey,EIC,EIC,,,,,UK,GBR,
BIOCON,1997,79,1,2806,P,,FIELDER,P FIELDER,EB,SE,,,,,USA,USA,
BIOCON,1997,79,1,462,C,,GOMEZ-CAMPO,C GOMEZ-CAMPO,EB,SE,,,,,Spain,ESP,
BIOCON,1997,79,1,2164,Lennart,,Hansson,Lennart Hansson,EB,SE,,,,,Sweden,SWE,
BIOCON,1997,79,1,2399,M,,HARRISON,M HARRISON,EB,SE,,,,,UK,GBR,
BIOCON,1997,79,1,2830,PAR,,HOCKEY,PAR HOCKEY,EB,SE,,,,,South Africa,ZAF,
BIOCON,1997,79,1,3108,Robert,L,Jefferies,Robert L Jefferies,EB,SE,,,,,Canada,CAN,Does not begin until 1998
BIOCON,1997,79,1,489,C,,JERMY,C JERMY,EB,SE,,,,,USA,USA,
BIOCON,1997,79,1,2199,LYNN,A,MAGUIRE,LYNN A MAGUIRE,EB,SE,,,,,USA,USA,
BIOCON,1997,79,1,2672,NC,,MORGAN,NC MORGAN,EB,SE,,,,,UK,GBR,
BIOCON,1997,79,1,2875,PETER,B,MOYLE,PETER B MOYLE,EB,SE,,,,,USA,USA,
BIOCON,1997,79,1,3614,Tim,R,New,Tim R New,SE,SE,,,,,Australia,AUS,
BIOCON,1997,79,1,333,B,,NIEVERGELT,B NIEVERGELT,EB,SE,,,,,Switzerland,CHE,
BIOCON,1997,79,1,1121,F,,RAMADE,F RAMADE,EB,SE,,,,,France,FRA,
BIOCON,1997,79,1,1862,JOHN,,SEIDENSTZICKER,JOHN SEIDENSTZICKER,EB,SE,,,,,USA,USA,
BIOCON,1997,79,1,2093,K,SHAWN,SMALLWOOD,K SHAWN SMALLWOOD,EB,SE,,,,,USA,USA,
BIOCON,1997,79,1,3658,T,C,Whitmore,T C Whitmore,EB,SE,,,,,UK,GBR,
BIOCON,1997,79,1,3822,WJ,,WOLFF,WJ WOLFF,EB,SE,,,,,Netherlands,NLD,
BIOCON,1997,79,1,3255,R,Gerald,Wright,R Gerald Wright,EB,SE,,,,,USA,USA,
BIOCON,1998,83,1,1388,I,,ATKINSON,I ATKINSON,EB,SE,Ecological Research Associates of New Zealand,NoUnit,NoCity,,New Zealand,NZL,
BIOCON,1998,83,1,398,C,,BIBBY,C BIBBY,EB,SE,,,,,UK,GBR,
BIOCON,1998,83,1,2774,PA,,BUCKLEY,PA BUCKLEY,EB,SE,,,,,USA,USA,
BIOCON,1998,83,1,34,AW,Fabio,Cassola,AW Fabio Cassola,EB,SE,Ministry of the Environment,,Rome,,Italy,ITA,
BIOCON,1998,83,1,3832,YONG-LIN,,CHEN,YONG-LIN CHEN,EB,SE,,,,,China,CHN,
BIOCON,1998,83,1,2333,M,J,COE,M J COE,EB,SE,,,,,UK,GBR,
BIOCON,1998,83,1,260,B,NK,Davis,B NK Davis,SE,SE,,,,,UK,GBR,
BIOCON,1998,83,1,3041,Rodolfo,,Dirzo,Rodolfo Dirzo,EB,SE,,,,,USA,USA,Begins in 1999
BIOCON,1998,83,1,958,Eric,,Duffey,Eric Duffey,EIC,EIC,,,,,UK,GBR,
BIOCON,1998,83,1,2806,P,,FIELDER,P FIELDER,EB,SE,,,,,USA,USA,
BIOCON,1998,83,1,462,C,,GOMEZ-CAMPO,C GOMEZ-CAMPO,EB,SE,,,,,Spain,ESP,
BIOCON,1998,83,1,471,Craig,,Guyer,Craig Guyer,EB,SE,,,,,USA,USA,Begins in 1999
BIOCON,1998,83,1,2164,Lennart,,Hansson,Lennart Hansson,EB,SE,,,,,Sweden,SWE,
BIOCON,1998,83,1,2399,M,,HARRISON,M HARRISON,EB,SE,,,,,UK,GBR,Begins in 1999
BIOCON,1998,83,1,1626,J,,HARWOOD,J HARWOOD,EB,SE,,,,,UK,GBR,
BIOCON,1998,83,1,3355,Stephen,J,Hawkins,Stephen J Hawkins,EB,SE,,,,,UK,GBR,
BIOCON,1998,83,1,2830,PAR,,HOCKEY,PAR HOCKEY,EB,SE,,,,,South Africa,ZAF,
BIOCON,1998,83,1,3108,Robert,L,Jefferies,Robert L Jefferies,EB,SE,University of Toronto,NoUnit,Toronto,Ontario,Canada,CAN,
BIOCON,1998,83,1,489,C,,JERMY,C JERMY,EB,SE,,,,,USA,USA,
BIOCON,1998,83,1,3763,William,F,Laurance,William F Laurance,EB,SE,,,,,Brazil,BRA,
BIOCON,1998,83,1,2454,M,,LOMOLINO,M LOMOLINO,EB,SE,,,,,USA,USA,
BIOCON,1998,83,1,3143,R,H,Marrs,R H Marrs,EB,SE,,,,,UK,GBR,Begins in 1999
BIOCON,1998,83,1,2672,NC,,MORGAN,NC MORGAN,EB,SE,,,,,UK,GBR,
BIOCON,1998,83,1,2875,PETER,B,MOYLE,PETER B MOYLE,EB,SE,,,,,USA,USA,
BIOCON,1998,83,1,3614,Tim,R,New,Tim R New,SE,SE,,,,,Australia,AUS,
BIOCON,1998,83,1,333,B,,NIEVERGELT,B NIEVERGELT,EB,SE,,,,,Switzerland,CHE,
BIOCON,1998,83,1,1244,George,F,Peterken,George F Peterken,EB,SE,,,,,UK,GBR,
BIOCON,1998,83,1,1121,F,,RAMADE,F RAMADE,EB,SE,,,,,France,FRA,
BIOCON,1998,83,1,1862,JOHN,,SEIDENSTZICKER,JOHN SEIDENSTZICKER,EB,SE,,,,,USA,USA,
BIOCON,1998,83,1,3658,T,C,Whitmore,T C Whitmore,EB,SE,,,,,UK,GBR,
BIOCON,1998,83,1,3822,WJ,,WOLFF,WJ WOLFF,EB,SE,,,,,Netherlands,NLD,
BIOCON,1999,87,1,1388,I,,ATKINSON,I ATKINSON,EB,SE,,,,,New Zealand,NZL,
BIOCON,1999,87,1,398,C,,BIBBY,C BIBBY,EB,SE,,,,,UK,GBR,
BIOCON,1999,87,1,2774,PA,,BUCKLEY,PA BUCKLEY,EB,SE,,,,,USA,USA,
BIOCON,1999,87,1,34,AW,Fabio,Cassola,AW Fabio Cassola,EB,SE,NoInst,NoUnit,Rome,,Italy,ITA,
BIOCON,1999,87,1,3832,YONG-LIN,,CHEN,YONG-LIN CHEN,EB,SE,,,,,China,CHN,
BIOCON,1999,87,1,2333,M,J,COE,M J COE,EB,SE,,,,,UK,GBR,
BIOCON,1999,87,1,260,B,NK,Davis,B NK Davis,SE,SE,,,,,UK,GBR,
BIOCON,1999,87,1,3041,Rodolfo,,Dirzo,Rodolfo Dirzo,EB,SE,Northern Arizona University,NoUnit,Flagstaff,Arizona,USA,USA,
BIOCON,1999,87,1,958,Eric,,Duffey,Eric Duffey,EIC,EIC,NoInst,NoUnit,Bussiere Poitevine,,France,FRA,
BIOCON,1999,87,1,2806,P,,FIELDER,P FIELDER,EB,SE,,,,,USA,USA,
BIOCON,1999,87,1,462,C,,GOMEZ-CAMPO,C GOMEZ-CAMPO,EB,SE,,,,,Spain,ESP,
BIOCON,1999,87,1,471,Craig,,Guyer,Craig Guyer,EB,SE,Auburn University,Zoology,Auburn,Alabama,USA,USA,
BIOCON,1999,87,1,2164,Lennart,,Hansson,Lennart Hansson,EB,SE,,,,,Sweden,SWE,
BIOCON,1999,87,1,2399,M,,HARRISON,M HARRISON,EB,SE,LTS International Ltd,NoUnit,Penicuik,,UK,GBR,
BIOCON,1999,87,1,1626,J,,HARWOOD,J HARWOOD,EB,SE,,,,,UK,GBR,
BIOCON,1999,87,1,2830,PAR,,HOCKEY,PAR HOCKEY,EB,SE,,,,,South Africa,ZAF,
BIOCON,1999,87,1,3108,Robert,L,Jefferies,Robert L Jefferies,EB,SE,,,,,Canada,CAN,
BIOCON,1999,87,1,489,C,,JERMY,C JERMY,EB,SE,,,,,USA,USA,
BIOCON,1999,87,1,3763,William,F,Laurance,William F Laurance,EB,SE,Biological Dynamics of Forest Fragments Project,,Manaus,,Brazil,BRA,
BIOCON,1999,87,1,2454,M,,LOMOLINO,M LOMOLINO,EB,SE,University of Oklahoma,NoUnit,Norman,Oklahoma,USA,USA,
BIOCON,1999,87,1,2199,LYNN,A,MAGUIRE,LYNN A MAGUIRE,EB,SE,,,,,USA,USA,
BIOCON,1999,87,1,3143,R,H,Marrs,R H Marrs,EB,SE,University of Liverpool,NoUnit,Liverpool,,UK,GBR,
BIOCON,1999,87,1,2672,NC,,MORGAN,NC MORGAN,EB,SE,,,,,UK,GBR,
BIOCON,1999,87,1,2875,PETER,B,MOYLE,PETER B MOYLE,EB,SE,,,,,USA,USA,
BIOCON,1999,87,1,3614,Tim,R,New,Tim R New,SE,SE,,,,,Australia,AUS,
BIOCON,1999,87,1,333,B,,NIEVERGELT,B NIEVERGELT,EB,SE,,,,,Switzerland,CHE,
BIOCON,1999,87,1,1244,George,F,Peterken,George F Peterken,EB,SE,NoInst,NoUnit,Lydney,,UK,GBR,
BIOCON,1999,87,1,1121,F,,RAMADE,F RAMADE,EB,SE,,,,,France,FRA,
BIOCON,1999,87,1,3921,Mark,W,Schwartz,Mark W Schwartz,SE,SE,University of California Davis,Center for Population Biology,Davis,California,USA,USA,
BIOCON,1999,87,1,1862,JOHN,,SEIDENSTZICKER,JOHN SEIDENSTZICKER,EB,SE,,,,,USA,USA,
BIOCON,1999,87,1,3658,T,C,Whitmore,T C Whitmore,EB,SE,,,,,UK,GBR,
BIOCON,1999,87,1,3822,WJ,,WOLFF,WJ WOLFF,EB,SE,,,,,Netherlands,NLD,
BIOCON,1999,87,1,3255,R,Gerald,Wright,R Gerald Wright,SE,SE,University of Idaho,Wildlife Resources,Moscow,Idaho,USA,USA,Delete from 1999
BIOCON,2000,92,1,1388,I,,ATKINSON,I ATKINSON,EB,SE,,,,,New Zealand,NZL,
BIOCON,2000,92,1,398,C,,BIBBY,C BIBBY,EB,SE,,,,,UK,GBR,
BIOCON,2000,92,1,2774,PA,,BUCKLEY,PA BUCKLEY,EB,SE,,,,,USA,USA,
BIOCON,2000,92,1,34,AW,Fabio,Cassola,AW Fabio Cassola,EB,SE,,,,,Italy,ITA,
BIOCON,2000,92,1,3832,YONG-LIN,,CHEN,YONG-LIN CHEN,EB,SE,,,,,China,CHN,
BIOCON,2000,92,1,260,B,NK,Davis,B NK Davis,EIC,EIC,,,,,UK,GBR,
BIOCON,2000,92,1,3041,Rodolfo,,Dirzo,Rodolfo Dirzo,EB,SE,,,,,USA,USA,
BIOCON,2000,92,1,958,Eric,,Duffey,Eric Duffey,EB,SE,,,,,France,FRA,
BIOCON,2000,92,1,2806,P,,FIELDER,P FIELDER,EB,SE,,,,,USA,USA,
BIOCON,2000,92,1,462,C,,GOMEZ-CAMPO,C GOMEZ-CAMPO,EB,SE,,,,,Spain,ESP,
BIOCON,2000,92,1,471,Craig,,Guyer,Craig Guyer,EB,SE,,,,,USA,USA,
BIOCON,2000,92,1,2164,Lennart,,Hansson,Lennart Hansson,EB,SE,,,,,Sweden,SWE,
BIOCON,2000,92,1,2399,M,,HARRISON,M HARRISON,EB,SE,,,,,UK,GBR,
BIOCON,2000,92,1,1626,J,,HARWOOD,J HARWOOD,EB,SE,,,,,UK,GBR,
BIOCON,2000,92,1,3355,Stephen,J,Hawkins,Stephen J Hawkins,EB,SE,University of Southampton,NoUnit,Southampton,,UK,GBR,
BIOCON,2000,92,1,2830,PAR,,HOCKEY,PAR HOCKEY,EB,SE,,,,,South Africa,ZAF,
BIOCON,2000,92,1,3108,Robert,L,Jefferies,Robert L Jefferies,EB,SE,,,,,Canada,CAN,
BIOCON,2000,92,1,489,C,,JERMY,C JERMY,EB,SE,NoInst,NoUnit,Hereford,,USA,USA,
BIOCON,2000,92,1,3763,William,F,Laurance,William F Laurance,EB,SE,Biological Dynamics of Forest Fragments Project,,Manaus,,Brazil,BRA,
BIOCON,2000,92,1,2454,M,,LOMOLINO,M LOMOLINO,EB,SE,,,,,USA,USA,
BIOCON,2000,92,1,2199,LYNN,A,MAGUIRE,LYNN A MAGUIRE,EB,SE,,,,,USA,USA,
BIOCON,2000,92,1,3143,R,H,Marrs,R H Marrs,SE,SE,University of Liverpool,Biological Science,Liverpool,,UK,GBR,
BIOCON,2000,92,1,2672,NC,,MORGAN,NC MORGAN,EB,SE,,,,,UK,GBR,
BIOCON,2000,92,1,2875,PETER,B,MOYLE,PETER B MOYLE,EB,SE,,,,,USA,USA,
BIOCON,2000,92,1,3614,Tim,R,New,Tim R New,SE,SE,,,,,Australia,AUS,
BIOCON,2000,92,1,1244,George,F,Peterken,George F Peterken,EB,SE,,,,,UK,GBR,
BIOCON,2000,92,1,2896,Peter,,Poschlod,Peter Poschlod,EB,SE,Philipps-University,Biology,Marburg,,Germany,DEU,
BIOCON,2000,92,1,1121,F,,RAMADE,F RAMADE,EB,SE,,,,,France,FRA,
BIOCON,2000,92,1,3921,Mark,W,Schwartz,Mark W Schwartz,SE,SE,University of California Davis,Environmental Sciences and Policy,Davis,California,USA,USA,
BIOCON,2000,92,1,2556,M,J,Scott,M J Scott,EB,SE,University of Idaho,Idaho Cooperative Fish and Wildlife Research Unit,Moscow,Idaho,USA,USA,
BIOCON,2000,92,1,3822,WJ,,WOLFF,WJ WOLFF,EB,SE,University of Groningen,Marine Biology,Haren,,Netherlands,NLD,
BIOCON,2000,92,1,3255,R,Gerald,Wright,R Gerald Wright,SE,SE,,,,,USA,USA,
BIOCON,2001,97,1,1388,I,,ATKINSON,I ATKINSON,EB,SE,,,,,New Zealand,NZL,
BIOCON,2001,97,1,398,C,,BIBBY,C BIBBY,EB,SE,,,,,UK,GBR,
BIOCON,2001,97,1,2774,PA,,BUCKLEY,PA BUCKLEY,EB,SE,,,,,USA,USA,
BIOCON,2001,97,1,34,AW,Fabio,Cassola,AW Fabio Cassola,EB,SE,,,,,Italy,ITA,
BIOCON,2001,97,1,3832,YONG-LIN,,CHEN,YONG-LIN CHEN,EB,SE,,,,,China,CHN,
BIOCON,2001,97,1,260,B,NK,Davis,B NK Davis,EIC,EIC,,,,,UK,GBR,
BIOCON,2001,97,1,3041,Rodolfo,,Dirzo,Rodolfo Dirzo,EB,SE,,,,,USA,USA,
BIOCON,2001,97,1,958,Eric,,Duffey,Eric Duffey,EB,SE,,,,,France,FRA,
BIOCON,2001,97,1,2806,P,,FIELDER,P FIELDER,EB,SE,,,,,USA,USA,
BIOCON,2001,97,1,462,C,,GOMEZ-CAMPO,C GOMEZ-CAMPO,EB,SE,,,,,Spain,ESP,
BIOCON,2001,97,1,471,Craig,,Guyer,Craig Guyer,EB,SE,,,,,USA,USA,
BIOCON,2001,97,1,2164,Lennart,,Hansson,Lennart Hansson,EB,SE,,,,,Sweden,SWE,
BIOCON,2001,97,1,2399,M,,HARRISON,M HARRISON,EB,SE,,,,,UK,GBR,
BIOCON,2001,97,1,1626,J,,HARWOOD,J HARWOOD,EB,SE,,,,,UK,GBR,
BIOCON,2001,97,1,3355,Stephen,J,Hawkins,Stephen J Hawkins,EB,SE,,,,,UK,GBR,
BIOCON,2001,97,1,2830,PAR,,HOCKEY,PAR HOCKEY,EB,SE,,,,,South Africa,ZAF,
BIOCON,2001,97,1,3108,Robert,L,Jefferies,Robert L Jefferies,EB,SE,,,,,Canada,CAN,
BIOCON,2001,97,1,489,C,,JERMY,C JERMY,EB,SE,,,,,USA,USA,
BIOCON,2001,97,1,3763,William,F,Laurance,William F Laurance,EB,SE,,,,,Brazil,BRA,
BIOCON,2001,97,1,2454,M,,LOMOLINO,M LOMOLINO,EB,SE,,,,,USA,USA,
BIOCON,2001,97,1,2199,LYNN,A,MAGUIRE,LYNN A MAGUIRE,EB,SE,,,,,USA,USA,
BIOCON,2001,97,1,3143,R,H,Marrs,R H Marrs,SE,SE,,,,,UK,GBR,
BIOCON,2001,97,1,2672,NC,,MORGAN,NC MORGAN,EB,SE,NoInst,NoUnit,Selkirk,Scotland,UK,GBR,
BIOCON,2001,97,1,2875,PETER,B,MOYLE,PETER B MOYLE,EB,SE,,,,,USA,USA,
BIOCON,2001,97,1,3614,Tim,R,New,Tim R New,SE,SE,,,,,Australia,AUS,
BIOCON,2001,97,1,1244,George,F,Peterken,George F Peterken,EB,SE,,,,,UK,GBR,
BIOCON,2001,97,1,2896,Peter,,Poschlod,Peter Poschlod,EB,SE,,,,,Germany,DEU,
BIOCON,2001,97,1,1121,F,,RAMADE,F RAMADE,EB,SE,,,,,France,FRA,
BIOCON,2001,97,1,3921,Mark,W,Schwartz,Mark W Schwartz,SE,SE,,,,,USA,USA,
BIOCON,2001,97,1,2556,M,J,Scott,M J Scott,EB,SE,,,,,USA,USA,
BIOCON,2001,97,1,3822,WJ,,WOLFF,WJ WOLFF,EB,SE,,,,,Netherlands,NLD,
BIOCON,2001,97,1,3255,R,Gerald,Wright,R Gerald Wright,SE,SE,,,,,USA,USA,
BIOCON,2002,103,1,1388,I,,ATKINSON,I ATKINSON,EB,SE,,,,,New Zealand,NZL,
BIOCON,2002,103,1,398,C,,BIBBY,C BIBBY,EB,SE,,,,,UK,GBR,
BIOCON,2002,103,1,2774,PA,,BUCKLEY,PA BUCKLEY,EB,SE,,,,,USA,USA,
BIOCON,2002,103,1,34,AW,Fabio,Cassola,AW Fabio Cassola,EB,SE,,,,,Italy,ITA,
BIOCON,2002,103,1,3832,YONG-LIN,,CHEN,YONG-LIN CHEN,EB,SE,,,,,China,CHN,
BIOCON,2002,103,1,260,B,NK,Davis,B NK Davis,EIC,EIC,,,,,UK,GBR,
BIOCON,2002,103,1,3041,Rodolfo,,Dirzo,Rodolfo Dirzo,EB,SE,,,,,USA,USA,
BIOCON,2002,103,1,958,Eric,,Duffey,Eric Duffey,EB,SE,,,,,UK,GBR,
BIOCON,2002,103,1,2806,P,,FIELDER,P FIELDER,EB,SE,,,,,USA,USA,
BIOCON,2002,103,1,462,C,,GOMEZ-CAMPO,C GOMEZ-CAMPO,EB,SE,,,,,Spain,ESP,
BIOCON,2002,103,1,1607,JJD,,GREENWOOD,JJD GREENWOOD,EB,SE,British Trust for Ornithology,NoUnit,Thetford,,UK,GBR,
BIOCON,2002,103,1,471,Craig,,Guyer,Craig Guyer,EB,SE,,,,,USA,USA,
BIOCON,2002,103,1,2164,Lennart,,Hansson,Lennart Hansson,EB,SE,,,,,Sweden,SWE,
BIOCON,2002,103,1,2399,M,,HARRISON,M HARRISON,EB,SE,,,,,UK,GBR,
BIOCON,2002,103,1,1626,J,,HARWOOD,J HARWOOD,EB,SE,,,,,UK,GBR,
BIOCON,2002,103,1,3355,Stephen,J,Hawkins,Stephen J Hawkins,EB,SE,,,,,UK,GBR,
BIOCON,2002,103,1,2830,PAR,,HOCKEY,PAR HOCKEY,EB,SE,,,,,South Africa,ZAF,
BIOCON,2002,103,1,3108,Robert,L,Jefferies,Robert L Jefferies,EB,SE,,,,,Canada,CAN,
BIOCON,2002,103,1,489,C,,JERMY,C JERMY,EB,SE,,,,,UK,GBR,
BIOCON,2002,103,1,114,AJT,,JONHSINGH,AJT JONHSINGH,EB,SE,Wildlife Institute of India,NoUnit,Uttaranchal,,India,IND,
BIOCON,2002,103,1,3763,William,F,Laurance,William F Laurance,EB,SE,,,,,Brazil,BRA,
BIOCON,2002,103,1,2454,M,,LOMOLINO,M LOMOLINO,EB,SE,,,,,USA,USA,
BIOCON,2002,103,1,2199,LYNN,A,MAGUIRE,LYNN A MAGUIRE,EB,SE,,,,,USA,USA,
BIOCON,2002,103,1,3143,R,H,Marrs,R H Marrs,SE,SE,,,,,UK,GBR,
BIOCON,2002,103,1,2672,NC,,MORGAN,NC MORGAN,EB,SE,,,,,UK,GBR,
BIOCON,2002,103,1,2875,PETER,B,MOYLE,PETER B MOYLE,EB,SE,,,,,USA,USA,
BIOCON,2002,103,1,1244,George,F,Peterken,George F Peterken,EB,SE,,,,,UK,GBR,
BIOCON,2002,103,1,2896,Peter,,Poschlod,Peter Poschlod,EB,SE,,,,,Germany,DEU,
BIOCON,2002,103,1,1121,F,,RAMADE,F RAMADE,EB,SE,,,,,France,FRA,
BIOCON,2002,103,1,3921,Mark,W,Schwartz,Mark W Schwartz,SE,SE,,,,,USA,USA,
BIOCON,2002,103,1,2556,M,J,Scott,M J Scott,EB,SE,,,,,USA,USA,
BIOCON,2002,103,1,3822,WJ,,WOLFF,WJ WOLFF,EB,SE,,,,,Netherlands,NLD,
BIOCON,2002,103,1,3255,R,Gerald,Wright,R Gerald Wright,SE,SE,,,,,USA,USA,
BIOCON,2003,109,1,1388,I,,ATKINSON,I ATKINSON,EB,SE,,,,,New Zealand,NZL,
BIOCON,2003,109,1,2774,PA,,BUCKLEY,PA BUCKLEY,EB,SE,,,,,USA,USA,
BIOCON,2003,109,1,34,AW,Fabio,Cassola,AW Fabio Cassola,EB,SE,,,,,Italy,ITA,
BIOCON,2003,109,1,3832,YONG-LIN,,CHEN,YONG-LIN CHEN,EB,SE,,,,,China,CHN,
BIOCON,2003,109,1,260,B,NK,Davis,B NK Davis,EIC,EIC,,,,,UK,GBR,
BIOCON,2003,109,1,3041,Rodolfo,,Dirzo,Rodolfo Dirzo,EB,SE,,,,,USA,USA,
BIOCON,2003,109,1,958,Eric,,Duffey,Eric Duffey,EB,SE,,,,,UK,GBR,
BIOCON,2003,109,1,462,C,,GOMEZ-CAMPO,C GOMEZ-CAMPO,EB,SE,,,,,Spain,ESP,
BIOCON,2003,109,1,1607,JJD,,GREENWOOD,JJD GREENWOOD,EB,SE,,,,,UK,GBR,
BIOCON,2003,109,1,471,Craig,,Guyer,Craig Guyer,EB,SE,,,,,USA,USA,
BIOCON,2003,109,1,2164,Lennart,,Hansson,Lennart Hansson,EB,SE,,,,,Sweden,SWE,
BIOCON,2003,109,1,2399,M,,HARRISON,M HARRISON,EB,SE,,,,,UK,GBR,
BIOCON,2003,109,1,1626,J,,HARWOOD,J HARWOOD,EB,SE,,,,,UK,GBR,
BIOCON,2003,109,1,3355,Stephen,J,Hawkins,Stephen J Hawkins,EB,SE,,,,,UK,GBR,
BIOCON,2003,109,1,2830,PAR,,HOCKEY,PAR HOCKEY,EB,SE,,,,,South Africa,ZAF,
BIOCON,2003,109,1,3108,Robert,L,Jefferies,Robert L Jefferies,EB,SE,,,,,Canada,CAN,
BIOCON,2003,109,1,489,C,,JERMY,C JERMY,EB,SE,,,,,UK,GBR,
BIOCON,2003,109,1,114,AJT,,JONHSINGH,AJT JONHSINGH,EB,SE,,,,,India,IND,
BIOCON,2003,109,1,3763,William,F,Laurance,William F Laurance,EB,SE,,,,,Brazil,BRA,
BIOCON,2003,109,1,2454,M,,LOMOLINO,M LOMOLINO,EB,SE,,,,,USA,USA,
BIOCON,2003,109,1,2199,LYNN,A,MAGUIRE,LYNN A MAGUIRE,EB,SE,,,,,USA,USA,
BIOCON,2003,109,1,3143,R,H,Marrs,R H Marrs,SE,SE,,,,,UK,GBR,
BIOCON,2003,109,1,2672,NC,,MORGAN,NC MORGAN,EB,SE,,,,,UK,GBR,
BIOCON,2003,109,1,2875,PETER,B,MOYLE,PETER B MOYLE,EB,SE,,,,,USA,USA,
BIOCON,2003,109,1,3614,Tim,R,New,Tim R New,EB,SE,,,,,Australia,AUS,
BIOCON,2003,109,1,1244,George,F,Peterken,George F Peterken,EB,SE,,,,,UK,GBR,
BIOCON,2003,109,1,2896,Peter,,Poschlod,Peter Poschlod,EB,SE,University of Regensburg,Biology,Regensburg,,Germany,DEU,
BIOCON,2003,109,1,1121,F,,RAMADE,F RAMADE,EB,SE,,,,,France,FRA,
BIOCON,2003,109,1,856,Denis,A,Saunders,Denis A Saunders,SE,SE,CSIRO Sustainable Ecosystems,NoUnit,Canberra,,Australia,AUS,
BIOCON,2003,109,1,3921,Mark,W,Schwartz,Mark W Schwartz,SE,SE,,,,,USA,USA,
BIOCON,2003,109,1,2556,M,J,Scott,M J Scott,EB,SE,,,,,USA,USA,
BIOCON,2003,109,1,3822,WJ,,WOLFF,WJ WOLFF,EB,SE,,,,,Netherlands,NLD,
BIOCON,2003,109,1,3255,R,Gerald,Wright,R Gerald Wright,SE,SE,,,,,USA,USA,
BIOCON,2004,115,1,1388,I,,ATKINSON,I ATKINSON,EB,SE,,,,,New Zealand,NZL,
BIOCON,2004,115,1,2986,RB,,BLAIR,RB BLAIR,EB,SE,University of Minnesota,NoUnit,St Paul,Minnesota,USA,USA,
BIOCON,2004,115,1,3520,Tim,,Caro,Tim Caro,EB,SE,University of California,NoUnit,Davis,California,USA,USA,
BIOCON,2004,115,1,34,AW,Fabio,Cassola,AW Fabio Cassola,EB,SE,,,,,ITALY,ITA,
BIOCON,2004,115,1,3832,YONG-LIN,,CHEN,YONG-LIN CHEN,EB,SE,,,,,China,CHN,
BIOCON,2004,115,1,3041,Rodolfo,,Dirzo,Rodolfo Dirzo,EB,SE,,,,,USA,USA,
BIOCON,2004,115,1,958,Eric,,Duffey,Eric Duffey,EB,SE,,,,,France,FRA,
BIOCON,2004,115,1,462,C,,GOMEZ-CAMPO,C GOMEZ-CAMPO,EB,SE,,,,,Spain,ESP,
BIOCON,2004,115,1,1607,JJD,,GREENWOOD,JJD GREENWOOD,EB,SE,,,,,UK,GBR,
BIOCON,2004,115,1,471,Craig,,Guyer,Craig Guyer,EB,SE,,,,,USA,USA,
BIOCON,2004,115,1,2164,Lennart,,Hansson,Lennart Hansson,EB,SE,,,,,Sweden,SWE,
BIOCON,2004,115,1,2399,M,,HARRISON,M HARRISON,EB,SE,,,,,UK,GBR,
BIOCON,2004,115,1,1626,J,,HARWOOD,J HARWOOD,EB,SE,,,,,UK,GBR,
BIOCON,2004,115,1,3355,Stephen,J,Hawkins,Stephen J Hawkins,EB,SE,,,,,UK,GBR,
BIOCON,2004,115,1,2830,PAR,,HOCKEY,PAR HOCKEY,EB,SE,,,,,South Africa,ZAF,
BIOCON,2004,115,1,1649,Jose,M,Iriondo,Jose M Iriondo,EB,SE,Universidad Politecnica de Madrid,NoUnit,,,Spain,ESP,
BIOCON,2004,115,1,3108,Robert,L,Jefferies,Robert L Jefferies,EB,SE,,,,,Canada,CAN,
BIOCON,2004,115,1,489,C,,JERMY,C JERMY,EB,SE,,,,,UK,GBR,
BIOCON,2004,115,1,114,AJT,,JONHSINGH,AJT JONHSINGH,EB,SE,,,,,India,IND,
BIOCON,2004,115,1,3763,William,F,Laurance,William F Laurance,EB,SE,,,,,Brazil,BRA,
BIOCON,2004,115,1,2454,M,,LOMOLINO,M LOMOLINO,EB,SE,,,,,USA,USA,
BIOCON,2004,115,1,2199,LYNN,A,MAGUIRE,LYNN A MAGUIRE,EB,SE,,,,,USA,USA,
BIOCON,2004,115,1,3143,R,H,Marrs,R H Marrs,EIC,EIC,,,,,UK,GBR,
BIOCON,2004,115,1,2672,NC,,MORGAN,NC MORGAN,EB,SE,NoInst,NoUnit,Thiefosse,,UK,GBR,
BIOCON,2004,115,1,330,Brian,,Moss,Brian Moss,EB,SE,University of Liverpool,NoUnit,Liverpool,,UK,GBR,
BIOCON,2004,115,1,2875,PETER,B,MOYLE,PETER B MOYLE,EB,SE,,,,,USA,USA,
BIOCON,2004,115,1,3614,Tim,R,New,Tim R New,EB,SE,,,,,Australia,AUS,
BIOCON,2004,115,1,1244,George,F,Peterken,George F Peterken,EB,SE,,,,,UK,GBR,
BIOCON,2004,115,1,2896,Peter,,Poschlod,Peter Poschlod,EB,SE,,,,,Germany,DEU,
BIOCON,2004,115,1,173,Andrew,S,Pullin,Andrew S Pullin,SE,SE,University of Birmingham,School of Biosciences,Birmingham,,UK,GBR,
BIOCON,2004,115,1,1121,F,,RAMADE,F RAMADE,EB,SE,,,,,France,FRA,
BIOCON,2004,115,1,856,Denis,A,Saunders,Denis A Saunders,SE,SE,,,,,Australia,AUS,
BIOCON,2004,115,1,3921,Mark,W,Schwartz,Mark W Schwartz,SE,SE,,,,,USA,USA,
BIOCON,2004,115,1,2556,M,J,Scott,M J Scott,EB,SE,,,,,USA,USA,
BIOCON,2004,115,1,3822,WJ,,WOLFF,WJ WOLFF,EB,SE,,,,,Netherlands,NLD,
BIOCON,2004,115,1,3255,R,Gerald,Wright,R Gerald Wright,EB,SE,,,,,USA,USA,
BIOCON,2004,115,1,236,Andrew,,Young,Andrew Young,EB,SE,CSIRO,Division of Plant Industry,Canberra,,Australia,AUS,
BIOCON,2005,121,1,3269,Sandy,J,Andelman,Sandy J Andelman,SE,SE,University of California Santa Barbara,National Center for Ecological Analysis and Synthesis,Santa Barbara,California,USA,USA,
BIOCON,2005,121,1,3520,Tim,,Caro,Tim Caro,EB,SE,,,,,USA,USA,
BIOCON,2005,121,1,34,AW,Fabio,Cassola,AW Fabio Cassola,EB,SE,,,,,Italy,ITA,
BIOCON,2005,121,1,1526,John,L,Craig,John L Craig,EB,SE,University of Auckland,NoUnit,Auckland,,New Zealand,NZL,
BIOCON,2005,121,1,260,B,NK,Davis,B NK Davis,EB,SE,,,,,UK,GBR,
BIOCON,2005,121,1,958,Eric,,Duffey,Eric Duffey,EB,SE,,,,,France,FRA,
BIOCON,2005,121,1,3062,Richard,,Frankham,Richard Frankham,EB,SE,Macquarie University,Austalia Museum,,,Australia,AUS,James Cook University and Australia Museum
BIOCON,2005,121,1,1607,JJD,,GREENWOOD,JJD GREENWOOD,EB,SE,,,,,UK,GBR,
BIOCON,2005,121,1,2161,Lena,,Gustafsson,Lena Gustafsson,EB,SE,Swedish University of Agricultural Sciences,NoUnit,NoCity,,Sweden,SWE,
BIOCON,2005,121,1,1626,J,,HARWOOD,J HARWOOD,EB,SE,,,,,UK,GBR,
BIOCON,2005,121,1,3355,Stephen,J,Hawkins,Stephen J Hawkins,EB,SE,,,,,UK,GBR,
BIOCON,2005,121,1,3143,R,H,Marrs,R H Marrs,EIC,EIC,University of Liverpool,Applied Vegetation Dynamics Lab,Liverpool,,UK,GBR,
BIOCON,2005,121,1,1244,George,F,Peterken,George F Peterken,EB,SE,,,,,UK,GBR,
BIOCON,2005,121,1,2896,Peter,,Poschlod,Peter Poschlod,EB,SE,,,,,Germany,DEU,
BIOCON,2005,121,1,3197,Richard,B,Primack,Richard B Primack,SE,SE,Boston University,Biology,Boston,Massachusetts,USA,USA,
BIOCON,2005,121,1,173,Andrew,S,Pullin,Andrew S Pullin,SE,SE,,,,,UK,GBR,
BIOCON,2005,121,1,1121,F,,RAMADE,F RAMADE,EB,SE,,,,,France,FRA,
BIOCON,2005,121,1,1124,Fred,,Rumsey,Fred Rumsey,EB,SE,The Natural History Museum London,NoUnit,London,,UK,GBR,
BIOCON,2005,121,1,856,Denis,A,Saunders,Denis A Saunders,SE,SE,,,,,Australia,AUS,
BIOCON,2005,121,1,3921,Mark,W,Schwartz,Mark W Schwartz,EB,SE,,,,,USA,USA,
BIOCON,2005,121,1,2556,M,J,Scott,M J Scott,EB,SE,,,,,USA,USA,
BIOCON,2005,121,1,2612,Michael,R,Willig,Michael R Willig,EB,SE,Texas Technical University,NoUnit,Lubbock,Texas,USA,USA,
BIOCON,2005,121,1,3255,R,Gerald,Wright,R Gerald Wright,EB,SE,,,,,USA,USA,
BIOCON,2005,121,1,236,Andrew,,Young,Andrew Young,EB,SE,,,,,Australia,AUS,
BIOCON,2005,123,4,3269,Sandy,J,Andelman,Sandy J Andelman,SE,SE,,,,,USA,USA,Not listed this year
BIOCON,2005,123,4,3143,R,H,Marrs,R H Marrs,EIC,EIC,,,,,UK,GBR,
BIOCON,2005,123,4,3197,Richard,B,Primack,Richard B Primack,SE,SE,.,,,,USA,USA,
BIOCON,2005,123,4,173,Andrew,S,Pullin,Andrew S Pullin,SE,SE,,,,,UK,GBR,
BIOCON,2005,123,4,856,Denis,A,Saunders,Denis A Saunders,SE,SE,,,,,Australia,AUS,
BIOCON,2006,133,1,3270,S,,ANDELMAN,S ANDELMAN,EB,SE,,,,,USA,USA,
BIOCON,2006,133,1,2317,Mark,A,Burgman,Mark A Burgman,EB,SE,University of Melbourne,NoUnit,Melbourne,,Australia,AUS,
BIOCON,2006,133,1,3520,Tim,,Caro,Tim Caro,EB,SE,,,,,USA,USA,
BIOCON,2006,133,1,34,AW,Fabio,Cassola,AW Fabio Cassola,EB,SE,,,,,Italy,ITA,
BIOCON,2006,133,1,1526,John,L,Craig,John L Craig,EB,SE,,,,,New Zealand,NZL,
BIOCON,2006,133,1,260,B,NK,Davis,B NK Davis,EB,SE,,,,,UK,GBR,
BIOCON,2006,133,1,958,Eric,,Duffey,Eric Duffey,EB,SE,,,,,France,FRA,
BIOCON,2006,133,1,84,Andrew,B,Gill,Andrew B Gill,SE,SE,Cranfield University,Institute of Water and Environment,Silsoe Bedfordshire,,UK,GBR,
BIOCON,2006,133,1,1607,JJD,,GREENWOOD,JJD GREENWOOD,EB,SE,,,,,UK,GBR,
BIOCON,2006,133,1,2161,Lena,,Gustafsson,Lena Gustafsson,EB,SE,,,,,Sweden,SWE,
BIOCON,2006,133,1,1626,J,,HARWOOD,J HARWOOD,EB,SE,,,,,UK,GBR,
BIOCON,2006,133,1,3355,Stephen,J,Hawkins,Stephen J Hawkins,EB,SE,,,,,UK,GBR,
BIOCON,2006,133,1,2830,PAR,,HOCKEY,PAR HOCKEY,EB,SE,,,,,South Africa,ZAF,
BIOCON,2006,133,1,1649,Jose,M,Iriondo,Jose M Iriondo,EB,SE,,,,,Spain,ESP,
BIOCON,2006,133,1,3108,Robert,L,Jefferies,Robert L Jefferies,EB,SE,,,,,Canada,CAN,
BIOCON,2006,133,1,113,A,JT,Johnsingh,A JT Johnsingh,EB,SE,,,,,India,IND,
BIOCON,2006,133,1,2030,Keith,,Kirby,Keith Kirby,EB,SE,English Nature,NoUnit,Peterborough,,UK,GBR,same as 2005
BIOCON,2006,133,1,3763,William,F,Laurance,William F Laurance,EB,SE,Smithsonian Tropical Research Institute,,Balboa,,Panama,PAN,Switched to Smithsonian in 2005 (no entry for laurence in datasheet that year)
BIOCON,2006,133,1,765,David,B,Lindenmayer,David B Lindenmayer,EB,SE,Australian National University,NoUnit,Canberra,,Australia,AUS,Started in 2005
BIOCON,2006,133,1,2043,Karen,R,Lips,Karen R Lips,EB,SE,Southern Illinois University,NoUnit,NoCity,,USA,USA,Started in 2005
BIOCON,2006,133,1,3143,R,H,Marrs,R H Marrs,EIC,EIC,,,,,UK,GBR,
BIOCON,2006,133,1,330,Brian,,Moss,Brian Moss,EB,SE,,,,,UK,GBR,
BIOCON,2006,133,1,2875,PETER,B,MOYLE,PETER B MOYLE,EB,SE,,,,,USA,USA,
BIOCON,2006,133,1,1244,George,F,Peterken,George F Peterken,EB,SE,,,,,UK,GBR,
BIOCON,2006,133,1,2896,Peter,,Poschlod,Peter Poschlod,EB,SE,,,,,Germany,DEU,
BIOCON,2006,133,1,342,Bob,,Pressey,Bob Pressey,EB,SE,University of Queensland,Ecology Centre,NoCity,QLD,Australia,AUS,2005 New South Wales Department Environment and Conservation
BIOCON,2006,133,1,3197,Richard,B,Primack,Richard B Primack,SE,SE,,,,,USA,USA,
BIOCON,2006,133,1,173,Andrew,S,Pullin,Andrew S Pullin,SE,SE,,,,,UK,GBR,
BIOCON,2006,133,1,1121,F,,RAMADE,F RAMADE,EB,SE,,,,,France,FRA,
BIOCON,2006,133,1,1124,Fred,,Rumsey,Fred Rumsey,EB,SE,,,,,UK,GBR,
BIOCON,2006,133,1,856,Denis,A,Saunders,Denis A Saunders,SE,SE,,,,,Australia,AUS,
BIOCON,2006,133,1,3921,Mark,W,Schwartz,Mark W Schwartz,EB,SE,,,,,USA,USA,
BIOCON,2006,133,1,2556,M,J,Scott,M J Scott,EB,SE,,,,,USA,USA,
BIOCON,2006,133,1,3496,Stephen,,Waldren,Stephen Waldren,EB,SE,Trinity College Botanic Garden,NoUnit,Dublin,,Ireland,IRL,Began in 2005
BIOCON,2006,133,1,2612,Michael,R,Willig,Michael R Willig,EB,SE,,,,,USA,USA,
BIOCON,2006,133,1,2113,Kimberly,A,With,Kimberly A With,SE,SE,Kansas State University,Division of Biology,,,USA,USA,
BIOCON,2006,133,1,3255,R,Gerald,Wright,R Gerald Wright,EB,SE,,,,,USA,USA,
BIOCON,2006,133,1,236,Andrew,,Young,Andrew Young,EB,SE,,,,,Australia,AUS,
BIOCON,2007,140,1,2317,Mark,A,Burgman,Mark A Burgman,EB,SE,,,,,Australia,AUS,
BIOCON,2007,140,1,3520,Tim,,Caro,Tim Caro,EB,SE,,,,,USA,USA,
BIOCON,2007,140,1,3024,Richard,T,Corlett,Richard T Corlett,SE,SE,University of Hong Kong,Department of Ecology and Diversity,,Hong Kong,China,CHN,
BIOCON,2007,140,1,1526,John,L,Craig,John L Craig,EB,SE,,,,,New Zealand,NZL,
BIOCON,2007,140,1,260,B,NK,Davis,B NK Davis,EB,SE,,,,,UK,GBR,
BIOCON,2007,140,1,958,Eric,,Duffey,Eric Duffey,EB,SE,,,,,France,FRA,
BIOCON,2007,140,1,84,Andrew,B,Gill,Andrew B Gill,SE,SE,Cranfield University,Department of Natural Resources,Cranfield,,UK,GBR,
BIOCON,2007,140,1,1607,JJD,,GREENWOOD,JJD GREENWOOD,EB,SE,,,,,UK,GBR,
BIOCON,2007,140,1,2161,Lena,,Gustafsson,Lena Gustafsson,EB,SE,,,,,Sweden,SWE,
BIOCON,2007,140,1,3355,Stephen,J,Hawkins,Stephen J Hawkins,EB,SE,,,,,UK,GBR,
BIOCON,2007,140,1,2830,PAR,,HOCKEY,PAR HOCKEY,EB,SE,,,,,South Africa,ZAF,
BIOCON,2007,140,1,1649,Jose,M,Iriondo,Jose M Iriondo,EB,SE,,,,,Spain,ESP,
BIOCON,2007,140,1,3108,Robert,L,Jefferies,Robert L Jefferies,EB,SE,,,,,Canada,CAN,
BIOCON,2007,140,1,2030,Keith,,Kirby,Keith Kirby,EB,SE,,,,,UK,GBR,
BIOCON,2007,140,1,3763,William,F,Laurance,William F Laurance,EB,SE,,,,,Panama,PAN,
BIOCON,2007,140,1,765,David,B,Lindenmayer,David B Lindenmayer,EB,SE,,,,,Australia,AUS,
BIOCON,2007,140,1,2043,Karen,R,Lips,Karen R Lips,EB,SE,,,,,USA,USA,
BIOCON,2007,140,1,3143,R,H,Marrs,R H Marrs,EIC,EIC,,,,,UK,GBR,
BIOCON,2007,140,1,1763,Jean-Paul,,Metzger,Jean-Paul Metzger,SE,SE,Instituto de Biociencias,Department de Ecologia,Sao Paulo,,Brazil,BRA,Started in 2006
BIOCON,2007,140,1,330,Brian,,Moss,Brian Moss,EB,SE,,,,,UK,GBR,
BIOCON,2007,140,1,2875,PETER,B,MOYLE,PETER B MOYLE,EB,SE,,,,,USA,USA,
BIOCON,2007,140,1,3614,Tim,R,New,Tim R New,EB,SE,,,,,Australia,AUS,
BIOCON,2007,140,1,1244,George,F,Peterken,George F Peterken,EB,SE,,,,,UK,GBR,
BIOCON,2007,140,1,2896,Peter,,Poschlod,Peter Poschlod,EB,SE,,,,,Germany,DEU,
BIOCON,2007,140,1,342,Bob,,Pressey,Bob Pressey,EB,SE,,,,,Australia,AUS,
BIOCON,2007,140,1,3197,Richard,B,Primack,Richard B Primack,SE,SE,,,,,USA,USA,
BIOCON,2007,140,1,173,Andrew,S,Pullin,Andrew S Pullin,SE,SE,University of Wales,Centre for Evidence based conservation,Bangor,Gwynedd,UK,GBR,
BIOCON,2007,140,1,1124,Fred,,Rumsey,Fred Rumsey,EB,SE,,,,,UK,GBR,
BIOCON,2007,140,1,856,Denis,A,Saunders,Denis A Saunders,SE,SE,,,,,Australia,AUS,
BIOCON,2007,140,1,3921,Mark,W,Schwartz,Mark W Schwartz,EB,SE,,,,,USA,USA,
BIOCON,2007,140,1,3641,Tim,,Sparks,Tim Sparks,EB,SE,Centre for Ecology and Hydrology,NoUnit,Huntingdon,,UK,GBR,
BIOCON,2007,140,1,3853,Andrea,,Taylor,Andrea Taylor,EB,SE,Monash University,NoUnit,Victoria,,Australia,AUS,
BIOCON,2007,140,1,3496,Stephen,,Waldren,Stephen Waldren,EB,SE,,,,,Ireland,IRL,
BIOCON,2007,140,1,2951,Phill,,Watts,Phill Watts,EB,SE,University of Liverpool,NoUnit,NoCity,,UK,GBR,
BIOCON,2007,140,1,2612,Michael,R,Willig,Michael R Willig,EB,SE,,,,,USA,USA,
BIOCON,2007,140,1,2113,Kimberly,A,With,Kimberly A With,SE,SE,,,,,USA,USA,
BIOCON,2007,140,1,3255,R,Gerald,Wright,R Gerald Wright,EB,SE,,,,,USA,USA,
BIOCON,2007,140,1,236,Andrew,,Young,Andrew Young,EB,SE,,,,,Australia,AUS,
BIOCON,2008,141,1,2317,Mark,A,Burgman,Mark A Burgman,SE,SE,,,,,Australia,AUS,
BIOCON,2008,141,1,3520,Tim,,Caro,Tim Caro,SE,SE,,,,,USA,USA,
BIOCON,2008,141,1,3024,Richard,T,Corlett,Richard T Corlett,AE,AE,,,,,China,CHN,
BIOCON,2008,141,1,1526,John,L,Craig,John L Craig,SE,SE,,,,,New Zealand,NZL,
BIOCON,2008,141,1,260,B,NK,Davis,B NK Davis,SE,SE,,,,,UK,GBR,
BIOCON,2008,141,1,958,Eric,,Duffey,Eric Duffey,SE,SE,,,,,France,FRA,
BIOCON,2008,141,1,84,Andrew,B,Gill,Andrew B Gill,AE,AE,,,,,UK,GBR,
BIOCON,2008,141,1,2161,Lena,,Gustafsson,Lena Gustafsson,SE,SE,,,,,Sweden,SWE,
BIOCON,2008,141,1,3355,Steve,,Hawkins,Steve Hawkins,SE,SE,,,,,UK,GBR,
BIOCON,2008,141,1,2829,Philip,AR,Hockey,Philip AR Hockey,SE,SE,,,,,South Africa,ZAF,
BIOCON,2008,141,1,1649,Jose,M,Iriondo,Jose M Iriondo,SE,SE,,,,,Spain,ESP,
BIOCON,2008,141,1,3108,Robert,L,Jefferies,Robert L Jefferies,SE,SE,,,,,Canada,CAN,
BIOCON,2008,141,1,2030,Keith,,Kirby,Keith Kirby,SE,SE,,,,,UK,GBR,
BIOCON,2008,141,1,3763,William,F,Laurance,William F Laurance,SE,SE,,,,,Panama,PAN,
BIOCON,2008,141,1,765,David,B,Lindenmayer,David B Lindenmayer,SE,SE,,,,,Australia,AUS,
BIOCON,2008,141,1,2043,Karen,R,Lips,Karen R Lips,SE,SE,,,,,USA,USA,
BIOCON,2008,141,1,3143,R,H,Marrs,R H Marrs,AE,AE,,,,,UK,GBR,
BIOCON,2008,141,1,1763,Jean-Paul,,Metzger,Jean-Paul Metzger,AE,AE,,,,,Brazil,BRA,
BIOCON,2008,141,1,330,Brian,,Moss,Brian Moss,SE,SE,,,,,UK,GBR,
BIOCON,2008,141,1,2874,Peter,B,Moyle,Peter B Moyle,SE,SE,,,,,USA,USA,
BIOCON,2008,141,1,3614,Tim,R,New,Tim R New,SE,SE,,,,,Australia,AUS,
BIOCON,2008,141,1,1244,George,F,Peterken,George F Peterken,SE,SE,,,,,UK,GBR,
BIOCON,2008,141,1,2896,Peter,,Poschlod,Peter Poschlod,SE,SE,,,,,Germany,DEU,
BIOCON,2008,141,1,342,Bob,,Pressey,Bob Pressey,SE,SE,,,,,Australia,AUS,
BIOCON,2008,141,1,3197,Richard,B,Primack,Richard B Primack,EIC,EIC,,,,,USA,USA,
BIOCON,2008,141,1,173,Andrew,S,Pullin,Andrew S Pullin,AE,AE,,,,,UK,GBR,
BIOCON,2008,141,1,1124,Fred,,Rumsey,Fred Rumsey,SE,SE,,,,,UK,GBR,
BIOCON,2008,141,1,856,Denis,A,Saunders,Denis A Saunders,SE,SE,,,,,Australia,AUS,
BIOCON,2008,141,1,3921,Mark,W,Schwartz,Mark W Schwartz,SE,SE,,,,,USA,USA,
BIOCON,2008,141,1,3641,Tim,,Sparks,Tim Sparks,SE,SE,,,,,UK,GBR,
BIOCON,2008,141,1,3853,Andrea,,Taylor,Andrea Taylor,SE,SE,,,,,Australia,AUS,
BIOCON,2008,141,1,3496,Stephen,,Waldren,Stephen Waldren,SE,SE,,,,,Ireland,IRL,
BIOCON,2008,141,1,2951,Phill,,Watts,Phill Watts,SE,SE,,,,,UK,GBR,
BIOCON,2008,141,1,2612,Michael,R,Willig,Michael R Willig,SE,SE,,,,,USA,USA,
BIOCON,2008,141,1,2113,Kimberly,A,With,Kimberly A With,AE,AE,,,,,USA,USA,
BIOCON,2008,141,1,3255,R,Gerald,Wright,R Gerald Wright,SE,SE,,,,,USA,USA,
BIOCON,2008,141,1,236,Andrew,,Young,Andrew Young,SE,SE,,,,,Australia,AUS,
BIOCON,2009,142,1,2317,Mark,A,Burgman,Mark A Burgman,SE,SE,,,,,Australia,AUS,
BIOCON,2009,142,1,3520,Tim,,Caro,Tim Caro,SE,SE,,,,,USA,USA,
BIOCON,2009,142,1,3024,Richard,T,Corlett,Richard T Corlett,AE,AE,National University of Singapore,Department of Biological Sciences,Singapore,,China,CHN,Singapore is country
BIOCON,2009,142,1,1526,John,L,Craig,John L Craig,SE,SE,,,,,New Zealand,NZL,
BIOCON,2009,142,1,260,B,NK,Davis,B NK Davis,SE,SE,,,,,UK,GBR,
BIOCON,2009,142,1,958,Eric,,Duffey,Eric Duffey,SE,SE,,,,,France,FRA,
BIOCON,2009,142,1,84,Andrew,B,Gill,Andrew B Gill,AE,AE,,,,,UK,GBR,
BIOCON,2009,142,1,2161,Lena,,Gustafsson,Lena Gustafsson,SE,SE,,,,,Sweden,SWE,
BIOCON,2009,142,1,3355,Steve,,Hawkins,Steve Hawkins,SE,SE,,,,,UK,GBR,
BIOCON,2009,142,1,2829,Philip,AR,Hockey,Philip AR Hockey,SE,SE,,,,,South Africa,ZAF,
BIOCON,2009,142,1,1649,Jose,M,Iriondo,Jose M Iriondo,SE,SE,Universidad Rey Juan Carlos,NoUnit,NoCity,,Spain,ESP,
BIOCON,2009,142,1,3108,Robert,L,Jefferies,Robert L Jefferies,SE,SE,,,,,Canada,CAN,
BIOCON,2009,142,1,2030,Keith,,Kirby,Keith Kirby,SE,SE,,,,,UK,GBR,
BIOCON,2009,142,1,3763,William,F,Laurance,William F Laurance,SE,SE,,,,,Panama,PAN,
BIOCON,2009,142,1,765,David,B,Lindenmayer,David B Lindenmayer,SE,SE,,,,,Australia,AUS,
BIOCON,2009,142,1,2043,Karen,R,Lips,Karen R Lips,SE,SE,,,,,USA,USA,
BIOCON,2009,142,1,3143,R,H,Marrs,R H Marrs,AE,AE,,,,,UK,GBR,
BIOCON,2009,142,1,1763,Jean-Paul,,Metzger,Jean-Paul Metzger,AE,AE,,,,,Brazil,BRA,
BIOCON,2009,142,1,330,Brian,,Moss,Brian Moss,SE,SE,,,,,UK,GBR,
BIOCON,2009,142,1,2874,Peter,B,Moyle,Peter B Moyle,SE,SE,,,,,USA,USA,
BIOCON,2009,142,1,3614,Tim,R,New,Tim R New,SE,SE,,,,,Australia,AUS,
BIOCON,2009,142,1,1244,George,F,Peterken,George F Peterken,SE,SE,,,,,UK,GBR,
BIOCON,2009,142,1,2896,Peter,,Poschlod,Peter Poschlod,SE,SE,,,,,Germany,DEU,
BIOCON,2009,142,1,342,Bob,,Pressey,Bob Pressey,SE,SE,,,,,Australia,AUS,
BIOCON,2009,142,1,3197,Richard,B,Primack,Richard B Primack,EIC,EIC,,,,,USA,USA,
BIOCON,2009,142,1,173,Andrew,S,Pullin,Andrew S Pullin,AE,AE,,,,,UK,GBR,
BIOCON,2009,142,1,1124,Fred,,Rumsey,Fred Rumsey,SE,SE,,,,,UK,GBR,
BIOCON,2009,142,1,856,Denis,A,Saunders,Denis A Saunders,SE,SE,,,,,Australia,AUS,
BIOCON,2009,142,1,3921,Mark,W,Schwartz,Mark W Schwartz,SE,SE,,,,,USA,USA,
BIOCON,2009,142,1,2693,Navjot,S,Sodhi,Navjot S Sodhi,AE,AE,National University of Singapore,Department of Biological Sciences,Singapore,,Singapore,SGP,
BIOCON,2009,142,1,3641,Tim,,Sparks,Tim Sparks,SE,SE,,,,,UK,GBR,
BIOCON,2009,142,1,3853,Andrea,,Taylor,Andrea Taylor,SE,SE,,,,,Australia,AUS,
BIOCON,2009,142,1,3496,Stephen,,Waldren,Stephen Waldren,SE,SE,,,,,Ireland,IRL,
BIOCON,2009,142,1,2951,Phill,,Watts,Phill Watts,SE,SE,,,,,UK,GBR,
BIOCON,2009,142,1,2612,Michael,R,Willig,Michael R Willig,SE,SE,,,,,USA,USA,
BIOCON,2009,142,1,2113,Kimberly,A,With,Kimberly A With,AE,AE,,,,,USA,USA,
BIOCON,2009,142,1,3255,R,Gerald,Wright,R Gerald Wright,SE,SE,,,,,USA,USA,
BIOCON,2009,142,1,236,Andrew,,Young,Andrew Young,SE,SE,,,,,Australia,AUS,
BIOCON,2010,143,1,249,Barry,W,Brook,Barry W Brook,SE,SE,University of Adelaide,School of Earth and Environmental Science,NoCity,,Australia,AUS,
BIOCON,2010,143,1,2317,Mark,A,Burgman,Mark A Burgman,SE,SE,,,,,Australia,AUS,
BIOCON,2010,143,1,3520,Tim,,Caro,Tim Caro,SE,SE,,,,,USA,USA,
BIOCON,2010,143,1,3013,Regis,,Cereghino,Regis Cereghino,SE,SE,University of Toulouse,NoUnit,Toulouse,,France,FRA,
BIOCON,2010,143,1,3024,Richard,T,Corlett,Richard T Corlett,AE,AE,,,,,China,CHN,
BIOCON,2010,143,1,1526,John,L,Craig,John L Craig,SE,SE,,,,,New Zealand,NZL,
BIOCON,2010,143,1,260,B,NK,Davis,B NK Davis,SE,SE,,,,,UK,GBR,
BIOCON,2010,143,1,958,Eric,,Duffey,Eric Duffey,SE,SE,,,,,France,FRA,
BIOCON,2010,143,1,2369,Markus,,Fischer,Markus Fischer,AE,AE,University of Bern,Institute of Plant Science,Bern,,Switzerland,CHE,
BIOCON,2010,143,1,84,Andrew,B,Gill,Andrew B Gill,AE,AE,,,,,UK,GBR,
BIOCON,2010,143,1,2161,Lena,,Gustafsson,Lena Gustafsson,SE,SE,,,,,Sweden,SWE,
BIOCON,2010,143,1,3355,Steve,,Hawkins,Steve Hawkins,SE,SE,,,,,UK,GBR,
BIOCON,2010,143,1,2829,Philip,AR,Hockey,Philip AR Hockey,SE,SE,Percy FitzPatrick Institute of African Ornithology,NoUnit,NoCity,,South Africa,ZAF,
BIOCON,2010,143,1,1649,Jose,M,Iriondo,Jose M Iriondo,SE,SE,,,,,Spain,ESP,
BIOCON,2010,143,1,2030,Keith,,Kirby,Keith Kirby,SE,SE,,,,,UK,GBR,
BIOCON,2010,143,1,3763,William,F,Laurance,William F Laurance,SE,SE,,,,,Panama,PAN,
BIOCON,2010,143,1,765,David,B,Lindenmayer,David B Lindenmayer,SE,SE,,,,,Australia,AUS,
BIOCON,2010,143,1,2043,Karen,R,Lips,Karen R Lips,SE,SE,,,,,USA,USA,
BIOCON,2010,143,1,1720,Julie,,Lockwood,Julie Lockwood,AE,AE,Rutgers University,"Ecology, Evolution and Natural Resources",New Brunswick,New Jersey,USA,USA,
BIOCON,2010,143,1,3143,R,H,Marrs,R H Marrs,SE,SE,,,,,UK,GBR,
BIOCON,2010,143,1,1763,Jean-Paul,,Metzger,Jean-Paul Metzger,AE,AE,,,,,Brazil,BRA,
BIOCON,2010,143,1,330,Brian,,Moss,Brian Moss,SE,SE,,,,,UK,GBR,
BIOCON,2010,143,1,2874,Peter,B,Moyle,Peter B Moyle,SE,SE,,,,,USA,USA,
BIOCON,2010,143,1,3614,Tim,R,New,Tim R New,SE,SE,,,,,Australia,AUS,
BIOCON,2010,143,1,2896,Peter,,Poschlod,Peter Poschlod,SE,SE,,,,,Germany,DEU,
BIOCON,2010,143,1,3197,Richard,B,Primack,Richard B Primack,EIC,EIC,,,,,USA,USA,
BIOCON,2010,143,1,173,Andrew,S,Pullin,Andrew S Pullin,AE,AE,,,,,UK,GBR,
BIOCON,2010,143,1,1124,Fred,,Rumsey,Fred Rumsey,SE,SE,,,,,UK,GBR,
BIOCON,2010,143,1,856,Denis,A,Saunders,Denis A Saunders,SE,SE,,,,,Australia,AUS,
BIOCON,2010,143,1,3921,Mark,W,Schwartz,Mark W Schwartz,SE,SE,,,,,USA,USA,
BIOCON,2010,143,1,361,Bo,,Soderstrom,Bo Soderstrom,AE,AE,Swedish University of Agricultural Sciences,Department of Ecology,Uppsala,,Sweden,SWE,
BIOCON,2010,143,1,2693,Navjot,S,Sodhi,Navjot S Sodhi,AE,AE,,,,,Singapore,SGP,
BIOCON,2010,143,1,3641,Tim,,Sparks,Tim Sparks,SE,SE,,,,,UK,GBR,
BIOCON,2010,143,1,3853,Andrea,,Taylor,Andrea Taylor,SE,SE,,,,,Australia,AUS,
BIOCON,2010,143,1,3496,Stephen,,Waldren,Stephen Waldren,SE,SE,,,,,Ireland,IRL,
BIOCON,2010,143,1,2951,Phill,,Watts,Phill Watts,SE,SE,,,,,UK,GBR,
BIOCON,2010,143,1,1953,Jeffrey,,Wielgus,Jeffrey Wielgus,SE,SE,World Resources Institute,NoUnit,Washington,,USA,USA,
BIOCON,2010,143,1,2612,Michael,R,Willig,Michael R Willig,SE,SE,University of Connecticut,NoUnit,NoCity,Connecticut,USA,USA,
BIOCON,2010,143,1,3255,R,Gerald,Wright,R Gerald Wright,SE,SE,,,,,USA,USA,
BIOCON,2010,143,1,236,Andrew,,Young,Andrew Young,SE,SE,,,,,Australia,AUS,
BIOCON,2011,144,1,249,Barry,W,Brook,Barry W Brook,SE,SE,,,,,Australia,AUS,
BIOCON,2011,144,1,2317,Mark,A,Burgman,Mark A Burgman,SE,SE,,,,,Australia,AUS,
BIOCON,2011,144,1,3520,Tim,,Caro,Tim Caro,SE,SE,,,,,USA,USA,
BIOCON,2011,144,1,3013,Regis,,Cereghino,Regis Cereghino,SE,SE,,,,,France,FRA,
BIOCON,2011,144,1,3024,Richard,T,Corlett,Richard T Corlett,AE,AE,,,,,China,CHN,
BIOCON,2011,144,1,2336,Mark,J,Costello,Mark J Costello,AE,AE,University of Auckland,Leigh Marine Laboratory,Warkworth,,New Zealand,NZL,
BIOCON,2011,144,1,1526,John,L,Craig,John L Craig,SE,SE,,,,,New Zealand,NZL,
BIOCON,2011,144,1,260,B,NK,Davis,B NK Davis,SE,SE,,,,,UK,GBR,
BIOCON,2011,144,1,958,Eric,,Duffey,Eric Duffey,SE,SE,,,,,France,FRA,
BIOCON,2011,144,1,2383,Mauro,,Galetti,Mauro Galetti,AE,AE,Universidade Estadual Paulista,Department of Ecology,Bela Vista Rio Claro,,Brazil,BRA,
BIOCON,2011,144,1,2161,Lena,,Gustafsson,Lena Gustafsson,SE,SE,,,,,Sweden,SWE,
BIOCON,2011,144,1,3355,Steve,,Hawkins,Steve Hawkins,SE,SE,,,,,UK,GBR,
BIOCON,2011,144,1,2829,Philip,AR,Hockey,Philip AR Hockey,SE,SE,,,,,South Africa,ZAF,
BIOCON,2011,144,1,1649,Jose,M,Iriondo,Jose M Iriondo,SE,SE,,,,,Spain,ESP,
BIOCON,2011,144,1,2030,Keith,,Kirby,Keith Kirby,SE,SE,,,,,UK,GBR,
BIOCON,2011,144,1,3763,William,F,Laurance,William F Laurance,SE,SE,,,,,Panama,PAN,
BIOCON,2011,144,1,1703,Jean-Dominique,,Lebreton,Jean-Dominique Lebreton,SE,SE,CNRS Montellier,Center for Evolutionary and Functional Ecology,Montpellier,,France,FRA,
BIOCON,2011,144,1,765,David,B,Lindenmayer,David B Lindenmayer,SE,SE,,,,,Australia,AUS,
BIOCON,2011,144,1,2043,Karen,R,Lips,Karen R Lips,SE,SE,,,,,USA,USA,
BIOCON,2011,144,1,1720,Julie,,Lockwood,Julie Lockwood,AE,AE,,,,,USA,USA,
BIOCON,2011,144,1,3143,R,H,Marrs,R H Marrs,SE,SE,,,,,UK,GBR,
BIOCON,2011,144,1,330,Brian,,Moss,Brian Moss,SE,SE,,,,,UK,GBR,
BIOCON,2011,144,1,2874,Peter,B,Moyle,Peter B Moyle,SE,SE,,,,,USA,USA,
BIOCON,2011,144,1,3614,Tim,R,New,Tim R New,SE,SE,,,,,Australia,AUS,
BIOCON,2011,144,1,808,Daniel,,Oro,Daniel Oro,AE,AE,IMEDEA,,Esporles,,Spain,ESP,
BIOCON,2011,144,1,3185,Robin,,Pakeman,Robin Pakeman,AE,AE,The Macaulay Land Use Research Institute,NoUnit,Aberdeen,,UK,GBR,
BIOCON,2011,144,1,2896,Peter,,Poschlod,Peter Poschlod,SE,SE,,,,,Germany,DEU,
BIOCON,2011,144,1,3197,Richard,B,Primack,Richard B Primack,EIC,EIC,,,,,USA,USA,
BIOCON,2011,144,1,173,Andrew,S,Pullin,Andrew S Pullin,AE,AE,,,,,UK,GBR,
BIOCON,2011,144,1,1124,Fred,,Rumsey,Fred Rumsey,SE,SE,,,,,UK,GBR,
BIOCON,2011,144,1,856,Denis,A,Saunders,Denis A Saunders,SE,SE,,,,,Australia,AUS,
BIOCON,2011,144,1,3921,Mark,W,Schwartz,Mark W Schwartz,SE,SE,,,,,USA,USA,
BIOCON,2011,144,1,2693,Navjot,S,Sodhi,Navjot S Sodhi,AE,AE,,,,,Singapore,SGP,
BIOCON,2011,144,1,3641,Tim,,Sparks,Tim Sparks,SE,SE,,,,,UK,GBR,
BIOCON,2011,144,1,3853,Andrea,,Taylor,Andrea Taylor,SE,SE,,,,,Australia,AUS,
BIOCON,2011,144,1,3496,Stephen,,Waldren,Stephen Waldren,SE,SE,,,,,Ireland,IRL,
BIOCON,2011,144,1,2951,Phill,,Watts,Phill Watts,SE,SE,,,,,UK,GBR,
BIOCON,2011,144,1,1953,Jeffrey,,Wielgus,Jeffrey Wielgus,SE,SE,,,,,USA,USA,
BIOCON,2011,144,1,2612,Michael,R,Willig,Michael R Willig,SE,SE,,,,,USA,USA,
BIOCON,2011,144,1,236,Andrew,,Young,Andrew Young,SE,SE,,,,,Australia,AUS,
BIOCON,2012,145,1,249,Barry,W,Brook,Barry W Brook,SE,SE,,,,,Australia,AUS,
BIOCON,2012,145,1,2317,Mark,A,Burgman,Mark A Burgman,AE,AE,University of Melbourne,Botany,Parkville,,Australia,AUS,
BIOCON,2012,145,1,3520,Tim,,Caro,Tim Caro,SE,SE,,,,,USA,USA,
BIOCON,2012,145,1,3013,Regis,,Cereghino,Regis Cereghino,SE,SE,,,,,France,FRA,
BIOCON,2012,145,1,3024,Richard,T,Corlett,Richard T Corlett,AE,AE,,,,,China,CHN,
BIOCON,2012,145,1,2336,Mark,J,Costello,Mark J Costello,AE,AE,,,,,New Zealand,NZL,
BIOCON,2012,145,1,1526,John,L,Craig,John L Craig,SE,SE,,,,,New Zealand,NZL,
BIOCON,2012,145,1,3729,William,,Darwall,William Darwall,SE,SE,IUCN Conservation Centre,Freshwater Unit,NoCity,,UK,GBR,
BIOCON,2012,145,1,958,Eric,,Duffey,Eric Duffey,SE,SE,,,,,France,FRA,
BIOCON,2012,145,1,451,Carlos,Roberto,Fonseca,Carlos Roberto Fonseca,SE,SE,Universidade Federal do Rio Grande do Norte (UFRN),NoUnit,NoCity,,Brazil,BRA,
BIOCON,2012,145,1,2383,Mauro,,Galetti,Mauro Galetti,AE,AE,,,,,Brazil,BRA,
BIOCON,2012,145,1,84,Andrew,B,Gill,Andrew B Gill,SE,SE,Cranfield University,NoUnit,Bedford,,UK,GBR,
BIOCON,2012,145,1,2161,Lena,,Gustafsson,Lena Gustafsson,SE,SE,,,,,Sweden,SWE,
BIOCON,2012,145,1,3355,Steve,,Hawkins,Steve Hawkins,SE,SE,,,,,UK,GBR,
BIOCON,2012,145,1,2829,Philip,AR,Hockey,Philip AR Hockey,SE,SE,,,,,South Africa,ZAF,
BIOCON,2012,145,1,1649,Jose,M,Iriondo,Jose M Iriondo,SE,SE,,,,,Spain,ESP,
BIOCON,2012,145,1,2030,Keith,,Kirby,Keith Kirby,SE,SE,,,,,UK,GBR,
BIOCON,2012,145,1,2188,Lian,Pin,Koh,Lian Pin Koh,AE,AE,Eidgenossiche Technische Hochschule (ETH) Zurich,Department of Environmental Systems Science,Zurich,,Switzerland,CHE,
BIOCON,2012,145,1,3763,William,F,Laurance,William F Laurance,SE,SE,,,,,Panama,PAN,
BIOCON,2012,145,1,1703,Jean-Dominique,,Lebreton,Jean-Dominique Lebreton,SE,SE,,,,,France,FRA,
BIOCON,2012,145,1,765,David,B,Lindenmayer,David B Lindenmayer,SE,SE,,,,,Australia,AUS,
BIOCON,2012,145,1,2043,Karen,R,Lips,Karen R Lips,SE,SE,,,,,USA,USA,
BIOCON,2012,145,1,1720,Julie,,Lockwood,Julie Lockwood,AE,AE,,,,,USA,USA,
BIOCON,2012,145,1,3139,Rafael,D,Loyola,Rafael D Loyola,SE,SE,Universidade Federal de Goias,NoUnit,Goias,,Brazil,BRA,
BIOCON,2012,145,1,3143,R,H,Marrs,R H Marrs,SE,SE,,,,,UK,GBR,
BIOCON,2012,145,1,1763,Jean-Paul,,Metzger,Jean-Paul Metzger,SE,SE,University of Sao Paulo,NoUnit,Sao Paulo,,Brazil,BRA,
BIOCON,2012,145,1,330,Brian,,Moss,Brian Moss,SE,SE,,,,,UK,GBR,
BIOCON,2012,145,1,2874,Peter,B,Moyle,Peter B Moyle,SE,SE,,,,,USA,USA,
BIOCON,2012,145,1,3614,Tim,R,New,Tim R New,SE,SE,,,,,Australia,AUS,
BIOCON,2012,145,1,808,Daniel,,Oro,Daniel Oro,AE,AE,,,,,Spain,ESP,
BIOCON,2012,145,1,3185,Robin,,Pakeman,Robin Pakeman,AE,AE,The Macaulay Land Use Research Institute,NoUnit,Aberdeen,,UK,GBR,
BIOCON,2012,145,1,2896,Peter,,Poschlod,Peter Poschlod,SE,SE,,,,,Germany,DEU,
BIOCON,2012,145,1,3197,Richard,B,Primack,Richard B Primack,EIC,EIC,,,,,USA,USA,
BIOCON,2012,145,1,173,Andrew,S,Pullin,Andrew S Pullin,AE,AE,,,,,UK,GBR,
BIOCON,2012,145,1,1124,Fred,,Rumsey,Fred Rumsey,SE,SE,,,,,UK,GBR,
BIOCON,2012,145,1,856,Denis,A,Saunders,Denis A Saunders,SE,SE,,,,,Australia,AUS,
BIOCON,2012,145,1,3921,Mark,W,Schwartz,Mark W Schwartz,SE,SE,,,,,USA,USA,
BIOCON,2012,145,1,567,Cagan,,Sekercioglu,Cagan Sekercioglu,SE,SE,University of Utah,NoUnit,Salt Lake City,Utah,USA,USA,
BIOCON,2012,145,1,361,Bo,,Soderstrom,Bo Soderstrom,SE,SE,Swedish University of Agricultural Sciences,NoUnit,Uppsala,,Sweden,SWE,
BIOCON,2012,145,1,3641,Tim,,Sparks,Tim Sparks,SE,SE,,,,,UK,GBR,
BIOCON,2012,145,1,3853,Andrea,,Taylor,Andrea Taylor,SE,SE,,,,,Australia,AUS,
BIOCON,2012,145,1,3496,Stephen,,Waldren,Stephen Waldren,SE,SE,,,,,Ireland,IRL,
BIOCON,2012,145,1,2951,Phill,,Watts,Phill Watts,SE,SE,,,,,UK,GBR,
BIOCON,2012,145,1,1953,Jeffrey,,Wielgus,Jeffrey Wielgus,SE,SE,,,,,USA,USA,
BIOCON,2012,145,1,2612,Michael,R,Willig,Michael R Willig,SE,SE,,,,,USA,USA,
BIOCON,2012,145,1,236,Andrew,,Young,Andrew Young,SE,SE,,,,,Australia,AUS,
BIOCON,2013,157,1,249,Barry,W,Brook,Barry W Brook,SE,SE,,,,,Australia,AUS,
BIOCON,2013,157,1,2317,Mark,A,Burgman,Mark A Burgman,AE,AE,,,,,Australia,AUS,
BIOCON,2013,157,1,3520,Tim,,Caro,Tim Caro,SE,SE,,,,,USA,USA,
BIOCON,2013,157,1,3013,Regis,,Cereghino,Regis Cereghino,SE,SE,,,,,France,FRA,
BIOCON,2013,157,1,3024,Richard,T,Corlett,Richard T Corlett,AE,AE,Chinese Academy of Sciences,Xishuangbanna Tropical Botanical Garden,Yunnan,,China,CHN,
BIOCON,2013,157,1,2336,Mark,J,Costello,Mark J Costello,AE,AE,,,,,New Zealand,NZL,
BIOCON,2013,157,1,1526,John,L,Craig,John L Craig,SE,SE,,,,,New Zealand,NZL,
BIOCON,2013,157,1,3729,William,,Darwall,William Darwall,SE,SE,,,,,UK,GBR,
BIOCON,2013,157,1,958,Eric,,Duffey,Eric Duffey,SE,SE,,,,,France,FRA,
BIOCON,2013,157,1,451,Carlos,Roberto,Fonseca,Carlos Roberto Fonseca,SE,SE,,,,,Brazil,BRA,
BIOCON,2013,157,1,2383,Mauro,,Galetti,Mauro Galetti,AE,AE,,,,,Brazil,BRA,
BIOCON,2013,157,1,2007,Kevin,J,Gaston,Kevin J Gaston,SE,SE,University of Exeter Penryn,Enviroment and Sustainability Institute,Cornwall,,UK,GBR,
BIOCON,2013,157,1,84,Andrew,B,Gill,Andrew B Gill,SE,SE,,,,,UK,GBR,
BIOCON,2013,157,1,2161,Lena,,Gustafsson,Lena Gustafsson,SE,SE,,,,,Sweden,SWE,
BIOCON,2013,157,1,3355,Steve,,Hawkins,Steve Hawkins,SE,SE,,,,,UK,GBR,
BIOCON,2013,157,1,2829,Philip,AR,Hockey,Philip AR Hockey,SE,SE,,,,,South Africa,ZAF,
BIOCON,2013,157,1,1084,Falk,,Huettmann,Falk Huettmann,SE,SE,University of Alaska Fairbanks,NoUnit,Fairbanks,Alaska,USA,USA,
BIOCON,2013,157,1,1649,Jose,M,Iriondo,Jose M Iriondo,SE,SE,,,,,Spain,ESP,
BIOCON,2013,157,1,2030,Keith,,Kirby,Keith Kirby,SE,SE,,,,,UK,GBR,
BIOCON,2013,157,1,2188,Lian,Pin,Koh,Lian Pin Koh,AE,AE,,,,,Switzerland,CHE,
BIOCON,2013,157,1,3763,William,F,Laurance,William F Laurance,SE,SE,,,,,Panama,PAN,
BIOCON,2013,157,1,1703,Jean-Dominique,,Lebreton,Jean-Dominique Lebreton,SE,SE,,,,,France,FRA,
BIOCON,2013,157,1,765,David,B,Lindenmayer,David B Lindenmayer,SE,SE,,,,,Australia,AUS,
BIOCON,2013,157,1,2043,Karen,R,Lips,Karen R Lips,SE,SE,,,,,USA,USA,
BIOCON,2013,157,1,1720,Julie,,Lockwood,Julie Lockwood,AE,AE,,,,,USA,USA,
BIOCON,2013,157,1,3139,Rafael,D,Loyola,Rafael D Loyola,SE,SE,,,,,Brazil,BRA,
BIOCON,2013,157,1,3143,R,H,Marrs,R H Marrs,SE,SE,,,,,UK,GBR,
BIOCON,2013,157,1,1000,Eve,,McDonald-Madden,Eve McDonald-Madden,SE,SE,University of Queensland,NoUnit,St Lucia,Queensland,Australia,AUS,
BIOCON,2013,157,1,1763,Jean-Paul,,Metzger,Jean-Paul Metzger,SE,SE,,,,,Brazil,BRA,
BIOCON,2013,157,1,154,Atte,,Moilanen,Atte Moilanen,SE,SE,University of Helsinki,Biosciences,,,Finland,FIN,
BIOCON,2013,157,1,330,Brian,,Moss,Brian Moss,SE,SE,,,,,UK,GBR,
BIOCON,2013,157,1,2874,Peter,B,Moyle,Peter B Moyle,SE,SE,,,,,USA,USA,
BIOCON,2013,157,1,3614,Tim,R,New,Tim R New,SE,SE,,,,,Australia,AUS,
BIOCON,2013,157,1,808,Daniel,,Oro,Daniel Oro,AE,AE,,,,,Spain,ESP,
BIOCON,2013,157,1,3185,Robin,,Pakeman,Robin Pakeman,AE,AE,,,,,UK,GBR,
BIOCON,2013,157,1,1813,Jacob,,Pollock,Jacob Pollock,SE,SE,University of California Santa Cruz,NoUnit,Santa Cruz,California,USA,USA,
BIOCON,2013,157,1,2896,Peter,,Poschlod,Peter Poschlod,SE,SE,,,,,Germany,DEU,
BIOCON,2013,157,1,3197,Richard,B,Primack,Richard B Primack,EIC,EIC,,,,,USA,USA,
BIOCON,2013,157,1,173,Andrew,S,Pullin,Andrew S Pullin,AE,AE,,,,,UK,GBR,
BIOCON,2013,157,1,1124,Fred,,Rumsey,Fred Rumsey,SE,SE,,,,,UK,GBR,
BIOCON,2013,157,1,856,Denis,A,Saunders,Denis A Saunders,SE,SE,,,,,Australia,AUS,
BIOCON,2013,157,1,3921,Mark,W,Schwartz,Mark W Schwartz,SE,SE,,,,,USA,USA,
BIOCON,2013,157,1,567,Cagan,,Sekercioglu,Cagan Sekercioglu,SE,SE,,,,,USA,USA,
BIOCON,2013,157,1,361,Bo,,Soderstrom,Bo Soderstrom,SE,SE,,,,,Sweden,SWE,
BIOCON,2013,157,1,3641,Tim,,Sparks,Tim Sparks,SE,SE,,,,,UK,GBR,
BIOCON,2013,157,1,3853,Andrea,,Taylor,Andrea Taylor,SE,SE,,,,,Australia,AUS,
BIOCON,2013,157,1,3496,Stephen,,Waldren,Stephen Waldren,SE,SE,,,,,Ireland,IRL,
BIOCON,2013,157,1,2951,Phill,,Watts,Phill Watts,SE,SE,,,,,UK,GBR,
BIOCON,2013,157,1,1953,Jeffrey,,Wielgus,Jeffrey Wielgus,SE,SE,,,,,USA,USA,
BIOCON,2013,157,1,2612,Michael,R,Willig,Michael R Willig,SE,SE,,,,,USA,USA,
BIOCON,2013,157,1,236,Andrew,,Young,Andrew Young,SE,SE,,,,,Australia,AUS,
BIOCON,2014,169,NA,1977,Karen,H,Beard,Karen H Beard,E,AE,Utah State University,Department of Wildland Reasources and the Ecology Center,Logan,Utah,USA,USA,
BIOCON,2014,169,NA,249,Barry,W,Brook,Barry W Brook,EB,SE,,,,,Australia,AUS,
BIOCON,2014,169,NA,2778,Philip,,Cafaro,Philip Cafaro,Book.Review.Editor,SPECIAL,Colorado State University,Philosophy,Fort Collins,Colorado,USA,USA,
BIOCON,2014,169,NA,3520,Tim,,Caro,Tim Caro,EB,SE,,,,,USA,USA,
BIOCON,2014,169,NA,3013,Regis,,Cereghino,Regis Cereghino,EB,SE,,,,,France,FRA,
BIOCON,2014,169,NA,1508,Jin,,Chen,Jin Chen,EB,SE,Chinese Academy of Sciences,NoUnit,Mengla,Yunnan,China,CHN,
BIOCON,2014,169,NA,3023,Rochelle,,Constantine,Rochelle Constantine,EB,SE,University of Auckland,NoUnit,NoCity,,New Zealand,NZL,
BIOCON,2014,169,NA,3024,Richard,T,Corlett,Richard T Corlett,E,AE,,,,,China,CHN,
BIOCON,2014,169,NA,2336,Mark,J,Costello,Mark J Costello,E,AE,,,,,New Zealand,NZL,
BIOCON,2014,169,NA,3682,Vincent,,DeVictor,Vincent DeVictor,E,AE,CNRS  Institut des Sciences de l'Evolution Montpellier,NoUnit,Montpellier,,France,FRA,
BIOCON,2014,169,NA,958,Eric,,Duffey,Eric Duffey,EB,SE,,,,,France,FRA,
BIOCON,2014,169,NA,451,Carlos,R,Fonseca,Carlos R Fonseca,EB,SE,,,,,Brazil,BRA,
BIOCON,2014,169,NA,2383,Mauro,,Galetti,Mauro Galetti,E,AE,,,,,Brazil,BRA,
BIOCON,2014,169,NA,2007,Kevin,J,Gaston,Kevin J Gaston,EB,SE,,,,,UK,GBR,
BIOCON,2014,169,NA,2156,Laurent,,Godet,Laurent Godet,EB,SE,Universite de Nantes,NoUnit,Nantes,,France,FRA,
BIOCON,2014,169,NA,2161,Lena,,Gustafsson,Lena Gustafsson,EB,SE,,,,,Sweden,SWE,
BIOCON,2014,169,NA,3355,Steve,J,Hawkins,Steve J Hawkins,EB,SE,,,,,UK,GBR,
BIOCON,2014,169,NA,2829,Philip,AR,Hockey,Philip AR Hockey,EB,SE,,,,,South Africa,ZAF,
BIOCON,2014,169,NA,1084,Falk,,Huettmann,Falk Huettmann,EB,SE,,,,,USA,USA,
BIOCON,2014,169,NA,3845,Zhi-Gang,,Jiang,Zhi-Gang Jiang,EB,SE,Chinese Academy of Sciences,NoUnit,Beijing,,China,CHN,
BIOCON,2014,169,NA,2030,Keith,J,Kirby,Keith J Kirby,EB,SE,,,,,UK,GBR,
BIOCON,2014,169,NA,2188,Lian,Pin,Koh,Lian Pin Koh,E,AE,University of Adelaide,School of Earth and Environmental Science,Adelaide,SA,Australia,AUS,
BIOCON,2014,169,NA,1685,Jagdish,,Krishnaswamy,Jagdish Krishnaswamy,EB,SE,NoInst,NoUnit,Bangalore,,India,IND,
BIOCON,2014,169,NA,3763,William,F,Laurance,William F Laurance,EB,SE,,,,,Panama,PAN,
BIOCON,2014,169,NA,3588,Tien,M,Lee,Tien M Lee,EB,SE,Columbia University ,NoUnit,New York,New York,USA,USA,
BIOCON,2014,169,NA,765,David,B,Lindenmayer,David B Lindenmayer,EB,SE,,,,,Australia,AUS,
BIOCON,2014,169,NA,1720,Julie,L,Lockwood,Julie L Lockwood,E,AE,,,,,USA,USA,
BIOCON,2014,169,NA,3139,Rafael,D,Loyola,Rafael D Loyola,EB,SE,,,,,Brazil,BRA,
BIOCON,2014,169,NA,3143,Robert,H,Marrs,Robert H Marrs,EB,SE,,,,,UK,GBR,
BIOCON,2014,169,NA,1000,Eve,,McDonald-Madden,Eve McDonald-Madden,EB,SE,,,,,Australia,AUS,
BIOCON,2014,169,NA,1763,Jean-Paul,,Metzger,Jean-Paul Metzger,EB,SE,,,,,Brazil,BRA,
BIOCON,2014,169,NA,154,Atte,,Moilanen,Atte Moilanen,EB,SE,,,,,Finland,FIN,
BIOCON,2014,169,NA,330,Brian,,Moss,Brian Moss,EB,SE,,,,,UK,GBR,
BIOCON,2014,169,NA,2874,Peter,B,Moyle,Peter B Moyle,EB,SE,,,,,USA,USA,
BIOCON,2014,169,NA,3614,Tim,R,New,Tim R New,EB,SE,La Trobe University,,,,Australia,AUS,
BIOCON,2014,169,NA,3185,Robin,J,Pakeman,Robin J Pakeman,E,AE,,,,,UK,GBR,
BIOCON,2014,169,NA,1813,Jacob,,Pollock,Jacob Pollock,EB,SE,,,,,USA,USA,
BIOCON,2014,169,NA,2896,Peter,,Poschlod,Peter Poschlod,EB,SE,,,,,Germany,DEU,
BIOCON,2014,169,NA,3197,Richard,B,Primack,Richard B Primack,EIC,EIC,,,,,USA,USA,
BIOCON,2014,169,NA,173,Andrew,S,Pullin,Andrew S Pullin,E,AE,,,,,UK,GBR,
BIOCON,2014,169,NA,3628,Tracey,J,Regan,Tracey J Regan,E,AE,The University of Melbourne,School of Botany,Parkville,,Australia,AUS,
BIOCON,2014,169,NA,3788,William,J,Ripple,William J Ripple,EB,SE,Oregon State University,NoUnit,Corvallis,Oregon,USA,USA,
BIOCON,2014,169,NA,1124,Fred,J,Rumsey,Fred J Rumsey,EB,SE,,,,,UK,GBR,
BIOCON,2014,169,NA,856,Denis,A,Saunders,Denis A Saunders,EB,SE,,,,,Australia,AUS,
BIOCON,2014,169,NA,3921,Mark,W,Schwartz,Mark W Schwartz,EB,SE,,,,,USA,USA,
BIOCON,2014,169,NA,567,Cagan,H,Sekercioglu,Cagan H Sekercioglu,EB,SE,,,,,USA,USA,
BIOCON,2014,169,NA,2951,Phill,,Watts,Phill Watts,EB,SE,,,,,UK,GBR,
BIOCON,2014,169,NA,3501,Serge,,Wich,Serge Wich,EB,SE,Liverpool John Moores University,NoUnit,Liverpool,,UK,GBR,
BIOCON,2014,169,NA,1953,Jeffrey,,Wielgus,Jeffrey Wielgus,EB,SE,,,,,USA,USA,
BIOCON,2014,169,NA,2612,Michael,R,Willig,Michael R Willig,EB,SE,,,,,USA,USA,
