JOURNAL,YEAR,VOLUME,ISSUE,TITLE,NAME,INST,COUNTRY,GENDER,CATEGORY,Notes
FUNECOL,1987,1,1,editor,Peter Calow,Sheffield,England,M,EIC,
FUNECOL,1987,1,1,editor,John Grace,Edinburgh,Scotland,M,EIC,
FUNECOL,1987,1,1,editorial review board,Brian L Bayne,Plymouth,England,M,SE,
FUNECOL,1987,1,1,editorial review board,Carol L Boggs,Colorado,USA,F,SE,
FUNECOL,1987,1,1,editorial review board,Martyn M Caldwell,Utah,USA,M,SE,
FUNECOL,1987,1,1,editorial review board,John WH Dacey,Woods Hole,USA,M,SE,
FUNECOL,1987,1,1,editorial review board,James R Ehleringer,Utah,USA,M,SE,
FUNECOL,1987,1,1,editorial review board,Graham D Farquhar,Canberra,Australia,M,SE,
FUNECOL,1987,1,1,editorial review board,Tom Fenchel,Copenhagen,Denmark,M,SE,
FUNECOL,1987,1,1,editorial review board,Peter J Grubb,Cambridge,England,M,SE,
FUNECOL,1987,1,1,editorial review board,Peter W Hochachka,Vancouver,Canada,M,SE,
FUNECOL,1987,1,1,editorial review board,Sunao Kawano,Kyoto,Japan,M,SE,
FUNECOL,1987,1,1,editorial review board,Christian Korner,Innsbruck,Austria,M,SE,
FUNECOL,1987,1,1,editorial review board,Brian K McNab,Florida,USA,M,SE,
FUNECOL,1987,1,1,editorial review board,Edward I Newman,Bristol,England,M,SE,
FUNECOL,1987,1,1,editorial review board,john W Porter,Wisconsin,USA,M,SE,
FUNECOL,1987,1,1,editorial review board,John Raven,Dundee,Scotland,M,SE,
FUNECOL,1987,1,1,editorial review board,Robert E Ricklefs,Pennsylvania,USA,M,SE,
FUNECOL,1987,1,1,editorial review board,Barbara A Schaal,"Washington U, St Louis",USA,F,SE,
FUNECOL,1987,1,1,editorial review board,Richard M Sibly,Reading,England,M,SE,
FUNECOL,1987,1,1,editorial review board,Ward B Watt,Stanford,USA,M,SE,
FUNECOL,1987,1,1,editorial review board,Robin J Wootton,Aberystwyth,Wales,M,SE,
FUNECOL,1988,2,1,editor,Peter Calow,Sheffield,England,M,EIC,
FUNECOL,1988,2,1,editor,John Grace,Edinburgh,Scotland,M,EIC,
FUNECOL,1988,2,1,editorial review board,Brian L Bayne,Plymouth,England,M,SE,
FUNECOL,1988,2,1,editorial review board,Carol L Boggs,Colorado,USA,F,SE,
FUNECOL,1988,2,1,editorial review board,Martyn M Caldwell,Utah,USA,M,SE,
FUNECOL,1988,2,1,editorial review board,John WH Dacey,Woods Hole,USA,M,SE,
FUNECOL,1988,2,1,editorial review board,James R Ehleringer,Utah,USA,M,SE,
FUNECOL,1988,2,1,editorial review board,Graham D Farquhar,Canberra,Australia,M,SE,
FUNECOL,1988,2,1,editorial review board,Tom Fenchel,Copenhagen,Denmark,M,SE,
FUNECOL,1988,2,1,editorial review board,Peter J Grubb,Cambridge,England,M,SE,
FUNECOL,1988,2,1,editorial review board,Peter W Hochachka,Vancouver,Canada,M,SE,
FUNECOL,1988,2,1,editorial review board,Sunao Kawano,Kyoto,Japan,M,SE,
FUNECOL,1988,2,1,editorial review board,Christian Korner,Innsbruck,Austria,M,SE,
FUNECOL,1988,2,1,editorial review board,Brian K McNab,Florida,USA,M,SE,
FUNECOL,1988,2,1,editorial review board,Edward I Newman,Bristol,England,M,SE,
FUNECOL,1988,2,1,editorial review board,john W Porter,Wisconsin,USA,M,SE,
FUNECOL,1988,2,1,editorial review board,John Raven,Dundee,Scotland,M,SE,
FUNECOL,1988,2,1,editorial review board,Robert E Ricklefs,Pennsylvania,USA,M,SE,
FUNECOL,1988,2,1,editorial review board,Barbara A Schaal,"Washington U, St Louis",USA,F,SE,
FUNECOL,1988,2,1,editorial review board,Richard M Sibly,Reading,England,M,SE,
FUNECOL,1988,2,1,editorial review board,Ward B Watt,Stanford,USA,M,SE,
FUNECOL,1988,2,1,editorial review board,Robin J Wootton,Aberystwyth,Wales,M,SE,
FUNECOL,1989,3,1,editor,Peter Calow,Sheffield,England,M,EIC,
FUNECOL,1989,3,1,editor,John Grace,Edinburgh,Scotland,M,EIC,
FUNECOL,1989,3,1,editorial review board,Brian L Bayne,Plymouth,England,M,SE,
FUNECOL,1989,3,1,editorial review board,Carol L Boggs,Colorado,USA,F,SE,
FUNECOL,1989,3,1,editorial review board,Martyn M Caldwell,Utah,USA,M,SE,
FUNECOL,1989,3,1,editorial review board,John WH Dacey,Woods Hole,USA,M,SE,
FUNECOL,1989,3,1,editorial review board,James R Ehleringer,Utah,USA,M,SE,
FUNECOL,1989,3,1,editorial review board,Graham D Farquhar,Canberra,Australia,M,SE,
FUNECOL,1989,3,1,editorial review board,Tom Fenchel,Copenhagen,Denmark,M,SE,
FUNECOL,1989,3,1,editorial review board,Peter J Grubb,Cambridge,England,M,SE,
FUNECOL,1989,3,1,editorial review board,Peter W Hochachka,Vancouver,Canada,M,SE,
FUNECOL,1989,3,1,editorial review board,Sunao Kawano,Kyoto,Japan,M,SE,
FUNECOL,1989,3,1,editorial review board,Christian Korner,Innsbruck,Austria,M,SE,
FUNECOL,1989,3,1,editorial review board,Brian K McNab,Florida,USA,M,SE,
FUNECOL,1989,3,1,editorial review board,Edward I Newman,Bristol,England,M,SE,
FUNECOL,1989,3,1,editorial review board,john W Porter,Wisconsin,USA,M,SE,
FUNECOL,1989,3,1,editorial review board,John Raven,Dundee,Scotland,M,SE,
FUNECOL,1989,3,1,editorial review board,Robert E Ricklefs,Pennsylvania,USA,M,SE,
FUNECOL,1989,3,1,editorial review board,Barbara A Schaal,"Washington U, St Louis",USA,F,SE,
FUNECOL,1989,3,1,editorial review board,Richard M Sibly,Reading,England,M,SE,
FUNECOL,1989,3,1,editorial review board,Ward B Watt,Stanford,USA,M,SE,
FUNECOL,1989,3,1,editorial review board,Robin J Wootton,Aberystwyth,Wales,M,SE,
FUNECOL,1990,4,1,editor,Peter Calow,Sheffield,England,M,EIC,
FUNECOL,1990,4,1,editor,John Grace,Edinburgh,Scotland,M,EIC,
FUNECOL,1990,4,1,editorial review board,Brian L Bayne,Plymouth,England,M,SE,
FUNECOL,1990,4,1,editorial review board,Carol L Boggs,Colorado,USA,F,SE,
FUNECOL,1990,4,1,editorial review board,Martyn M Caldwell,Utah,USA,M,SE,
FUNECOL,1990,4,1,editorial review board,John WH Dacey,Woods Hole,USA,M,SE,
FUNECOL,1990,4,1,editorial review board,James R Ehleringer,Utah,USA,M,SE,
FUNECOL,1990,4,1,editorial review board,Graham D Farquhar,Canberra,Australia,M,SE,
FUNECOL,1990,4,1,editorial review board,Tom Fenchel,Copenhagen,Denmark,M,SE,
FUNECOL,1990,4,1,editorial review board,Peter J Grubb,Cambridge,England,M,SE,
FUNECOL,1990,4,1,editorial review board,Peter W Hochachka,Vancouver,Canada,M,SE,
FUNECOL,1990,4,1,editorial review board,Sunao Kawano,Kyoto,Japan,M,SE,
FUNECOL,1990,4,1,editorial review board,Christian Korner,Innsbruck,Austria,M,SE,
FUNECOL,1990,4,1,editorial review board,Brian K McNab,Florida,USA,M,SE,
FUNECOL,1990,4,1,editorial review board,Edward I Newman,Bristol,England,M,SE,
FUNECOL,1990,4,1,editorial review board,john W Porter,Wisconsin,USA,M,SE,
FUNECOL,1990,4,1,editorial review board,John Raven,Dundee,Scotland,M,SE,
FUNECOL,1990,4,1,editorial review board,Robert E Ricklefs,Pennsylvania,USA,M,SE,
FUNECOL,1990,4,1,editorial review board,Barbara A Schaal,"Washington U, St Louis",USA,F,SE,
FUNECOL,1990,4,1,editorial review board,Richard M Sibly,Reading,England,M,SE,
FUNECOL,1990,4,1,editorial review board,Ward B Watt,Stanford,USA,M,SE,
FUNECOL,1990,4,1,editorial review board,Robin J Wootton,Aberystwyth,Wales,M,SE,
FUNECOL,1991,5,1,editor,Peter Calow,Sheffield,England,M,EIC,
FUNECOL,1991,5,1,editor,John Grace,Edinburgh,Scotland,M,EIC,
FUNECOL,1991,5,1,editorial review board,Brian L Bayne,Plymouth,England,M,SE,
FUNECOL,1991,5,1,editorial review board,Carol L Boggs,Colorado,USA,F,SE,
FUNECOL,1991,5,1,editorial review board,Martyn M Caldwell,Utah,USA,M,SE,
FUNECOL,1991,5,1,editorial review board,John WH Dacey,Woods Hole,USA,M,SE,
FUNECOL,1991,5,1,editorial review board,James R Ehleringer,Utah,USA,M,SE,
FUNECOL,1991,5,1,editorial review board,Graham D Farquhar,Canberra,Australia,M,SE,
FUNECOL,1991,5,1,editorial review board,Tom Fenchel,Copenhagen,Denmark,M,SE,
FUNECOL,1991,5,1,editorial review board,Peter J Grubb,Cambridge,England,M,SE,
FUNECOL,1991,5,1,editorial review board,Peter W Hochachka,Vancouver,Canada,M,SE,
FUNECOL,1991,5,1,editorial review board,Sunao Kawano,Kyoto,Japan,M,SE,
FUNECOL,1991,5,1,editorial review board,Christian Korner,Innsbruck,Austria,M,SE,
FUNECOL,1991,5,1,editorial review board,Brian K McNab,Florida,USA,M,SE,
FUNECOL,1991,5,1,editorial review board,Edward I Newman,Bristol,England,M,SE,
FUNECOL,1991,5,1,editorial review board,john W Porter,Wisconsin,USA,M,SE,
FUNECOL,1991,5,1,editorial review board,John Raven,Dundee,Scotland,M,SE,
FUNECOL,1991,5,1,editorial review board,Robert E Ricklefs,Pennsylvania,USA,M,SE,
FUNECOL,1991,5,1,editorial review board,Barbara A Schaal,"Washington U, St Louis",USA,F,SE,
FUNECOL,1991,5,1,editorial review board,Richard M Sibly,Reading,England,M,SE,
FUNECOL,1991,5,1,editorial review board,Ward B Watt,Stanford,USA,M,SE,
FUNECOL,1991,5,1,editorial review board,Robin J Wootton,Aberystwyth,Wales,M,SE,
FUNECOL,1992,6,1,editor,Peter Calow,Sheffield,England,M,EIC,
FUNECOL,1992,6,1,editor,John Grace,Edinburgh,Scotland,M,EIC,
FUNECOL,1992,6,1,editorial review board,Brian L Bayne,Plymouth,England,M,SE,
FUNECOL,1992,6,1,editorial review board,Carol L Boggs,Colorado,USA,F,SE,
FUNECOL,1992,6,1,editorial review board,Martyn M Caldwell,Utah,USA,M,SE,
FUNECOL,1992,6,1,editorial review board,John WH Dacey,Woods Hole,USA,M,SE,
FUNECOL,1992,6,1,editorial review board,James R Ehleringer,Utah,USA,M,SE,
FUNECOL,1992,6,1,editorial review board,Graham D Farquhar,Canberra,Australia,M,SE,
FUNECOL,1992,6,1,editorial review board,Tom Fenchel,Copenhagen,Denmark,M,SE,
FUNECOL,1992,6,1,editorial review board,Peter J Grubb,Cambridge,England,M,SE,
FUNECOL,1992,6,1,editorial review board,Peter W Hochachka,Vancouver,Canada,M,SE,
FUNECOL,1992,6,1,editorial review board,Sunao Kawano,Kyoto,Japan,M,SE,
FUNECOL,1992,6,1,editorial review board,Christian Korner,Innsbruck,Austria,M,SE,
FUNECOL,1992,6,1,editorial review board,Brian K McNab,Florida,USA,M,SE,
FUNECOL,1992,6,1,editorial review board,Edward I Newman,Bristol,England,M,SE,
FUNECOL,1992,6,1,editorial review board,john W Porter,Wisconsin,USA,M,SE,
FUNECOL,1992,6,1,editorial review board,John Raven,Dundee,Scotland,M,SE,
FUNECOL,1992,6,1,editorial review board,Robert E Ricklefs,Pennsylvania,USA,M,SE,
FUNECOL,1992,6,1,editorial review board,Barbara A Schaal,"Washington U, St Louis",USA,F,SE,
FUNECOL,1992,6,1,editorial review board,Richard M Sibly,Reading,England,M,SE,
FUNECOL,1992,6,1,editorial review board,Ward B Watt,Stanford,USA,M,SE,
FUNECOL,1992,6,1,editorial review board,Robin J Wootton,Aberystwyth,Wales,M,SE,
FUNECOL,1993,7,1,editor,Peter Calow,Sheffield,England,M,EIC,
FUNECOL,1993,7,1,editor,John Grace,Edinburgh,Scotland,M,EIC,
FUNECOL,1993,7,1,editorial review board,Brian L Bayne,Plymouth,England,M,SE,
FUNECOL,1993,7,1,editorial review board,Carol L Boggs,Colorado,USA,F,SE,
FUNECOL,1993,7,1,editorial review board,Martyn M Caldwell,Utah,USA,M,SE,
FUNECOL,1993,7,1,editorial review board,John WH Dacey,Woods Hole,USA,M,SE,
FUNECOL,1993,7,1,editorial review board,James R Ehleringer,Utah,USA,M,SE,
FUNECOL,1993,7,1,editorial review board,Graham D Farquhar,Canberra,Australia,M,SE,
FUNECOL,1993,7,1,editorial review board,Tom Fenchel,Copenhagen,Denmark,M,SE,
FUNECOL,1993,7,1,editorial review board,Peter J Grubb,Cambridge,England,M,SE,
FUNECOL,1993,7,1,editorial review board,Peter W Hochachka,Vancouver,Canada,M,SE,
FUNECOL,1993,7,1,editorial review board,Sunao Kawano,Kyoto,Japan,M,SE,
FUNECOL,1993,7,1,editorial review board,Christian Korner,Innsbruck,Austria,M,SE,
FUNECOL,1993,7,1,editorial review board,Brian K McNab,Florida,USA,M,SE,
FUNECOL,1993,7,1,editorial review board,Edward I Newman,Bristol,England,M,SE,
FUNECOL,1993,7,1,editorial review board,john W Porter,Wisconsin,USA,M,SE,
FUNECOL,1993,7,1,editorial review board,John Raven,Dundee,Scotland,M,SE,
FUNECOL,1993,7,1,editorial review board,Robert E Ricklefs,Pennsylvania,USA,M,SE,
FUNECOL,1993,7,1,editorial review board,Barbara A Schaal,"Washington U, St Louis",USA,F,SE,
FUNECOL,1993,7,1,editorial review board,Richard M Sibly,Reading,England,M,SE,
FUNECOL,1993,7,1,editorial review board,Ward B Watt,Stanford,USA,M,SE,
FUNECOL,1993,7,1,editorial review board,Robin J Wootton,Aberystwyth,Wales,M,SE,
FUNECOL,1994,8,1,editor,Peter Calow,Sheffield,England,M,EIC,
FUNECOL,1994,8,1,editor,John Grace,Edinburgh,Scotland,M,EIC,
FUNECOL,1994,8,1,editorial review board,Brian L Bayne,Plymouth,England,M,SE,
FUNECOL,1994,8,1,editorial review board,Carol L Boggs,Colorado,USA,F,SE,
FUNECOL,1994,8,1,editorial review board,Martyn M Caldwell,Utah,USA,M,SE,
FUNECOL,1994,8,1,editorial review board,John WH Dacey,Woods Hole,USA,M,SE,
FUNECOL,1994,8,1,editorial review board,James R Ehleringer,Utah,USA,M,SE,
FUNECOL,1994,8,1,editorial review board,Graham D Farquhar,Canberra,Australia,M,SE,
FUNECOL,1994,8,1,editorial review board,Tom Fenchel,Copenhagen,Denmark,M,SE,
FUNECOL,1994,8,1,editorial review board,Peter J Grubb,Cambridge,England,M,SE,
FUNECOL,1994,8,1,editorial review board,Peter W Hochachka,Vancouver,Canada,M,SE,
FUNECOL,1994,8,1,editorial review board,Sunao Kawano,Kyoto,Japan,M,SE,
FUNECOL,1994,8,1,editorial review board,Christian Korner,Innsbruck,Austria,M,SE,
FUNECOL,1994,8,1,editorial review board,Brian K McNab,Florida,USA,M,SE,
FUNECOL,1994,8,1,editorial review board,Edward I Newman,Bristol,England,M,SE,
FUNECOL,1994,8,1,editorial review board,john W Porter,Wisconsin,USA,M,SE,
FUNECOL,1994,8,1,editorial review board,John Raven,Dundee,Scotland,M,SE,
FUNECOL,1994,8,1,editorial review board,Robert E Ricklefs,Pennsylvania,USA,M,SE,
FUNECOL,1994,8,1,editorial review board,Barbara A Schaal,"Washington U, St Louis",USA,F,SE,
FUNECOL,1994,8,1,editorial review board,Richard M Sibly,Reading,England,M,SE,
FUNECOL,1994,8,1,editorial review board,Ward B Watt,Stanford,USA,M,SE,
FUNECOL,1994,8,1,editorial review board,Robin J Wootton,Aberystwyth,Wales,M,SE,
FUNECOL,1995,9,1,editor,Peter Calow,Sheffield,England,M,EIC,
FUNECOL,1995,9,1,editor,John Grace,Edinburgh,Scotland,M,EIC,
FUNECOL,1995,9,1,editorial review board,Brian L Bayne,Plymouth,England,M,SE,
FUNECOL,1995,9,1,editorial review board,Carol L Boggs,Colorado,USA,F,SE,
FUNECOL,1995,9,1,editorial review board,Martyn M Caldwell,Utah,USA,M,SE,
FUNECOL,1995,9,1,editorial review board,John WH Dacey,Woods Hole,USA,M,SE,
FUNECOL,1995,9,1,editorial review board,James R Ehleringer,Utah,USA,M,SE,
FUNECOL,1995,9,1,editorial review board,Graham D Farquhar,Canberra,Australia,M,SE,
FUNECOL,1995,9,1,editorial review board,Tom Fenchel,Copenhagen,Denmark,M,SE,
FUNECOL,1995,9,1,editorial review board,Peter J Grubb,Cambridge,England,M,SE,
FUNECOL,1995,9,1,editorial review board,Peter W Hochachka,Vancouver,Canada,M,SE,
FUNECOL,1995,9,1,editorial review board,Sunao Kawano,Kyoto,Japan,M,SE,
FUNECOL,1995,9,1,editorial review board,Christian Korner,Innsbruck,Austria,M,SE,
FUNECOL,1995,9,1,editorial review board,Brian K McNab,Florida,USA,M,SE,
FUNECOL,1995,9,1,editorial review board,Edward I Newman,Bristol,England,M,SE,
FUNECOL,1995,9,1,editorial review board,john W Porter,Wisconsin,USA,M,SE,
FUNECOL,1995,9,1,editorial review board,John Raven,Dundee,Scotland,M,SE,
FUNECOL,1995,9,1,editorial review board,Robert E Ricklefs,Pennsylvania,USA,M,SE,
FUNECOL,1995,9,1,editorial review board,Barbara A Schaal,"Washington U, St Louis",USA,F,SE,
FUNECOL,1995,9,1,editorial review board,Richard M Sibly,Reading,England,M,SE,
FUNECOL,1995,9,1,editorial review board,Ward B Watt,Stanford,USA,M,SE,
FUNECOL,1995,9,1,editorial review board,Robin J Wootton,Aberystwyth,Wales,M,SE,
FUNECOL,1996,10,1,editor,Peter Calow,Sheffield,England,M,EIC,
FUNECOL,1996,10,1,editor,John Grace,Edinburgh,Scotland,M,EIC,
FUNECOL,1996,10,1,editorial review board,Brian L Bayne,Plymouth,England,M,SE,
FUNECOL,1996,10,1,editorial review board,Carol L Boggs,Colorado,USA,F,SE,
FUNECOL,1996,10,1,editorial review board,Martyn M Caldwell,Utah,USA,M,SE,
FUNECOL,1996,10,1,editorial review board,John WH Dacey,Woods Hole,USA,M,SE,
FUNECOL,1996,10,1,editorial review board,James R Ehleringer,Utah,USA,M,SE,
FUNECOL,1996,10,1,editorial review board,Graham D Farquhar,Canberra,Australia,M,SE,
FUNECOL,1996,10,1,editorial review board,Tom Fenchel,Copenhagen,Denmark,M,SE,
FUNECOL,1996,10,1,editorial review board,Peter J Grubb,Cambridge,England,M,SE,
FUNECOL,1996,10,1,editorial review board,Peter W Hochachka,Vancouver,Canada,M,SE,
FUNECOL,1996,10,1,editorial review board,Sunao Kawano,Kyoto,Japan,M,SE,
FUNECOL,1996,10,1,editorial review board,Christian Korner,Innsbruck,Austria,M,SE,
FUNECOL,1996,10,1,editorial review board,Brian K McNab,Florida,USA,M,SE,
FUNECOL,1996,10,1,editorial review board,Edward I Newman,Bristol,England,M,SE,
FUNECOL,1996,10,1,editorial review board,john W Porter,Wisconsin,USA,M,SE,
FUNECOL,1996,10,1,editorial review board,John Raven,Dundee,Scotland,M,SE,
FUNECOL,1996,10,1,editorial review board,Robert E Ricklefs,Pennsylvania,USA,M,SE,
FUNECOL,1996,10,1,editorial review board,Barbara A Schaal,"Washington U, St Louis",USA,F,SE,
FUNECOL,1996,10,1,editorial review board,Richard M Sibly,Reading,England,M,SE,
FUNECOL,1996,10,1,editorial review board,Ward B Watt,Stanford,USA,M,SE,
FUNECOL,1996,10,1,editorial review board,Robin J Wootton,Aberystwyth,Wales,M,SE,
FUNECOL,1997,11,1,editor,Peter Calow,Sheffield,England,M,EIC,
FUNECOL,1997,11,1,editor,John Grace,Edinburgh,Scotland,M,EIC,
FUNECOL,1997,11,1,editorial review board,Brian L Bayne,Plymouth,England,M,SE,
FUNECOL,1997,11,1,editorial review board,Carol L Boggs,Colorado,USA,F,SE,
FUNECOL,1997,11,1,editorial review board,Martyn M Caldwell,Utah,USA,M,SE,
FUNECOL,1997,11,1,editorial review board,John WH Dacey,Woods Hole,USA,M,SE,
FUNECOL,1997,11,1,editorial review board,James R Ehleringer,Utah,USA,M,SE,
FUNECOL,1997,11,1,editorial review board,Graham D Farquhar,Canberra,Australia,M,SE,
FUNECOL,1997,11,1,editorial review board,Tom Fenchel,Copenhagen,Denmark,M,SE,
FUNECOL,1997,11,1,editorial review board,Peter J Grubb,Cambridge,England,M,SE,
FUNECOL,1997,11,1,editorial review board,Peter W Hochachka,Vancouver,Canada,M,SE,
FUNECOL,1997,11,1,editorial review board,Sunao Kawano,Kyoto,Japan,M,SE,
FUNECOL,1997,11,1,editorial review board,Christian Korner,Innsbruck,Austria,M,SE,
FUNECOL,1997,11,1,editorial review board,Brian K McNab,Florida,USA,M,SE,
FUNECOL,1997,11,1,editorial review board,Edward I Newman,Bristol,England,M,SE,
FUNECOL,1997,11,1,editorial review board,john W Porter,Wisconsin,USA,M,SE,
FUNECOL,1997,11,1,editorial review board,John Raven,Dundee,Scotland,M,SE,
FUNECOL,1997,11,1,editorial review board,Robert E Ricklefs,Pennsylvania,USA,M,SE,
FUNECOL,1997,11,1,editorial review board,Barbara A Schaal,"Washington U, St Louis",USA,F,SE,
FUNECOL,1997,11,1,editorial review board,Richard M Sibly,Reading,England,M,SE,
FUNECOL,1997,11,1,editorial review board,Ward B Watt,Stanford,USA,M,SE,
FUNECOL,1997,11,1,editorial review board,Robin J Wootton,Aberystwyth,Wales,M,SE,
FUNECOL,1998,12,1,editor,Peter Calow,Sheffield,England,M,EIC,
FUNECOL,1998,12,1,editor,John Grace,Edinburgh,Scotland,M,EIC,
FUNECOL,1998,12,1,editorial review board,Brian L Bayne,Plymouth,England,M,SE,
FUNECOL,1998,12,1,editorial review board,Carol L Boggs,Colorado,USA,F,SE,
FUNECOL,1998,12,1,editorial review board,Martyn M Caldwell,Utah,USA,M,SE,
FUNECOL,1998,12,1,editorial review board,John WH Dacey,Woods Hole,USA,M,SE,
FUNECOL,1998,12,1,editorial review board,James R Ehleringer,Utah,USA,M,SE,
FUNECOL,1998,12,1,editorial review board,Graham D Farquhar,Canberra,Australia,M,SE,
FUNECOL,1998,12,1,editorial review board,Tom Fenchel,Copenhagen,Denmark,M,SE,
FUNECOL,1998,12,1,editorial review board,Peter J Grubb,Cambridge,England,M,SE,
FUNECOL,1998,12,1,editorial review board,Peter W Hochachka,Vancouver,Canada,M,SE,
FUNECOL,1998,12,1,editorial review board,Sunao Kawano,Kyoto,Japan,M,SE,
FUNECOL,1998,12,1,editorial review board,Christian Korner,Innsbruck,Austria,M,SE,
FUNECOL,1998,12,1,editorial review board,Brian K McNab,Florida,USA,M,SE,
FUNECOL,1998,12,1,editorial review board,Edward I Newman,Bristol,England,M,SE,
FUNECOL,1998,12,1,editorial review board,john W Porter,Wisconsin,USA,M,SE,
FUNECOL,1998,12,1,editorial review board,John Raven,Dundee,Scotland,M,SE,
FUNECOL,1998,12,1,editorial review board,Robert E Ricklefs,Pennsylvania,USA,M,SE,
FUNECOL,1998,12,1,editorial review board,Barbara A Schaal,"Washington U, St Louis",USA,F,SE,
FUNECOL,1998,12,1,editorial review board,Richard M Sibly,Reading,England,M,SE,
FUNECOL,1998,12,1,editorial review board,Ward B Watt,Stanford,USA,M,SE,
FUNECOL,1998,12,1,editorial review board,Robin J Wootton,Aberystwyth,Wales,M,SE,
FUNECOL,1999,13,1,editor,Peter Calow,Sheffield,England,M,EIC,
FUNECOL,1999,13,1,editor,Kevin Gaston,Sheffield,England,M,EIC,
FUNECOL,1999,13,1,editor,John Grace,Edinburgh,Scotland,M,EIC,
FUNECOL,1999,13,1,editorial review board,Brian L Bayne,Plymouth,England,M,SE,
FUNECOL,1999,13,1,editorial review board,Carol L Boggs,Colorado,USA,F,SE,
FUNECOL,1999,13,1,editorial review board,Martyn M Caldwell,Utah,USA,M,SE,
FUNECOL,1999,13,1,editorial review board,John WH Dacey,Woods Hole,USA,M,SE,
FUNECOL,1999,13,1,editorial review board,James R Ehleringer,Utah,USA,M,SE,
FUNECOL,1999,13,1,editorial review board,Graham D Farquhar,Canberra,Australia,M,SE,
FUNECOL,1999,13,1,editorial review board,Tom Fenchel,Copenhagen,Denmark,M,SE,
FUNECOL,1999,13,1,editorial review board,Peter J Grubb,Cambridge,England,M,SE,
FUNECOL,1999,13,1,editorial review board,Peter W Hochachka,Vancouver,Canada,M,SE,
FUNECOL,1999,13,1,editorial review board,Sunao Kawano,Kyoto,Japan,M,SE,
FUNECOL,1999,13,1,editorial review board,Christian Korner,Innsbruck,Austria,M,SE,
FUNECOL,1999,13,1,editorial review board,Brian K McNab,Florida,USA,M,SE,
FUNECOL,1999,13,1,editorial review board,Edward I Newman,Bristol,England,M,SE,
FUNECOL,1999,13,1,editorial review board,john W Porter,Wisconsin,USA,M,SE,
FUNECOL,1999,13,1,editorial review board,John Raven,Dundee,Scotland,M,SE,
FUNECOL,1999,13,1,editorial review board,Robert E Ricklefs,Pennsylvania,USA,M,SE,
FUNECOL,1999,13,1,editorial review board,Barbara A Schaal,"Washington U, St Louis",USA,F,SE,
FUNECOL,1999,13,1,editorial review board,Richard M Sibly,Reading,England,M,SE,
FUNECOL,1999,13,1,editorial review board,Ward B Watt,Stanford,USA,M,SE,
FUNECOL,1999,13,1,editorial review board,Robin J Wootton,Aberystwyth,Wales,M,SE,
FUNECOL,2000,14,1,editor,Kevin Gaston,Sheffield,England,M,EIC,
FUNECOL,2000,14,1,editor,David Robinson,Aberdeen,Scotland,M,EIC,
FUNECOL,2000,14,1,editorial review board,Martyn M Caldwell,Utah,USA,M,SE,
FUNECOL,2000,14,1,editorial review board,Steven L Chown,Pretoria,South Africa,M,SE,
FUNECOL,2000,14,1,editorial review board,Andrew Clarke,Cambridge,England,M,SE,
FUNECOL,2000,14,1,editorial review board,John WH Dacey,Woods Hole,USA,M,SE,
FUNECOL,2000,14,1,editorial review board,James R Ehleringer,Utah,USA,M,SE,
FUNECOL,2000,14,1,editorial review board,Graham D Farquhar,Canberra,Australia,M,SE,
FUNECOL,2000,14,1,editorial review board,Peter J Grubb,Cambridge,England,M,SE,
FUNECOL,2000,14,1,editorial review board,Raymond B Huey,"Seattle, WA",USA,M,SE,
FUNECOL,2000,14,1,editorial review board,T Hefin Jones,Ascot,England,M,SE,
FUNECOL,2000,14,1,editorial review board,Sunao Kawano,Kyoto,Japan,M,SE,
FUNECOL,2000,14,1,editorial review board,Christian Korner,Innsbruck,Austria,M,SE,
FUNECOL,2000,14,1,editorial review board,Jan Kozlowski,Krakow,Poland,M,SE,
FUNECOL,2000,14,1,editorial review board,Edward I Newman,Bristol,England,M,SE,
FUNECOL,2000,14,1,editorial review board,John Raven,Dundee,Scotland,M,SE,
FUNECOL,2000,14,1,editorial review board,Barbara A Schaal,"Washington U, St Louis",USA,F,SE,
FUNECOL,2000,14,1,editorial review board,John I Spicer,Sheffield,England,M,SE,
FUNECOL,2001,15,1,editor,Kevin Gaston,Sheffield,England,M,EIC,
FUNECOL,2001,15,1,editor,David Robinson,Aberdeen,Scotland,M,EIC,
FUNECOL,2001,15,1,editorial review board,Owen K Atkin,York,England,M,SE,
FUNECOL,2001,15,1,editorial review board,Martin G Barker,Aberdeen,Scotland,M,SE,
FUNECOL,2001,15,1,editorial review board,Joy Bergelson,Chicago,USA,F,SE,
FUNECOL,2001,15,1,editorial review board,Steven L Chown,Pretoria,South Africa,M,SE,
FUNECOL,2001,15,1,editorial review board,Andrew Clarke,Cambridge,England,M,SE,
FUNECOL,2001,15,1,editorial review board,Raymond B Huey,"Seattle, WA",USA,M,SE,
FUNECOL,2001,15,1,editorial review board,Robert B Jackson,Duke,USA,M,SE,
FUNECOL,2001,15,1,editorial review board,Clive G Jones,Millbrook,USA,M,SE,
FUNECOL,2001,15,1,editorial review board,T Hefin Jones,Cardiff,Wales,M,SE,
FUNECOL,2001,15,1,editorial review board,Sunao Kawano,Kyoto,Japan,M,SE,
FUNECOL,2001,15,1,editorial review board,Jan Kozlowski,Krakow,Poland,M,SE,
FUNECOL,2001,15,1,editorial review board,Jon Lloyd,Jena,Germany,M,SE,
FUNECOL,2001,15,1,editorial review board,Mark R Macnair,Exeter,England,M,SE,
FUNECOL,2001,15,1,editorial review board,John Raven,Dundee,Scotland,M,SE,
FUNECOL,2001,15,1,editorial review board,John I Spicer,Sheffield,England,M,SE,
FUNECOL,2002,16,1,editor,Kevin Gaston,Sheffield,England,M,EIC,
FUNECOL,2002,16,1,editor,David Robinson,Aberdeen,Scotland,M,EIC,
FUNECOL,2002,16,1,editor,Steven L Chown,Stellenbosch,South Africa,M,EIC,
FUNECOL,2002,16,1,editorial review board,Owen K Atkin,York,England,M,SE,
FUNECOL,2002,16,1,editorial review board,Martin G Barker,Aberdeen,Scotland,M,SE,
FUNECOL,2002,16,1,editorial review board,Joy Bergelson,Chicago,USA,F,SE,
FUNECOL,2002,16,1,editorial review board,David Berrigan,Bethesda,USA,M,SE,
FUNECOL,2002,16,1,editorial review board,Andrew Clarke,Cambridge,England,M,SE,
FUNECOL,2002,16,1,editorial review board,Raymond B Huey,"Seattle, WA",USA,M,SE,
FUNECOL,2002,16,1,editorial review board,Robert B Jackson,Duke,USA,M,SE,
FUNECOL,2002,16,1,editorial review board,Clive G Jones,Millbrook,USA,M,SE,
FUNECOL,2002,16,1,editorial review board,T Hefin Jones,Cardiff,Wales,M,SE,
FUNECOL,2002,16,1,editorial review board,William H Karasov,Wisconsin,USA,M,SE,
FUNECOL,2002,16,1,editorial review board,Jan Kozlowski,Krakow,Poland,M,SE,
FUNECOL,2002,16,1,editorial review board,Jon Lloyd,Jena,Germany,M,SE,
FUNECOL,2002,16,1,editorial review board,Mark R Macnair,Exeter,England,M,SE,
FUNECOL,2002,16,1,editorial review board,John Raven,Dundee,Scotland,M,SE,
FUNECOL,2002,16,1,editorial review board,John I Spicer,Plymouth,England,M,SE,
FUNECOL,2003,17,1,editor,Kevin Gaston,Sheffield,England,M,EIC,
FUNECOL,2003,17,1,editor,David Robinson,Aberdeen,Scotland,M,EIC,
FUNECOL,2003,17,1,editor,Steven L Chown,Stellenbosch,South Africa,M,EIC,
FUNECOL,2003,17,1,editorial review board,Owen K Atkin,York,England,M,SE,
FUNECOL,2003,17,1,editorial review board,Martin G Barker,Aberdeen,Scotland,M,SE,
FUNECOL,2003,17,1,editorial review board,Joy Bergelson,Chicago,USA,F,SE,
FUNECOL,2003,17,1,editorial review board,David Berrigan,Bethesda,USA,M,SE,
FUNECOL,2003,17,1,editorial review board,Andrew Clarke,Cambridge,England,M,SE,
FUNECOL,2003,17,1,editorial review board,Raymond B Huey,"Seattle, WA",USA,M,SE,
FUNECOL,2003,17,1,editorial review board,Robert B Jackson,Duke,USA,M,SE,
FUNECOL,2003,17,1,editorial review board,Clive G Jones,Millbrook,USA,M,SE,
FUNECOL,2003,17,1,editorial review board,T Hefin Jones,Cardiff,Wales,M,SE,
FUNECOL,2003,17,1,editorial review board,William H Karasov,Wisconsin,USA,M,SE,
FUNECOL,2003,17,1,editorial review board,Jan Kozlowski,Krakow,Poland,M,SE,
FUNECOL,2003,17,1,editorial review board,Jon Lloyd,Jena,Germany,M,SE,
FUNECOL,2003,17,1,editorial review board,Mark R Macnair,Exeter,England,M,SE,
FUNECOL,2003,17,1,editorial review board,John Raven,Dundee,Scotland,M,SE,
FUNECOL,2003,17,1,editorial review board,John I Spicer,Plymouth,England,M,SE,
FUNECOL,2004,18,1,editor,Kevin Gaston,Sheffield,England,M,EIC,
FUNECOL,2004,18,1,editor,David Robinson,Aberdeen,Scotland,M,EIC,
FUNECOL,2004,18,1,editor,Steven L Chown,Stellenbosch,South Africa,M,EIC,
FUNECOL,2004,18,1,editorial review board,Owen K Atkin,York,England,M,SE,
FUNECOL,2004,18,1,editorial review board,Martin G Barker,Aberdeen,Scotland,M,SE,
FUNECOL,2004,18,1,editorial review board,Joy Bergelson,Chicago,USA,F,SE,
FUNECOL,2004,18,1,editorial review board,David Berrigan,Bethesda,USA,M,SE,
FUNECOL,2004,18,1,editorial review board,Andrew Clarke,Cambridge,England,M,SE,
FUNECOL,2004,18,1,editorial review board,David Griffiths,Ulster,Northern Ireland,M,SE,
FUNECOL,2004,18,1,editorial review board,Raymond B Huey,"Seattle, WA",USA,M,SE,
FUNECOL,2004,18,1,editorial review board,Robert B Jackson,Duke,USA,M,SE,
FUNECOL,2004,18,1,editorial review board,Sue Jackson,Stellenbosch,South Africa,F,SE,
FUNECOL,2004,18,1,editorial review board,Clive G Jones,Millbrook,USA,M,SE,
FUNECOL,2004,18,1,editorial review board,T Hefin Jones,Cardiff,Wales,M,SE,
FUNECOL,2004,18,1,editorial review board,William H Karasov,Wisconsin,USA,M,SE,
FUNECOL,2004,18,1,editorial review board,Jan Kozlowski,Krakow,Poland,M,SE,
FUNECOL,2004,18,1,editorial review board,Jon Lloyd,Jena,Germany,M,SE,
FUNECOL,2004,18,1,editorial review board,Mark R Macnair,Exeter,England,M,SE,
FUNECOL,2004,18,1,editorial review board,Owen L Petchey,Sheffield,England,M,SE,
FUNECOL,2004,18,1,editorial review board,John Raven,Dundee,Scotland,M,SE,
FUNECOL,2004,18,1,editorial review board,John I Spicer,Plymouth,England,M,SE,
FUNECOL,2005,19,1,editor,Kevin Gaston,Sheffield,England,M,EIC,
FUNECOL,2005,19,1,editor,David Robinson,Aberdeen,Scotland,M,EIC,
FUNECOL,2005,19,1,editor,Steven L Chown,Stellenbosch,South Africa,M,EIC,
FUNECOL,2005,19,1,editor,Charles Fox,Kentucky,USA,M,EIC,
FUNECOL,2005,19,1,editor,Ken Thompson,Sheffield,England,M,EIC,
FUNECOL,2005,19,1,editorial review board,Owen K Atkin,York,England,M,SE,
FUNECOL,2005,19,1,editorial review board,Martin G Barker,Aberdeen,Scotland,M,SE,
FUNECOL,2005,19,1,editorial review board,Joy Bergelson,Chicago,USA,F,SE,
FUNECOL,2005,19,1,editorial review board,David Berrigan,Bethesda,USA,M,SE,
FUNECOL,2005,19,1,editorial review board,Francisco Bozinovic,Santiago,Chile,M,SE,
FUNECOL,2005,19,1,editorial review board,Andrew Clarke,Cambridge,England,M,SE,
FUNECOL,2005,19,1,editorial review board,David Griffiths,Ulster,Northern Ireland,M,SE,
FUNECOL,2005,19,1,editorial review board,Raymond B Huey,"Seattle, WA",USA,M,SE,
FUNECOL,2005,19,1,editorial review board,Jeffrey A Hutchings,Dalhousie University,Canada,M,SE,
FUNECOL,2005,19,1,editorial review board,Robert B Jackson,Duke,USA,M,SE,
FUNECOL,2005,19,1,editorial review board,Sue Jackson,Stellenbosch,South Africa,F,SE,
FUNECOL,2005,19,1,editorial review board,Clive G Jones,Millbrook,USA,M,SE,
FUNECOL,2005,19,1,editorial review board,T Hefin Jones,Cardiff,Wales,M,SE,
FUNECOL,2005,19,1,editorial review board,Jan Kozlowski,Krakow,Poland,M,SE,
FUNECOL,2005,19,1,editorial review board,Jon Lloyd,Jena,Germany,M,SE,
FUNECOL,2005,19,1,editorial review board,Mark R Macnair,Exeter,England,M,SE,
FUNECOL,2005,19,1,editorial review board,Lloyd S Peck,Cambridge,England,M,SE,
FUNECOL,2005,19,1,editorial review board,Owen L Petchey,Sheffield,England,M,SE,
FUNECOL,2005,19,1,editorial review board,John Raven,Dundee,Scotland,M,SE,
FUNECOL,2006,20,1,editor,Steven L Chown,Stellenbosch,South Africa,M,EIC,
FUNECOL,2006,20,1,editor,Charles Fox,Kentucky,USA,M,EIC,
FUNECOL,2006,20,1,editor,Ken Thompson,Sheffield,England,M,EIC,
FUNECOL,2006,20,1,editor,James Cresswell,Exeter,England,M,EIC,
FUNECOL,2006,20,1,editor,Frank Messina,Utah State,USA,M,EIC,
FUNECOL,2006,20,1,associate editor,Michael J Angilletta,Indiana,USA,M,SE,
FUNECOL,2006,20,1,associate editor,Owen K Atkin,York,England,M,SE,
FUNECOL,2006,20,1,associate editor,Alexander V Badyaev,Arizona,USA,M,SE,
FUNECOL,2006,20,1,associate editor,Craig W Benkman,Wyoming,USA,M,SE,
FUNECOL,2006,20,1,associate editor,Carol L Boggs,Stanford,USA,F,SE,
FUNECOL,2006,20,1,associate editor,Gary R Bortolotti,Saskatchewan,Canada,M,SE,
FUNECOL,2006,20,1,associate editor,Francisco Bozinovic,Santiago,Chile,M,SE,
FUNECOL,2006,20,1,associate editor,María J I Briones,Vigo,Spain,F,SE,
FUNECOL,2006,20,1,associate editor,Andrew Clarke,Cambridge,England,M,SE,
FUNECOL,2006,20,1,associate editor,Daniel P Costa,Santa Cruz,USA,M,SE,
FUNECOL,2006,20,1,associate editor,James W Dalling,Illinois,USA,M,SE,
FUNECOL,2006,20,1,associate editor,Christian Damgaard,NERI,Denmark,M,SE,
FUNECOL,2006,20,1,associate editor,Alistair Dawson,Monks Wood,England,M,SE,
FUNECOL,2006,20,1,associate editor,J Daniel Hare,Riverside,USA,M,SE,
FUNECOL,2006,20,1,associate editor,Marcel G A van der Heijden,Amsterdam,Netherlands,M,SE,
FUNECOL,2006,20,1,associate editor,Peeter Horak,Tartu,Estonia,M,SE,
FUNECOL,2006,20,1,associate editor,Duncan J Irschick,Tulane,USA,M,SE,
FUNECOL,2006,20,1,associate editor,Sue Jackson,Stellenbosch,South Africa,F,SE,
FUNECOL,2006,20,1,associate editor,Clive G Jones,Millbrook,USA,M,SE,
FUNECOL,2006,20,1,associate editor,T Hefin Jones,Cardiff,Wales,M,SE,
FUNECOL,2006,20,1,associate editor,Jan Kozlowski,Krakow,Poland,M,SE,
FUNECOL,2006,20,1,associate editor,Gaku Kudo,Hokkaido,Japan,M,SE,
FUNECOL,2006,20,1,associate editor,Peter Mayhew,York,England,M,SE,
FUNECOL,2006,20,1,associate editor,Kevin J McGraw,Arizona,USA,M,SE,
FUNECOL,2006,20,1,associate editor,Brian K McNab,Florida,USA,M,SE,
FUNECOL,2006,20,1,associate editor,Peter H Niewiarowski,Ohio,USA,M,SE,
FUNECOL,2006,20,1,associate editor,Owen L Petchey,Sheffield,England,M,SE,
FUNECOL,2006,20,1,associate editor,Gareth K Phoenix,Sheffield,England,M,SE,
FUNECOL,2006,20,1,associate editor,David Raubenheimer,Auckland,New Zeland,M,SE,
FUNECOL,2006,20,1,associate editor,Heather L Reynolds,Indiana,USA,F,SE,
FUNECOL,2006,20,1,associate editor,David N Reznick,Riverside,USA,M,SE,
FUNECOL,2006,20,1,associate editor,James H Richards,Davis,USA,M,SE,
FUNECOL,2006,20,1,associate editor,Lawren Sack,Hawaii,USA,M,SE,
FUNECOL,2006,20,1,associate editor,Michael T Siva-Jothy,Sheffield,USA,M,SE,
FUNECOL,2006,20,1,associate editor,Juan José Soler,CSIC,Spain,M,SE,
FUNECOL,2006,20,1,associate editor,Raoul van Damme,Antwerp,Belgium,M,SE,
FUNECOL,2006,20,1,associate editor,Jeffrey A Walker,Maine,USA,M,SE,
FUNECOL,2006,20,1,associate editor,David Whitehead,Landcare Research,New Zeland,M,SE,
FUNECOL,2006,20,1,associate editor,Tony D Williams,Simon Fraser University,Canada,M,SE,
FUNECOL,2006,20,1,associate editor,Ken Wilson,Lancaster,England,M,SE,
FUNECOL,2006,20,1,associate editor,Scott D Wilson,Regina,Canada,M,SE,
FUNECOL,2007,21,2,editor,Charles Fox,Kentucky,USA,M,EIC,
FUNECOL,2007,21,2,editor,Ken Thompson,Sheffield,England,M,EIC,
FUNECOL,2007,21,2,editor,James Cresswell,Exeter,England,M,EIC,
FUNECOL,2007,21,2,editor,Frank Messina,Utah State,USA,M,EIC,
FUNECOL,2007,21,2,associate editor,Michael J Angilletta,Indiana,USA,M,SE,
FUNECOL,2007,21,2,associate editor,Alexander V Badyaev,Arizona,USA,M,SE,
FUNECOL,2007,21,2,associate editor,Craig W Benkman,Wyoming,USA,M,SE,
FUNECOL,2007,21,2,associate editor,Carol L Boggs,Stanford,USA,F,SE,
FUNECOL,2007,21,2,associate editor,Gary R Bortolotti,Saskatchewan,Canada,M,SE,
FUNECOL,2007,21,2,associate editor,Francisco Bozinovic,Santiago,Chile,M,SE,
FUNECOL,2007,21,2,associate editor,María J I Briones,Vigo,Spain,F,SE,
FUNECOL,2007,21,2,associate editor,Scott P Carroll,California,USA,M,SE,
FUNECOL,2007,21,2,associate editor,Steven L Chown,Stellenbosch,South Africa,M,SE,
FUNECOL,2007,21,2,associate editor,Andrew Clarke,Cambridge,England,M,SE,
FUNECOL,2007,21,2,associate editor,Daniel P Costa,Santa Cruz,USA,M,SE,
FUNECOL,2007,21,2,associate editor,James W Dalling,Illinois,USA,M,SE,
FUNECOL,2007,21,2,associate editor,Christian Damgaard,NERI,Denmark,M,SE,
FUNECOL,2007,21,2,associate editor,Alistair Dawson,Monks Wood,England,M,SE,
FUNECOL,2007,21,2,associate editor,J Daniel Hare,Riverside,USA,M,SE,
FUNECOL,2007,21,2,associate editor,Marcel G A van der Heijden,Amsterdam,Netherlands,M,SE,
FUNECOL,2007,21,2,associate editor,Peeter Horak,Tartu,Estonia,M,SE,
FUNECOL,2007,21,2,associate editor,Duncan J Irschick,Tulane,USA,M,SE,
FUNECOL,2007,21,2,associate editor,Sue Jackson,Stellenbosch,South Africa,F,SE,
FUNECOL,2007,21,2,associate editor,Clive G Jones,Millbrook,USA,M,SE,
FUNECOL,2007,21,2,associate editor,T Hefin Jones,Cardiff,Wales,M,SE,
FUNECOL,2007,21,2,associate editor,Jan Kozlowski,Krakow,Poland,M,SE,
FUNECOL,2007,21,2,associate editor,Gaku Kudo,Hokkaido,Japan,M,SE,
FUNECOL,2007,21,2,associate editor,Peter Mayhew,York,England,M,SE,
FUNECOL,2007,21,2,associate editor,Kevin J McGraw,Arizona,USA,M,SE,
FUNECOL,2007,21,2,associate editor,Brian K McNab,Florida,USA,M,SE,
FUNECOL,2007,21,2,associate editor,Peter H Niewiarowski,Ohio,USA,M,SE,
FUNECOL,2007,21,2,associate editor,Owen L Petchey,Sheffield,England,M,SE,
FUNECOL,2007,21,2,associate editor,Gareth K Phoenix,Sheffield,England,M,SE,
FUNECOL,2007,21,2,associate editor,Lourens Poorter,Wageningen,Netherlands,M,SE,
FUNECOL,2007,21,2,associate editor,David Raubenheimer,Auckland,New Zeland,M,SE,
FUNECOL,2007,21,2,associate editor,Heather L Reynolds,Indiana,USA,F,SE,
FUNECOL,2007,21,2,associate editor,David N Reznick,Riverside,USA,M,SE,
FUNECOL,2007,21,2,associate editor,James H Richards,Davis,USA,M,SE,
FUNECOL,2007,21,2,associate editor,Lawren Sack,Hawaii,USA,M,SE,
FUNECOL,2007,21,2,associate editor,Michael T Siva-Jothy,Sheffield,USA,M,SE,
FUNECOL,2007,21,2,associate editor,Keith W Sockman,North Carolina,USA,M,SE,
FUNECOL,2007,21,2,associate editor,Juan José Soler,CSIC,Spain,M,SE,
FUNECOL,2007,21,2,associate editor,John Speakman,Aberdeen,Scotland,M,SE,
FUNECOL,2007,21,2,associate editor,Mark Tjoelker,Texas A&M,USA,M,SE,
FUNECOL,2007,21,2,associate editor,Raoul van Damme,Antwerp,Belgium,M,SE,
FUNECOL,2007,21,2,associate editor,Jeffrey A Walker,Maine,USA,M,SE,
FUNECOL,2007,21,2,associate editor,David Whitehead,Landcare Research,New Zeland,M,SE,
FUNECOL,2007,21,2,associate editor,Tony D Williams,Simon Fraser University,Canada,M,SE,
FUNECOL,2007,21,2,associate editor,Ken Wilson,Lancaster,England,M,SE,
FUNECOL,2007,21,2,associate editor,Scott D Wilson,Regina,Canada,M,SE,
FUNECOL,2008,22,1,editor,Charles Fox,Kentucky,USA,M,EIC,
FUNECOL,2008,22,1,editor,Ken Thompson,Sheffield,England,M,EIC,
FUNECOL,2008,22,1,editor,James Cresswell,Exeter,England,M,EIC,
FUNECOL,2008,22,1,editor,Frank Messina,Utah State,USA,M,EIC,
FUNECOL,2008,22,1,associate editor,Michael J Angilletta,Indiana,USA,M,SE,
FUNECOL,2008,22,1,associate editor,Kenneth Anthony,Queensland,Australia,M,SE,
FUNECOL,2008,22,1,associate editor,Alexander V Badyaev,Arizona,USA,M,SE,
FUNECOL,2008,22,1,associate editor,Craig W Benkman,Wyoming,USA,M,SE,
FUNECOL,2008,22,1,associate editor,Jon Blount,Exeter,England,M,SE,
FUNECOL,2008,22,1,associate editor,Carol L Boggs,Stanford,USA,F,SE,
FUNECOL,2008,22,1,associate editor,Gary R Bortolotti,Saskatchewan,Canada,M,SE,
FUNECOL,2008,22,1,associate editor,Francisco Bozinovic,Santiago,Chile,M,SE,
FUNECOL,2008,22,1,associate editor,María J I Briones,Vigo,Spain,F,SE,
FUNECOL,2008,22,1,associate editor,Scott P Carroll,California,USA,M,SE,
FUNECOL,2008,22,1,associate editor,Steven L Chown,Stellenbosch,South Africa,M,SE,
FUNECOL,2008,22,1,associate editor,Andrew Clarke,Cambridge,England,M,SE,
FUNECOL,2008,22,1,associate editor,Daniel P Costa,Santa Cruz,USA,M,SE,
FUNECOL,2008,22,1,associate editor,James W Dalling,Illinois,USA,M,SE,
FUNECOL,2008,22,1,associate editor,Christian Damgaard,NERI,Denmark,M,SE,
FUNECOL,2008,22,1,associate editor,Alistair Dawson,Monks Wood,England,M,SE,
FUNECOL,2008,22,1,associate editor,J Daniel Hare,Riverside,USA,M,SE,
FUNECOL,2008,22,1,associate editor,Marcel G A van der Heijden,Amsterdam,Netherlands,M,SE,
FUNECOL,2008,22,1,associate editor,Peeter Horak,Tartu,Estonia,M,SE,
FUNECOL,2008,22,1,associate editor,Duncan J Irschick,Tulane,USA,M,SE,
FUNECOL,2008,22,1,associate editor,Sue Jackson,Stellenbosch,South Africa,F,SE,
FUNECOL,2008,22,1,associate editor,Clive G Jones,Millbrook,USA,M,SE,
FUNECOL,2008,22,1,associate editor,T Hefin Jones,Cardiff,Wales,M,SE,
FUNECOL,2008,22,1,associate editor,Gaku Kudo,Hokkaido,Japan,M,SE,
FUNECOL,2008,22,1,associate editor,Peter Mayhew,York,England,M,SE,
FUNECOL,2008,22,1,associate editor,Kevin J McGraw,Arizona,USA,M,SE,
FUNECOL,2008,22,1,associate editor,Brian K McNab,Florida,USA,M,SE,
FUNECOL,2008,22,1,associate editor,Juan Moreno,Madrid,Spain,M,SE,
FUNECOL,2008,22,1,associate editor,Peter H Niewiarowski,Ohio,USA,M,SE,
FUNECOL,2008,22,1,associate editor,Owen L Petchey,Sheffield,England,M,SE,
FUNECOL,2008,22,1,associate editor,Gareth K Phoenix,Sheffield,England,M,SE,
FUNECOL,2008,22,1,associate editor,Lourens Poorter,Wageningen,Netherlands,M,SE,
FUNECOL,2008,22,1,associate editor,David Raubenheimer,Auckland,New Zeland,M,SE,
FUNECOL,2008,22,1,associate editor,Heather L Reynolds,Indiana,USA,F,SE,
FUNECOL,2008,22,1,associate editor,David N Reznick,Riverside,USA,M,SE,
FUNECOL,2008,22,1,associate editor,James H Richards,Davis,USA,M,SE,
FUNECOL,2008,22,1,associate editor,Lawren Sack,Hawaii,USA,M,SE,
FUNECOL,2008,22,1,associate editor,Michael T Siva-Jothy,Sheffield,USA,M,SE,
FUNECOL,2008,22,1,associate editor,Keith W Sockman,North Carolina,USA,M,SE,
FUNECOL,2008,22,1,associate editor,Juan José Soler,CSIC,Spain,M,SE,
FUNECOL,2008,22,1,associate editor,John Speakman,Aberdeen,Scotland,M,SE,
FUNECOL,2008,22,1,associate editor,Mark Tjoelker,Texas A&M,USA,M,SE,
FUNECOL,2008,22,1,associate editor,Matthew Turnbull,Christchurch,New Zeland,M,SE,
FUNECOL,2008,22,1,associate editor,Raoul van Damme,Antwerp,Belgium,M,SE,
FUNECOL,2008,22,1,associate editor,Jeffrey A Walker,Maine,USA,M,SE,
FUNECOL,2008,22,1,associate editor,David Whitehead,Landcare Research,New Zeland,M,SE,
FUNECOL,2008,22,1,associate editor,Tony D Williams,Simon Fraser University,Canada,M,SE,
FUNECOL,2008,22,1,associate editor,Ken Wilson,Lancaster,England,M,SE,
FUNECOL,2008,22,1,associate editor,Scott D Wilson,Regina,Canada,M,SE,
FUNECOL,2009,23,1,editor,Charles Fox,Kentucky,USA,M,EIC,
FUNECOL,2009,23,1,editor,Ken Thompson,Sheffield,England,M,EIC,
FUNECOL,2009,23,1,editor,James Cresswell,Exeter,England,M,EIC,
FUNECOL,2009,23,1,editor,Frank Messina,Utah State,USA,M,EIC,
FUNECOL,2009,23,1,guest editor,David Raubenheimer,Massey,New Zeland,M,,???
FUNECOL,2009,23,1,guest editor,Carol L Boggs,Stanford,USA,F,,???
FUNECOL,2009,23,1,associate editor,Michael J Angilletta,Indiana,USA,M,SE,
FUNECOL,2009,23,1,associate editor,Kenneth Anthony,Queensland,Australia,M,SE,
FUNECOL,2009,23,1,associate editor,Jennifer Baltzer,Sackville,Canada,F,SE,
FUNECOL,2009,23,1,associate editor,Wolf U Blanckenhorn,Zurich,Switzerland,M,SE,
FUNECOL,2009,23,1,associate editor,Jon Blount,Exeter,England,M,SE,
FUNECOL,2009,23,1,associate editor,Gary R Bortolotti,Saskatchewan,Canada,M,SE,
FUNECOL,2009,23,1,associate editor,María J I Briones,Vigo,Spain,F,SE,
FUNECOL,2009,23,1,associate editor,Scott P Carroll,California,USA,M,SE,
FUNECOL,2009,23,1,associate editor,Steven L Chown,Stellenbosch,South Africa,M,SE,
FUNECOL,2009,23,1,associate editor,Andrew Clarke,Cambridge,England,M,SE,
FUNECOL,2009,23,1,associate editor,Daniel P Costa,Santa Cruz,USA,M,SE,
FUNECOL,2009,23,1,associate editor,James W Dalling,Illinois,USA,M,SE,
FUNECOL,2009,23,1,associate editor,Christian Damgaard,NERI,Denmark,M,SE,
FUNECOL,2009,23,1,associate editor,Alistair Dawson,Monks Wood,England,M,SE,
FUNECOL,2009,23,1,associate editor,J Daniel Hare,Riverside,USA,M,SE,
FUNECOL,2009,23,1,associate editor,Peeter Horak,Tartu,Estonia,M,SE,
FUNECOL,2009,23,1,associate editor,Duncan J Irschick,Tulane,USA,M,SE,
FUNECOL,2009,23,1,associate editor,Sue Jackson,Stellenbosch,South Africa,F,SE,
FUNECOL,2009,23,1,associate editor,T Hefin Jones,Cardiff,Wales,M,SE,
FUNECOL,2009,23,1,associate editor,John Klironomos,Guelph,Canada,M,SE,
FUNECOL,2009,23,1,associate editor,Marek Konarzewski,Bialystok,Poland,M,SE,
FUNECOL,2009,23,1,associate editor,Gaku Kudo,Hokkaido,Japan,M,SE,
FUNECOL,2009,23,1,associate editor,Sara M Lewis,Tufts,USA,F,SE,
FUNECOL,2009,23,1,associate editor,Peter Mayhew,York,England,M,SE,
FUNECOL,2009,23,1,associate editor,Kevin J McGraw,Arizona,USA,M,SE,
FUNECOL,2009,23,1,associate editor,Juan Moreno,Madrid,Spain,M,SE,
FUNECOL,2009,23,1,associate editor,Peter H Niewiarowski,Ohio,USA,M,SE,
FUNECOL,2009,23,1,associate editor,Gareth K Phoenix,Sheffield,England,M,SE,
FUNECOL,2009,23,1,associate editor,Lourens Poorter,Wageningen,Netherlands,M,SE,
FUNECOL,2009,23,1,associate editor,David Raubenheimer,Auckland,New Zeland,M,SE,
FUNECOL,2009,23,1,associate editor,Heather L Reynolds,Indiana,USA,F,SE,
FUNECOL,2009,23,1,associate editor,David N Reznick,Riverside,USA,M,SE,
FUNECOL,2009,23,1,associate editor,Lawren Sack,Hawaii,USA,M,SE,
FUNECOL,2009,23,1,associate editor,Keith W Sockman,North Carolina,USA,M,SE,
FUNECOL,2009,23,1,associate editor,Juan José Soler,CSIC,Spain,M,SE,
FUNECOL,2009,23,1,associate editor,John Speakman,Aberdeen,Scotland,M,SE,
FUNECOL,2009,23,1,associate editor,Mark Tjoelker,Texas A&M,USA,M,SE,
FUNECOL,2009,23,1,associate editor,Matthew Turnbull,Christchurch,New Zeland,M,SE,
FUNECOL,2009,23,1,associate editor,Raoul van Damme,Antwerp,Belgium,M,SE,
FUNECOL,2009,23,1,associate editor,Peter C Wainwright,California,USA,M,SE,
FUNECOL,2009,23,1,associate editor,Jeffrey A Walker,Maine,USA,M,SE,
FUNECOL,2009,23,1,associate editor,David Whitehead,Landcare Research,New Zeland,M,SE,
FUNECOL,2009,23,1,associate editor,Tony D Williams,Simon Fraser University,Canada,M,SE,
FUNECOL,2009,23,1,associate editor,Ken Wilson,Lancaster,England,M,SE,
FUNECOL,2009,23,1,associate editor,Scott D Wilson,Regina,Canada,M,SE,
FUNECOL,2010,24,1,editor,Charles Fox,Kentucky,USA,M,EIC,
FUNECOL,2010,24,1,editor,Ken Thompson,Sheffield,England,M,EIC,
FUNECOL,2010,24,1,editor,Frank Messina,Utah State,USA,M,EIC,
FUNECOL,2010,24,1,associate editor,Edith B Allen,Riverside,USA,F,SE,
FUNECOL,2010,24,1,associate editor,Michael J Angilletta,Indiana,USA,M,SE,
FUNECOL,2010,24,1,associate editor,Niels P R Anten,Utrecht,Netherlands,M,SE,
FUNECOL,2010,24,1,associate editor,Jennifer Baltzer,Sackville,Canada,F,SE,
FUNECOL,2010,24,1,associate editor,Wolf U Blanckenhorn,Zurich,Switzerland,M,SE,
FUNECOL,2010,24,1,associate editor,Jon Blount,Exeter,England,M,SE,
FUNECOL,2010,24,1,associate editor,Gary R Bortolotti,Saskatchewan,Canada,M,SE,
FUNECOL,2010,24,1,associate editor,María J I Briones,Vigo,Spain,F,SE,
FUNECOL,2010,24,1,associate editor,Ryan Calsbeek,Dartmouth,USA,M,SE,
FUNECOL,2010,24,1,associate editor,Scott P Carroll,California,USA,M,SE,
FUNECOL,2010,24,1,associate editor,Steven L Chown,Stellenbosch,South Africa,M,SE,
FUNECOL,2010,24,1,associate editor,Daniel P Costa,Santa Cruz,USA,M,SE,
FUNECOL,2010,24,1,associate editor,James W Dalling,Illinois,USA,M,SE,
FUNECOL,2010,24,1,associate editor,Goggy Davidowitz,Arizona,USA,M,SE,
FUNECOL,2010,24,1,associate editor,Alistair Dawson,Monks Wood,England,M,SE,
FUNECOL,2010,24,1,associate editor,J Daniel Hare,Riverside,USA,M,SE,
FUNECOL,2010,24,1,associate editor,Peeter Horak,Tartu,Estonia,M,SE,
FUNECOL,2010,24,1,associate editor,Duncan J Irschick,Tulane,USA,M,SE,
FUNECOL,2010,24,1,associate editor,Sue Jackson,Stellenbosch,South Africa,F,SE,
FUNECOL,2010,24,1,associate editor,T Hefin Jones,Cardiff,Wales,M,SE,
FUNECOL,2010,24,1,associate editor,Adam D Kay,Minnesota,USA,M,SE,
FUNECOL,2010,24,1,associate editor,Kaoru Kitajima,Florida,USA,F,SE,
FUNECOL,2010,24,1,associate editor,John Klironomos,Guelph,Canada,M,SE,
FUNECOL,2010,24,1,associate editor,Marek Konarzewski,Bialystok,Poland,M,SE,
FUNECOL,2010,24,1,associate editor,Pawel Koteja,Krakow,Poland,M,SE,
FUNECOL,2010,24,1,associate editor,Gaku Kudo,Hokkaido,Japan,M,SE,
FUNECOL,2010,24,1,associate editor,Sara M Lewis,Tufts,USA,F,SE,
FUNECOL,2010,24,1,associate editor,Peter Mayhew,York,England,M,SE,
FUNECOL,2010,24,1,associate editor,Kevin J McGraw,Arizona,USA,M,SE,
FUNECOL,2010,24,1,associate editor,Juan Moreno,Madrid,Spain,M,SE,
FUNECOL,2010,24,1,associate editor,Peter H Niewiarowski,Ohio,USA,M,SE,
FUNECOL,2010,24,1,associate editor,Gareth K Phoenix,Sheffield,England,M,SE,
FUNECOL,2010,24,1,associate editor,Lourens Poorter,Wageningen,Netherlands,M,SE,
FUNECOL,2010,24,1,associate editor,David Raubenheimer,Auckland,New Zeland,M,SE,
FUNECOL,2010,24,1,associate editor,David N Reznick,Riverside,USA,M,SE,
FUNECOL,2010,24,1,associate editor,Lawren Sack,Hawaii,USA,M,SE,
FUNECOL,2010,24,1,associate editor,Keith W Sockman,North Carolina,USA,M,SE,
FUNECOL,2010,24,1,associate editor,Juan José Soler,CSIC,Spain,M,SE,
FUNECOL,2010,24,1,associate editor,Mark Tjoelker,Texas A&M,USA,M,SE,
FUNECOL,2010,24,1,associate editor,Kathleen K Treseder,California,USA,F,SE,
FUNECOL,2010,24,1,associate editor,Matthew Turnbull,Christchurch,New Zeland,M,SE,
FUNECOL,2010,24,1,associate editor,Raoul van Damme,Antwerp,Belgium,M,SE,
FUNECOL,2010,24,1,associate editor,Peter C Wainwright,California,USA,M,SE,
FUNECOL,2010,24,1,associate editor,Jeffrey A Walker,Maine,USA,M,SE,
FUNECOL,2010,24,1,associate editor,David Whitehead,Landcare Research,New Zeland,M,SE,
FUNECOL,2010,24,1,associate editor,Tony D Williams,Simon Fraser University,Canada,M,SE,
FUNECOL,2010,24,1,associate editor,Scott D Wilson,Regina,Canada,M,SE,
FUNECOL,2011,25,1,editor,Duncan J Irschick,Massachusetts,USA,M,EIC,
FUNECOL,2011,25,1,editor,Charles Fox,Kentucky,USA,M,EIC,
FUNECOL,2011,25,1,editor,Ken Thompson,Sheffield,England,M,EIC,
FUNECOL,2011,25,1,editor,Frank Messina,Utah State,USA,M,EIC,
FUNECOL,2011,25,1,guest editor,Lynn B Martin,South Florida,USA,F,,???
FUNECOL,2011,25,1,guest editor,Dana M Hawley,Virginia Tech,USA,F,,???
FUNECOL,2011,25,1,guest editor,Daniel Ardia,Franklin & Marshall,USA,M,,???
FUNECOL,2011,25,1,associate editor,Tia-Lynn Ashman,Pittsburgh,USA,F,SE,
FUNECOL,2011,25,1,associate editor,Edith B Allen,Riverside,USA,F,SE,
FUNECOL,2011,25,1,associate editor,Michael J Angilletta,Indiana,USA,M,SE,
FUNECOL,2011,25,1,associate editor,Niels P R Anten,Utrecht,Netherlands,M,SE,
FUNECOL,2011,25,1,associate editor,Jennifer Baltzer,Sackville,Canada,F,SE,
FUNECOL,2011,25,1,associate editor,Wolf U Blanckenhorn,Zurich,Switzerland,M,SE,
FUNECOL,2011,25,1,associate editor,Jon Blount,Exeter,England,M,SE,
FUNECOL,2011,25,1,associate editor,Gary R Bortolotti,Saskatchewan,Canada,M,SE,
FUNECOL,2011,25,1,associate editor,María J I Briones,Vigo,Spain,F,SE,
FUNECOL,2011,25,1,associate editor,Alison K Brody,Vermont,USA,F,SE,
FUNECOL,2011,25,1,associate editor,Diane R Campbell,California,USA,F,SE,
FUNECOL,2011,25,1,associate editor,Ryan Calsbeek,Dartmouth,USA,M,SE,
FUNECOL,2011,25,1,associate editor,Scott P Carroll,California,USA,M,SE,
FUNECOL,2011,25,1,associate editor,Daniel P Costa,Santa Cruz,USA,M,SE,
FUNECOL,2011,25,1,associate editor,James W Dalling,Illinois,USA,M,SE,
FUNECOL,2011,25,1,associate editor,Goggy Davidowitz,Arizona,USA,M,SE,
FUNECOL,2011,25,1,associate editor,Alistair Dawson,Monks Wood,England,M,SE,
FUNECOL,2011,25,1,associate editor,Jennifer Grindstaff,Oklahoma State,USA,F,SE,
FUNECOL,2011,25,1,associate editor,J Daniel Hare,Riverside,USA,M,SE,
FUNECOL,2011,25,1,associate editor,Peeter Horak,Tartu,Estonia,M,SE,
FUNECOL,2011,25,1,associate editor,Sue Jackson,Stellenbosch,South Africa,F,SE,
FUNECOL,2011,25,1,associate editor,T Hefin Jones,Cardiff,Wales,M,SE,
FUNECOL,2011,25,1,associate editor,Adam D Kay,Minnesota,USA,M,SE,
FUNECOL,2011,25,1,associate editor,Kaoru Kitajima,Florida,USA,F,SE,
FUNECOL,2011,25,1,associate editor,Marek Konarzewski,Bialystok,Poland,M,SE,
FUNECOL,2011,25,1,associate editor,Pawel Koteja,Krakow,Poland,M,SE,
FUNECOL,2011,25,1,associate editor,Gaku Kudo,Hokkaido,Japan,M,SE,
FUNECOL,2011,25,1,associate editor,Sara M Lewis,Tufts,USA,F,SE,
FUNECOL,2011,25,1,associate editor,Clare McArthur,Sydney,Australia,F,SE,
FUNECOL,2011,25,1,associate editor,Lynn B Martin,South Florida,USA,F,SE,
FUNECOL,2011,25,1,associate editor,Peter Mayhew,York,England,M,SE,
FUNECOL,2011,25,1,associate editor,Kevin J McGraw,Arizona,USA,M,SE,
FUNECOL,2011,25,1,associate editor,Juan Moreno,Madrid,Spain,M,SE,
FUNECOL,2011,25,1,associate editor,Peter H Niewiarowski,Ohio,USA,M,SE,
FUNECOL,2011,25,1,associate editor,Sheila Patek,Amherst,USA,M,SE,
FUNECOL,2011,25,1,associate editor,Michael Pfrender,Notre Dame,USA,M,SE,
FUNECOL,2011,25,1,associate editor,Gareth K Phoenix,Sheffield,England,M,SE,
FUNECOL,2011,25,1,associate editor,Lourens Poorter,Wageningen,Netherlands,M,SE,
FUNECOL,2011,25,1,associate editor,David Raubenheimer,Auckland,New Zeland,M,SE,
FUNECOL,2011,25,1,associate editor,David N Reznick,Riverside,USA,M,SE,
FUNECOL,2011,25,1,associate editor,Lawren Sack,Hawaii,USA,M,SE,
FUNECOL,2011,25,1,associate editor,Keith W Sockman,North Carolina,USA,M,SE,
FUNECOL,2011,25,1,associate editor,Mark Tjoelker,Texas A&M,USA,M,SE,
FUNECOL,2011,25,1,associate editor,Kathleen K Treseder,California,USA,F,SE,
FUNECOL,2011,25,1,associate editor,Matthew Turnbull,Christchurch,New Zeland,M,SE,
FUNECOL,2011,25,1,associate editor,Raoul van Damme,Antwerp,Belgium,M,SE,
FUNECOL,2011,25,1,associate editor,Peter C Wainwright,California,USA,M,SE,
FUNECOL,2011,25,1,associate editor,Jeffrey A Walker,Maine,USA,M,SE,
FUNECOL,2011,25,1,associate editor,David Whitehead,Landcare Research,New Zeland,M,SE,
FUNECOL,2011,25,1,associate editor,Tony D Williams,Simon Fraser University,Canada,M,SE,
FUNECOL,2011,25,1,associate editor,Scott D Wilson,Regina,Canada,M,SE,
FUNECOL,2012,26,1,editor,Duncan J Irschick,Massachusetts,USA,M,EIC,
FUNECOL,2012,26,1,editor,Charles Fox,Kentucky,USA,M,EIC,
FUNECOL,2012,26,1,editor,Ken Thompson,Sheffield,England,M,EIC,
FUNECOL,2012,26,1,editor,Alan Knapp,Colorado State,USA,M,EIC,
FUNECOL,2012,26,1,associate editor,Tia-Lynn Ashman,Pittsburgh,USA,F,SE,
FUNECOL,2012,26,1,associate editor,Edith B Allen,Riverside,USA,F,SE,
FUNECOL,2012,26,1,associate editor,Niels P R Anten,Utrecht,Netherlands,M,SE,
FUNECOL,2012,26,1,associate editor,Jennifer Baltzer,Sackville,Canada,F,SE,
FUNECOL,2012,26,1,associate editor,Wolf U Blanckenhorn,Zurich,Switzerland,M,SE,
FUNECOL,2012,26,1,associate editor,Jon Blount,Exeter,England,M,SE,
FUNECOL,2012,26,1,associate editor,María J I Briones,Vigo,Spain,F,SE,
FUNECOL,2012,26,1,associate editor,Alison K Brody,Vermont,USA,F,SE,
FUNECOL,2012,26,1,associate editor,Diane R Campbell,California,USA,F,SE,
FUNECOL,2012,26,1,associate editor,Scott P Carroll,California,USA,M,SE,
FUNECOL,2012,26,1,associate editor,Daniel P Costa,Santa Cruz,USA,M,SE,
FUNECOL,2012,26,1,associate editor,James W Dalling,Illinois,USA,M,SE,
FUNECOL,2012,26,1,associate editor,Goggy Davidowitz,Arizona,USA,M,SE,
FUNECOL,2012,26,1,associate editor,Craig Franklin,Queensland,Australia,M,SE,
FUNECOL,2012,26,1,associate editor,Jennifer Grindstaff,Oklahoma State,USA,F,SE,
FUNECOL,2012,26,1,associate editor,J Daniel Hare,Riverside,USA,M,SE,
FUNECOL,2012,26,1,associate editor,James D Harwood,Kentucky,USA,M,SE,
FUNECOL,2012,26,1,associate editor,Dana M Hawley,Virginia Tech,USA,F,SE,
FUNECOL,2012,26,1,associate editor,Anthony Herrel,CNRS,France,M,SE,
FUNECOL,2012,26,1,associate editor,Timothy E Higham,Riverside,USA,M,SE,
FUNECOL,2012,26,1,associate editor,Peeter Horak,Tartu,Estonia,M,SE,
FUNECOL,2012,26,1,associate editor,Sue Jackson,Stellenbosch,South Africa,F,SE,
FUNECOL,2012,26,1,associate editor,Marc T Johnson,Toronto,Canada,M,SE,
FUNECOL,2012,26,1,associate editor,T Hefin Jones,Cardiff,Wales,M,SE,
FUNECOL,2012,26,1,associate editor,Adam D Kay,Minnesota,USA,M,SE,
FUNECOL,2012,26,1,associate editor,Kaoru Kitajima,Florida,USA,F,SE,
FUNECOL,2012,26,1,associate editor,Marek Konarzewski,Bialystok,Poland,M,SE,
FUNECOL,2012,26,1,associate editor,Gaku Kudo,Hokkaido,Japan,M,SE,
FUNECOL,2012,26,1,associate editor,Sara M Lewis,Tufts,USA,F,SE,
FUNECOL,2012,26,1,associate editor,Lynn B Martin,South Florida,USA,F,SE,
FUNECOL,2012,26,1,associate editor,Peter Mayhew,York,England,M,SE,
FUNECOL,2012,26,1,associate editor,Kevin J McGraw,Arizona,USA,M,SE,
FUNECOL,2012,26,1,associate editor,Clare McArthur,Sydney,Australia,F,SE,
FUNECOL,2012,26,1,associate editor,Juan Moreno,Madrid,Spain,M,SE,
FUNECOL,2012,26,1,associate editor,Nick J Ostle,Lancaster,England,M,SE,
FUNECOL,2012,26,1,associate editor,Sheila Patek,Amherst,USA,M,SE,
FUNECOL,2012,26,1,associate editor,Michael Pfrender,Notre Dame,USA,M,SE,
FUNECOL,2012,26,1,associate editor,Theunis Piersma,NIOZ & Groningen,Netherlands,M,SE,
FUNECOL,2012,26,1,associate editor,Lourens Poorter,Wageningen,Netherlands,M,SE,
FUNECOL,2012,26,1,associate editor,David Raubenheimer,Auckland,New Zeland,M,SE,
FUNECOL,2012,26,1,associate editor,David N Reznick,Riverside,USA,M,SE,
FUNECOL,2012,26,1,associate editor,Lawren Sack,Hawaii,USA,M,SE,
FUNECOL,2012,26,1,associate editor,Keith W Sockman,North Carolina,USA,M,SE,
FUNECOL,2012,26,1,associate editor,Carly J Stevens,Lancaster,England,F,SE,
FUNECOL,2012,26,1,associate editor,Mark Tjoelker,Texas A&M,USA,M,SE,
FUNECOL,2012,26,1,associate editor,Kathleen K Treseder,California,USA,F,SE,
FUNECOL,2012,26,1,associate editor,Matthew Turnbull,Christchurch,New Zeland,M,SE,
FUNECOL,2012,26,1,associate editor,Raoul van Damme,Antwerp,Belgium,M,SE,
FUNECOL,2012,26,1,associate editor,Jennifer Watling,Adelaide,Australia,F,SE,
FUNECOL,2012,26,1,associate editor,David Whitehead,Landcare Research,New Zeland,M,SE,
FUNECOL,2012,26,1,associate editor,Tony D Williams,Simon Fraser University,Canada,M,SE,
FUNECOL,2012,26,1,associate editor,Robbie Wilson,Queensland,Australia,M,SE,
FUNECOL,2012,26,1,associate editor,Scott D Wilson,Regina,Canada,M,SE,
FUNECOL,2012,26,1,associate editor,Art Woods,Montana,USA,M,SE,
FUNECOL,2013,27,1,editor,Duncan J Irschick,Massachusetts,USA,M,EIC,
FUNECOL,2013,27,1,editor,Charles Fox,Kentucky,USA,M,EIC,
FUNECOL,2013,27,1,editor,Ken Thompson,Sheffield,England,M,EIC,
FUNECOL,2013,27,1,editor,Alan Knapp,Colorado State,USA,M,EIC,
FUNECOL,2013,27,1,associate editor,Edith B Allen,Riverside,USA,F,SE,
FUNECOL,2013,27,1,associate editor,Niels P R Anten,Utrecht,Netherlands,M,SE,
FUNECOL,2013,27,1,associate editor,Manfred Ayasse,Ulm,Germany,M,SE,
FUNECOL,2013,27,1,associate editor,Jennifer Baltzer,Sackville,Canada,F,SE,
FUNECOL,2013,27,1,associate editor,Wolf U Blanckenhorn,Zurich,Switzerland,M,SE,
FUNECOL,2013,27,1,associate editor,Jon Blount,Exeter,England,M,SE,
FUNECOL,2013,27,1,associate editor,María J I Briones,Vigo,Spain,F,SE,
FUNECOL,2013,27,1,associate editor,Alison K Brody,Vermont,USA,F,SE,
FUNECOL,2013,27,1,associate editor,Diane R Campbell,California,USA,F,SE,
FUNECOL,2013,27,1,associate editor,Scott P Carroll,California,USA,M,SE,
FUNECOL,2013,27,1,associate editor,Daniel P Costa,Santa Cruz,USA,M,SE,
FUNECOL,2013,27,1,associate editor,James W Dalling,Illinois,USA,M,SE,
FUNECOL,2013,27,1,associate editor,Goggy Davidowitz,Arizona,USA,M,SE,
FUNECOL,2013,27,1,associate editor,Craig Franklin,Queensland,Australia,M,SE,
FUNECOL,2013,27,1,associate editor,David Gremillet,Montpellier,France,M,SE,
FUNECOL,2013,27,1,associate editor,Jennifer Grindstaff,Oklahoma State,USA,F,SE,
FUNECOL,2013,27,1,associate editor,J Daniel Hare,Riverside,USA,M,SE,
FUNECOL,2013,27,1,associate editor,James D Harwood,Kentucky,USA,M,SE,
FUNECOL,2013,27,1,associate editor,Dana M Hawley,Virginia Tech,USA,F,SE,
FUNECOL,2013,27,1,associate editor,Anthony Herrel,CNRS,France,M,SE,
FUNECOL,2013,27,1,associate editor,Timothy E Higham,Riverside,USA,M,SE,
FUNECOL,2013,27,1,associate editor,Peeter Horak,Tartu,Estonia,M,SE,
FUNECOL,2013,27,1,associate editor,Marc T Johnson,Toronto,Canada,M,SE,
FUNECOL,2013,27,1,associate editor,T Hefin Jones,Cardiff,Wales,M,SE,
FUNECOL,2013,27,1,associate editor,Adam D Kay,Minnesota,USA,M,SE,
FUNECOL,2013,27,1,associate editor,Kaoru Kitajima,Florida,USA,F,SE,
FUNECOL,2013,27,1,associate editor,Marek Konarzewski,Bialystok,Poland,M,SE,
FUNECOL,2013,27,1,associate editor,Gaku Kudo,Hokkaido,Japan,M,SE,
FUNECOL,2013,27,1,associate editor,Kwang Pum Lee,Seoul,Republic of Korea,M,SE,
FUNECOL,2013,27,1,associate editor,Sara M Lewis,Tufts,USA,F,SE,
FUNECOL,2013,27,1,associate editor,Lynn B Martin,South Florida,USA,F,SE,
FUNECOL,2013,27,1,associate editor,Dustin Marshall,Monash,Australia,M,SE,
FUNECOL,2013,27,1,associate editor,Peter Mayhew,York,England,M,SE,
FUNECOL,2013,27,1,associate editor,Kevin J McGraw,Arizona,USA,M,SE,
FUNECOL,2013,27,1,associate editor,Clare McArthur,Sydney,Australia,F,SE,
FUNECOL,2013,27,1,associate editor,Nick J Ostle,Lancaster,England,M,SE,
FUNECOL,2013,27,1,associate editor,Sheila Patek,Amherst,USA,M,SE,
FUNECOL,2013,27,1,associate editor,Michael Pfrender,Notre Dame,USA,M,SE,
FUNECOL,2013,27,1,associate editor,Theunis Piersma,NIOZ & Groningen,Netherlands,M,SE,
FUNECOL,2013,27,1,associate editor,Lourens Poorter,Wageningen,Netherlands,M,SE,
FUNECOL,2013,27,1,associate editor,David Raubenheimer,Auckland,New Zeland,M,SE,
FUNECOL,2013,27,1,associate editor,David N Reznick,Riverside,USA,M,SE,
FUNECOL,2013,27,1,associate editor,Lawren Sack,Hawaii,USA,M,SE,
FUNECOL,2013,27,1,associate editor,Jen A Schweitzer,Tennessee,USA,F,SE,
FUNECOL,2013,27,1,associate editor,Keith W Sockman,North Carolina,USA,M,SE,
FUNECOL,2013,27,1,associate editor,Carly J Stevens,Lancaster,England,F,SE,
FUNECOL,2013,27,1,associate editor,Mark Tjoelker,Texas A&M,USA,M,SE,
FUNECOL,2013,27,1,associate editor,Kathleen K Treseder,California,USA,F,SE,
FUNECOL,2013,27,1,associate editor,Barbara Tschirren,Zurich,Switzerland,F,SE,
FUNECOL,2013,27,1,associate editor,Matthew Turnbull,Christchurch,New Zeland,M,SE,
FUNECOL,2013,27,1,associate editor,Raoul van Damme,Antwerp,Belgium,M,SE,
FUNECOL,2013,27,1,associate editor,Jennifer Watling,Adelaide,Australia,F,SE,
FUNECOL,2013,27,1,associate editor,David Whitehead,Landcare Research,New Zeland,M,SE,
FUNECOL,2013,27,1,associate editor,Tony D Williams,Simon Fraser University,Canada,M,SE,
FUNECOL,2013,27,1,associate editor,Robbie Wilson,Queensland,Australia,M,SE,
FUNECOL,2013,27,1,associate editor,Scott D Wilson,Regina,Canada,M,SE,
FUNECOL,2013,27,1,associate editor,Art Woods,Montana,USA,M,SE,
FUNECOL,2014,28,1,editor,Charles Fox,Kentucky,USA,M,EIC,
FUNECOL,2014,28,1,editor,Duncan J Irschick,Massachusetts,USA,M,EIC,
FUNECOL,2014,28,1,editor,Ken Thompson,Sheffield,England,M,EIC,
FUNECOL,2014,28,1,editor,Alan Knapp,Colorado State,USA,M,EIC,
FUNECOL,2014,28,1,associate editor,Edith B Allen,Riverside,USA,F,SE,
FUNECOL,2014,28,1,associate editor,Niels P R Anten,Utrecht,Netherlands,M,SE,
FUNECOL,2014,28,1,associate editor,Manfred Ayasse,Ulm,Germany,M,SE,
FUNECOL,2014,28,1,associate editor,Jennifer Baltzer,Sackville,Canada,F,SE,
FUNECOL,2014,28,1,associate editor,Wolf U Blanckenhorn,Zurich,Switzerland,M,SE,
FUNECOL,2014,28,1,associate editor,Jon Blount,Exeter,England,M,SE,
FUNECOL,2014,28,1,associate editor,María J I Briones,Vigo,Spain,F,SE,
FUNECOL,2014,28,1,associate editor,Alison K Brody,Vermont,USA,F,SE,
FUNECOL,2014,28,1,associate editor,Diane R Campbell,California,USA,F,SE,
FUNECOL,2014,28,1,associate editor,Scott P Carroll,California,USA,M,SE,
FUNECOL,2014,28,1,associate editor,Daniel P Costa,Santa Cruz,USA,M,SE,
FUNECOL,2014,28,1,associate editor,Goggy Davidowitz,Arizona,USA,M,SE,
FUNECOL,2014,28,1,associate editor,Maud C O Ferrari,Saskatchewan,Canada,F,SE,
FUNECOL,2014,28,1,associate editor,Katie Field,Sheffield,England,F,SE,
FUNECOL,2014,28,1,associate editor,Craig Franklin,Queensland,Australia,M,SE,
FUNECOL,2014,28,1,associate editor,David Gremillet,Montpellier,France,M,SE,
FUNECOL,2014,28,1,associate editor,Jennifer Grindstaff,Oklahoma State,USA,F,SE,
FUNECOL,2014,28,1,associate editor,J Daniel Hare,Riverside,USA,M,SE,
FUNECOL,2014,28,1,associate editor,James D Harwood,Kentucky,USA,M,SE,
FUNECOL,2014,28,1,associate editor,Dana M Hawley,Virginia Tech,USA,F,SE,
FUNECOL,2014,28,1,associate editor,Anthony Herrel,CNRS,France,M,SE,
FUNECOL,2014,28,1,associate editor,Timothy E Higham,Riverside,USA,M,SE,
FUNECOL,2014,28,1,associate editor,William A Hopkins,Virginia Tech,USA,M,SE,
FUNECOL,2014,28,1,associate editor,Peeter Horak,Tartu,Estonia,M,SE,
FUNECOL,2014,28,1,associate editor,Marc T Johnson,Toronto,Canada,M,SE,
FUNECOL,2014,28,1,associate editor,T Hefin Jones,Cardiff,Wales,M,SE,
FUNECOL,2014,28,1,associate editor,Adam D Kay,Minnesota,USA,M,SE,
FUNECOL,2014,28,1,associate editor,Kaoru Kitajima,Florida,USA,F,SE,
FUNECOL,2014,28,1,associate editor,Marek Konarzewski,Bialystok,Poland,M,SE,
FUNECOL,2014,28,1,associate editor,Julia Koricheva,Royal Holloway,England,F,SE,
FUNECOL,2014,28,1,associate editor,Gaku Kudo,Hokkaido,Japan,M,SE,
FUNECOL,2014,28,1,associate editor,Kwang Pum Lee,Seoul,Republic of Korea,M,SE,
FUNECOL,2014,28,1,associate editor,Sara M Lewis,Tufts,USA,F,SE,
FUNECOL,2014,28,1,associate editor,Lynn B Martin,South Florida,USA,F,SE,
FUNECOL,2014,28,1,associate editor,Dustin Marshall,Monash,Australia,M,SE,
FUNECOL,2014,28,1,associate editor,Peter Mayhew,York,England,M,SE,
FUNECOL,2014,28,1,associate editor,Kevin J McGraw,Arizona,USA,M,SE,
FUNECOL,2014,28,1,associate editor,Clare McArthur,Sydney,Australia,F,SE,
FUNECOL,2014,28,1,associate editor,Ignacio Moore,Virginia Tech,USA,M,SE,
FUNECOL,2014,28,1,associate editor,Shuli Niu,Beijing,China,F,SE,
FUNECOL,2014,28,1,associate editor,Sheila Patek,Amherst,USA,M,SE,
FUNECOL,2014,28,1,associate editor,Michael Pfrender,Notre Dame,USA,M,SE,
FUNECOL,2014,28,1,associate editor,Theunis Piersma,NIOZ & Groningen,Netherlands,M,SE,
FUNECOL,2014,28,1,associate editor,Lourens Poorter,Wageningen,Netherlands,M,SE,
FUNECOL,2014,28,1,associate editor,David Raubenheimer,Auckland,New Zeland,M,SE,
FUNECOL,2014,28,1,associate editor,David N Reznick,Riverside,USA,M,SE,
FUNECOL,2014,28,1,associate editor,Jen A Schweitzer,Tennessee,USA,F,SE,
FUNECOL,2014,28,1,associate editor,Keith W Sockman,North Carolina,USA,M,SE,
FUNECOL,2014,28,1,associate editor,Carly J Stevens,Lancaster,England,F,SE,
FUNECOL,2014,28,1,associate editor,Mark Tjoelker,Texas A&M,USA,M,SE,
FUNECOL,2014,28,1,associate editor,Kathleen K Treseder,California,USA,F,SE,
FUNECOL,2014,28,1,associate editor,Barbara Tschirren,Zurich,Switzerland,F,SE,
FUNECOL,2014,28,1,associate editor,Matthew Turnbull,Christchurch,New Zeland,M,SE,
FUNECOL,2014,28,1,associate editor,Raoul van Damme,Antwerp,Belgium,M,SE,
FUNECOL,2014,28,1,associate editor,Jennifer Watling,Adelaide,Australia,F,SE,
FUNECOL,2014,28,1,associate editor,David Whitehead,Landcare Research,New Zeland,M,SE,
FUNECOL,2014,28,1,associate editor,Tony D Williams,Simon Fraser University,Canada,M,SE,
FUNECOL,2014,28,1,associate editor,Robbie Wilson,Queensland,Australia,M,SE,
FUNECOL,2014,28,1,associate editor,Art Woods,Montana,USA,M,SE,
FUNECOL,2015,29,1,editor,Charles Fox,Kentucky,USA,M,EIC,
FUNECOL,2015,29,1,editor,Duncan J Irschick,Massachusetts,USA,M,EIC,
FUNECOL,2015,29,1,editor,Ken Thompson,Sheffield,England,M,EIC,
FUNECOL,2015,29,1,editor,Alan Knapp,Colorado State,USA,M,EIC,
FUNECOL,2015,29,1,associate editor,Edith B Allen,Riverside,USA,F,SE,
FUNECOL,2015,29,1,associate editor,Niels P R Anten,Utrecht,Netherlands,M,SE,
FUNECOL,2015,29,1,associate editor,Manfred Ayasse,Ulm,Germany,M,SE,
FUNECOL,2015,29,1,associate editor,Jennifer Baltzer,Sackville,Canada,F,SE,
FUNECOL,2015,29,1,associate editor,James Bell,Rothamsted Research,England,M,SE,
FUNECOL,2015,29,1,associate editor,Alison Bennett,Dundee,Scotland,F,SE,
FUNECOL,2015,29,1,associate editor,Arjen Biere,Wageningen,Netherlands,M,SE,
FUNECOL,2015,29,1,associate editor,Wolf U Blanckenhorn,Zurich,Switzerland,M,SE,
FUNECOL,2015,29,1,associate editor,Jon Blount,Exeter,England,M,SE,
FUNECOL,2015,29,1,associate editor,María J I Briones,Vigo,Spain,F,SE,
FUNECOL,2015,29,1,associate editor,Alison K Brody,Vermont,USA,F,SE,
FUNECOL,2015,29,1,associate editor,Diane R Campbell,California,USA,F,SE,
FUNECOL,2015,29,1,associate editor,Scott P Carroll,California,USA,M,SE,
FUNECOL,2015,29,1,associate editor,Daniel P Costa,Santa Cruz,USA,M,SE,
FUNECOL,2015,29,1,associate editor,Goggy Davidowitz,Arizona,USA,M,SE,
FUNECOL,2015,29,1,associate editor,Maud C O Ferrari,Saskatchewan,Canada,F,SE,
FUNECOL,2015,29,1,associate editor,Katie Field,Sheffield,England,F,SE,
FUNECOL,2015,29,1,associate editor,Craig Franklin,Queensland,Australia,M,SE,
FUNECOL,2015,29,1,associate editor,David Gremillet,Montpellier,France,M,SE,
FUNECOL,2015,29,1,associate editor,Jennifer Grindstaff,Oklahoma State,USA,F,SE,
FUNECOL,2015,29,1,associate editor,James D Harwood,Kentucky,USA,M,SE,
FUNECOL,2015,29,1,associate editor,Dana M Hawley,Virginia Tech,USA,F,SE,
FUNECOL,2015,29,1,associate editor,Anthony Herrel,CNRS,France,M,SE,
FUNECOL,2015,29,1,associate editor,Timothy E Higham,Riverside,USA,M,SE,
FUNECOL,2015,29,1,associate editor,William A Hopkins,Virginia Tech,USA,M,SE,
FUNECOL,2015,29,1,associate editor,Peeter Horak,Tartu,Estonia,M,SE,
FUNECOL,2015,29,1,associate editor,T Hefin Jones,Cardiff,Wales,M,SE,
FUNECOL,2015,29,1,associate editor,Adam D Kay,Minnesota,USA,M,SE,
FUNECOL,2015,29,1,associate editor,Kaoru Kitajima,Florida,USA,F,SE,
FUNECOL,2015,29,1,associate editor,Marek Konarzewski,Bialystok,Poland,M,SE,
FUNECOL,2015,29,1,associate editor,Julia Koricheva,Royal Holloway,England,F,SE,
FUNECOL,2015,29,1,associate editor,Gaku Kudo,Hokkaido,Japan,M,SE,
FUNECOL,2015,29,1,associate editor,Markku Larjavaara,Helsinki,Finland,M,SE,
FUNECOL,2015,29,1,associate editor,Kwang Pum Lee,Seoul,Republic of Korea,M,SE,
FUNECOL,2015,29,1,associate editor,Shawn Leroux,Newfoundland,Canada,M,SE,
FUNECOL,2015,29,1,associate editor,Sara M Lewis,Tufts,USA,F,SE,
FUNECOL,2015,29,1,associate editor,David Lusseau,Aberdeen,Scotland,M,SE,
FUNECOL,2015,29,1,associate editor,Jessamyn S Manson,Alberta,Canada,F,SE,
FUNECOL,2015,29,1,associate editor,Lynn B Martin,South Florida,USA,F,SE,
FUNECOL,2015,29,1,associate editor,Dustin Marshall,Monash,Australia,M,SE,
FUNECOL,2015,29,1,associate editor,Peter Mayhew,York,England,M,SE,
FUNECOL,2015,29,1,associate editor,Kevin J McGraw,Arizona,USA,M,SE,
FUNECOL,2015,29,1,associate editor,Clare McArthur,Sydney,Australia,F,SE,
FUNECOL,2015,29,1,associate editor,Ignacio Moore,Virginia Tech,USA,M,SE,
FUNECOL,2015,29,1,associate editor,Shuli Niu,Beijing,China,F,SE,
FUNECOL,2015,29,1,associate editor,Natalia Norden,Bogota,Colombia,F,SE,
FUNECOL,2015,29,1,associate editor,Sheila Patek,Amherst,USA,M,SE,
FUNECOL,2015,29,1,associate editor,Michael Pfrender,Notre Dame,USA,M,SE,
FUNECOL,2015,29,1,associate editor,Theunis Piersma,NIOZ & Groningen,Netherlands,M,SE,
FUNECOL,2015,29,1,associate editor,Lourens Poorter,Wageningen,Netherlands,M,SE,
FUNECOL,2015,29,1,associate editor,Segio Rasmann,Neuchatel,Switzerland,M,SE,
FUNECOL,2015,29,1,associate editor,David Raubenheimer,Auckland,New Zeland,M,SE,
FUNECOL,2015,29,1,associate editor,David N Reznick,Riverside,USA,M,SE,
FUNECOL,2015,29,1,associate editor,Sabrina E Russo,Nebraska,USA,F,SE,
FUNECOL,2015,29,1,associate editor,Emma J Sayer,Lancaster,England,F,SE,
FUNECOL,2015,29,1,associate editor,Jen A Schweitzer,Tennessee,USA,F,SE,
FUNECOL,2015,29,1,associate editor,Keith W Sockman,North Carolina,USA,M,SE,
FUNECOL,2015,29,1,associate editor,Carly J Stevens,Lancaster,England,F,SE,
FUNECOL,2015,29,1,associate editor,Mark Tjoelker,Texas A&M,USA,M,SE,
FUNECOL,2015,29,1,associate editor,Kathleen K Treseder,California,USA,F,SE,
FUNECOL,2015,29,1,associate editor,Barbara Tschirren,Zurich,Switzerland,F,SE,
FUNECOL,2015,29,1,associate editor,Matthew Turnbull,Christchurch,New Zeland,M,SE,
FUNECOL,2015,29,1,associate editor,Raoul van Damme,Antwerp,Belgium,M,SE,
FUNECOL,2015,29,1,associate editor,Jennifer Watling,Adelaide,Australia,F,SE,
FUNECOL,2015,29,1,associate editor,David Whitehead,Landcare Research,New Zeland,M,SE,
FUNECOL,2015,29,1,associate editor,Caroline Williams,California,USA,F,SE,
FUNECOL,2015,29,1,associate editor,Tony D Williams,Simon Fraser University,Canada,M,SE,
FUNECOL,2015,29,1,associate editor,Robbie Wilson,Queensland,Australia,M,SE,
FUNECOL,2015,29,1,associate editor,Art Woods,Montana,USA,M,SE,